#
# A fatal error has been detected by the Java Runtime Environment:
#
#  SIGSEGV (0xb) at pc=0x0000000103ef092c, pid=1344, tid=26115
#
# JRE version: OpenJDK Runtime Environment Microsoft-11369864 (17.0.15+6) (build 17.0.15+6-LTS)
# Java VM: OpenJDK 64-Bit Server VM Microsoft-11369864 (17.0.15+6-LTS, mixed mode, sharing, tiered, compressed oops, compressed class ptrs, g1 gc, bsd-aarch64)
# Problematic frame:
# V  [libjvm.dylib+0x29892c]  Compile::start() const+0xc
#
# No core dump will be written. Core dumps have been disabled. To enable core dumping, try "ulimit -c unlimited" before starting Java again
#
# If you would like to submit a bug report, please visit:
#   https://github.com/microsoft/openjdk/issues
#

---------------  S U M M A R Y ------------

Command Line: --add-opens=java.base/java.lang=ALL-UNNAMED --add-opens=java.base/java.lang.invoke=ALL-UNNAMED --add-opens=java.base/java.util=ALL-UNNAMED --add-opens=java.prefs/java.util.prefs=ALL-UNNAMED --add-exports=jdk.compiler/com.sun.tools.javac.api=ALL-UNNAMED --add-exports=jdk.compiler/com.sun.tools.javac.util=ALL-UNNAMED --add-opens=java.base/java.util=ALL-UNNAMED --add-opens=java.prefs/java.util.prefs=ALL-UNNAMED --add-opens=java.base/java.nio.charset=ALL-UNNAMED --add-opens=java.base/java.net=ALL-UNNAMED --add-opens=java.base/java.util.concurrent.atomic=ALL-UNNAMED --add-opens=java.xml/javax.xml.namespace=ALL-UNNAMED --add-opens=jdk.compiler/com.sun.tools.javac.main=ALL-UNNAMED -Xmx2048m -Dfile.encoding=UTF-8 -Duser.country=GB -Duser.language=en -Duser.variant -javaagent:/Users/mathewmalyil/.gradle/wrapper/dists/gradle-8.13-bin/5xuhj0ry160q40clulazy9h7d/gradle-8.13/lib/agents/gradle-instrumentation-agent-8.13.jar org.gradle.launcher.daemon.bootstrap.GradleDaemon 8.13

Host: "Mac14,2" arm64, 8 cores, 8G, Darwin 24.6.0, macOS 15.6 (24G84)
Time: Wed Aug  6 11:12:39 2025 IST elapsed time: 431.571370 seconds (0d 0h 7m 11s)

---------------  T H R E A D  ---------------

Current thread (0x0000000150815600):  JavaThread "C2 CompilerThread0" daemon [_thread_in_native, id=26115, stack(0x000000016ee98000,0x000000016f09b000)]


Current CompileTask:
C2: 431571 91242       4       org.jetbrains.org.objectweb.asm.ClassReader::readElementValue (1237 bytes)

Stack: [0x000000016ee98000,0x000000016f09b000],  sp=0x000000016f097740,  free space=2045k
Native frames: (J=compiled Java code, j=interpreted, Vv=VM code, C=native code)
V  [libjvm.dylib+0x29892c]  Compile::start() const+0xc
V  [libjvm.dylib+0x6f808c]  PhaseMacroExpand::value_from_mem(Node*, Node*, BasicType, Type const*, TypeOopPtr const*, AllocateNode*)+0x64
V  [libjvm.dylib+0x6f990c]  PhaseMacroExpand::create_scalarized_object_description(AllocateNode*, SafePointNode*)+0x450
V  [libjvm.dylib+0x3545c4]  ConnectionGraph::reduce_phi_on_safepoints(PhiNode*, Unique_Node_List*)+0x434
V  [libjvm.dylib+0x353008]  ConnectionGraph::reduce_phi(PhiNode*)+0x17c
V  [libjvm.dylib+0x34f89c]  ConnectionGraph::compute_escape()+0xd10
V  [libjvm.dylib+0x34eae4]  ConnectionGraph::do_analysis(Compile*, PhaseIterGVN*)+0xd0
V  [libjvm.dylib+0x299554]  Compile::Optimize()+0x9c0
V  [libjvm.dylib+0x297d50]  Compile::Compile(ciEnv*, ciMethod*, int, bool, bool, bool, bool, bool, bool, bool, DirectiveSet*)+0xb30
V  [libjvm.dylib+0x29a71c]  Compile::Compile(ciEnv*, ciMethod*, int, bool, bool, bool, bool, bool, bool, bool, DirectiveSet*)+0x30
V  [libjvm.dylib+0x205194]  C2Compiler::compile_method(ciEnv*, ciMethod*, int, bool, DirectiveSet*)+0x12c
V  [libjvm.dylib+0x2a9850]  CompileBroker::invoke_compiler_on_method(CompileTask*)+0x548
V  [libjvm.dylib+0x2a915c]  CompileBroker::compiler_thread_loop()+0x3f0
V  [libjvm.dylib+0x9bdf14]  JavaThread::thread_main_inner()+0x15c
V  [libjvm.dylib+0x9bc574]  Thread::call_run()+0xcc
V  [libjvm.dylib+0x7d9064]  thread_native_entry(Thread*)+0x158
C  [libsystem_pthread.dylib+0x6c0c]  _pthread_start+0x88


siginfo: si_signo: 11 (SIGSEGV), si_code: 2 (SEGV_ACCERR), si_addr: 0x0000000000000020

Registers:
 x0=0x000000016f09a078  x1=0x0000000340bcae58  x2=0x0000000000000000  x3=0x0000000000000000
 x4=0x000000013f831b08  x5=0x0000000340bcae58  x6=0x000000033f418c50  x7=0x0000000000000adb
 x8=0x0000000000000000  x9=0x000000014fa0a3f0 x10=0x0000000340bcc528 x11=0x0000000340bcc528
x12=0x0000000000000001 x13=0x0000000000000000 x14=0x000000034092ab20 x15=0x000000034087ebe0
x16=0x0000000000000040 x17=0x00006000014a4700 x18=0x0000000000000000 x19=0x000000016f0978f0
x20=0x000000033f418c50 x21=0x0000000340bcae58 x22=0x000000033f418c50 x23=0x000000000000000a
x24=0x000000000000000c x25=0x0000000340c27078 x26=0x0000000000000039 x27=0x000000013f831b08
x28=0x000000000000000c  fp=0x000000016f097740  lr=0x000000010435008c  sp=0x000000016f097740
pc=0x0000000103ef092c cpsr=0x0000000060001000

Register to memory mapping:

 x0=0x000000016f09a078 is pointing into the stack for thread: 0x0000000150815600
 x1=0x0000000340bcae58 points into unknown readable memory: 0x000000010488b4c0 | c0 b4 88 04 01 00 00 00
 x2=0x0 is NULL
 x3=0x0 is NULL
 x4=0x000000013f831b08 points into unknown readable memory: 0x000000010488b1e8 | e8 b1 88 04 01 00 00 00
 x5=0x0000000340bcae58 points into unknown readable memory: 0x000000010488b4c0 | c0 b4 88 04 01 00 00 00
 x6=0x000000033f418c50 points into unknown readable memory: 0x000000010484edf0 | f0 ed 84 04 01 00 00 00
 x7=0x0000000000000adb is an unknown value
 x8=0x0 is NULL
 x9=0x000000014fa0a3f0 points into unknown readable memory: 0x000000013c1b1410 | 10 14 1b 3c 01 00 00 00
x10=0x0000000340bcc528 points into unknown readable memory: 0x000000013f811b00 | 00 1b 81 3f 01 00 00 00
x11=0x0000000340bcc528 points into unknown readable memory: 0x000000013f811b00 | 00 1b 81 3f 01 00 00 00
x12=0x0000000000000001 is an unknown value
x13=0x0 is NULL
x14=0x000000034092ab20 points into unknown readable memory: 0x000000010487eea8 | a8 ee 87 04 01 00 00 00
x15=0x000000034087ebe0 points into unknown readable memory: 0x0000000104850128 | 28 01 85 04 01 00 00 00
x16=0x0000000000000040 is an unknown value
x17=0x00006000014a4700 points into unknown readable memory: 0xfffffffffffffffe | fe ff ff ff ff ff ff ff
x18=0x0 is NULL
x19=0x000000016f0978f0 is pointing into the stack for thread: 0x0000000150815600
x20=0x000000033f418c50 points into unknown readable memory: 0x000000010484edf0 | f0 ed 84 04 01 00 00 00
x21=0x0000000340bcae58 points into unknown readable memory: 0x000000010488b4c0 | c0 b4 88 04 01 00 00 00
x22=0x000000033f418c50 points into unknown readable memory: 0x000000010484edf0 | f0 ed 84 04 01 00 00 00
x23=0x000000000000000a is an unknown value
x24=0x000000000000000c is an unknown value
x25=0x0000000340c27078 points into unknown readable memory: 0x000000010487eea8 | a8 ee 87 04 01 00 00 00
x26=0x0000000000000039 is an unknown value
x27=0x000000013f831b08 points into unknown readable memory: 0x000000010488b1e8 | e8 b1 88 04 01 00 00 00
x28=0x000000000000000c is an unknown value


Top of Stack: (sp=0x000000016f097740)
0x000000016f097740:   000000016f097810 000000010435008c
0x000000016f097750:   0000000340c28340 0000000340bcae58
0x000000016f097760:   000000013f831b08 0000000340bcc4d8
0x000000016f097770:   000000016f097780 000000010462af18
0x000000016f097780:   000000016f0977e0 0000000103f90c08
0x000000016f097790:   000000000000000c 000000013f831b08
0x000000016f0977a0:   0000000340bcaaf8 000000000000000a
0x000000016f0977b0:   000000014c580200 000000016f0978f0
0x000000016f0977c0:   000000000000000c 000000013f831b08
0x000000016f0977d0:   0000000340bcaaf8 000000000000000a
0x000000016f0977e0:   000000014c580200 000000016f0978f0
0x000000016f0977f0:   000000033f418c50 0000000000000000
0x000000016f097800:   0000000000000000 0000000340c27260
0x000000016f097810:   000000016f0978b0 000000010435190c
0x000000016f097820:   0000000104860528 000000013b6c06c0
0x000000016f097830:   0000000340c27260 00000001912190f8
0x000000016f097840:   0000000340bcaaf8 000000014c580200
0x000000016f097850:   0000000000000004 0000000000000000
0x000000016f097860:   000000033f426460 0000000340c27260
0x000000016f097870:   000000013b6c0650 000000033f418c50
0x000000016f097880:   0000000000000000 0000000000000001
0x000000016f097890:   0000000000000006 000000016f09a078
0x000000016f0978a0:   00000003413e1550 000000033f3fed98
0x000000016f0978b0:   000000016f0979b0 0000000103fac5c4
0x000000016f0978c0:   000000013b6c0538 000000033f507b40
0x000000016f0978d0:   000000016f0979c8 00000001912190f8
0x000000016f0978e0:   000000013b6c0458 0000000000000000
0x000000016f0978f0:   000000000000000f 000000016f09a078
0x000000016f097900:   000000016f098930 00000001046289fc
0x000000016f097910:   0000000000000001 000000033f0cd810
0x000000016f097920:   0000000000000004 0000000000000020
0x000000016f097930:   00006000031a49c0 000000033f0cd7f0 

Instructions: (pc=0x0000000103ef092c)
0x0000000103ef082c:   b4 0a 00 f9 75 16 04 f9 fd 7b 42 a9 f4 4f 41 a9
0x0000000103ef083c:   f6 57 c3 a8 c0 03 5f d6 f4 4f be a9 fd 7b 01 a9
0x0000000103ef084c:   fd 43 00 91 f3 03 01 aa c8 4e 00 f0 08 8d 0c 91
0x0000000103ef085c:   03 01 40 39 04 00 80 52 0a e2 1c 94 1f 4c 04 a9
0x0000000103ef086c:   1f 40 01 39 1f 1c 00 f9 fd 7b 41 a9 f4 4f c2 a8
0x0000000103ef087c:   c0 03 5f d6 fd 7b bf a9 fd 03 00 91 fd 7b c1 a8
0x0000000103ef088c:   c0 03 5f d6 ff c3 00 d1 f4 4f 01 a9 fd 7b 02 a9
0x0000000103ef089c:   fd 83 00 91 f4 03 01 aa f3 03 00 aa 00 b8 40 f9
0x0000000103ef08ac:   02 00 80 52 b6 4f fe 97 60 c2 40 f9 a0 00 00 b4
0x0000000103ef08bc:   f4 03 00 f9 21 42 00 d0 21 68 26 91 11 43 1f 94
0x0000000103ef08cc:   68 c6 40 f9 48 00 00 b5 74 c6 00 f9 74 06 40 f9
0x0000000103ef08dc:   30 b1 fd 97 81 c6 40 f9 3f 00 00 eb 20 01 00 54
0x0000000103ef08ec:   80 00 00 b4 61 00 00 b4 3c 28 20 94 a0 00 00 34
0x0000000103ef08fc:   60 06 40 f9 21 05 80 52 23 00 80 52 0b 2e 00 94
0x0000000103ef090c:   7f 6a 01 f9 fd 7b 42 a9 f4 4f 41 a9 ff c3 00 91
0x0000000103ef091c:   c0 03 5f d6 fd 7b bf a9 fd 03 00 91 08 68 41 f9
0x0000000103ef092c:   09 21 40 b9 49 01 00 34 08 09 40 f9 09 0d 09 8b
0x0000000103ef093c:   00 85 40 f8 0a 2c 40 b9 4a 0d 00 12 5f 25 00 71
0x0000000103ef094c:   80 01 00 54 1f 01 09 eb 43 ff ff 54 21 42 00 d0
0x0000000103ef095c:   21 8c 1b 91 23 42 00 d0 63 18 1c 91 00 00 bc 52
0x0000000103ef096c:   02 8a 80 52 04 d8 00 94 90 00 15 94 00 00 80 d2
0x0000000103ef097c:   fd 7b c1 a8 c0 03 5f d6 ff c3 03 d1 fc 6f 09 a9
0x0000000103ef098c:   fa 67 0a a9 f8 5f 0b a9 f6 57 0c a9 f4 4f 0d a9
0x0000000103ef099c:   fd 7b 0e a9 fd 83 03 91 f4 03 01 aa f3 03 00 aa
0x0000000103ef09ac:   55 4e 00 f0 b5 e2 36 91 b9 02 40 f9 e0 03 15 aa
0x0000000103ef09bc:   20 03 3f d6 08 00 40 f9 16 1d 41 f9 d7 6a 41 a9
0x0000000103ef09cc:   db 62 42 a9 61 ca 43 f9 62 ce 43 f9 e0 03 00 91
0x0000000103ef09dc:   43 00 80 52 de e8 15 94 e8 02 40 f9 c8 00 00 b4
0x0000000103ef09ec:   e0 03 16 aa e1 03 18 aa 08 68 fa 97 e0 03 17 aa
0x0000000103ef09fc:   b1 67 fa 97 c8 0e 40 f9 1f 01 1a eb 60 00 00 54
0x0000000103ef0a0c:   d7 6a 01 a9 db 12 00 f9 e0 03 15 aa 20 03 3f d6
0x0000000103ef0a1c:   08 00 40 f9 15 1d 41 f9 b6 62 41 a9 b9 5e 42 a9 


Stack slot to memory mapping:
stack at sp + 0 slots: 0x000000016f097810 is pointing into the stack for thread: 0x0000000150815600
stack at sp + 1 slots: 0x000000010435008c: _ZN16PhaseMacroExpand14value_from_memEP4NodeS1_9BasicTypePK4TypePK10TypeOopPtrP12AllocateNode+0x64 in /Users/mathewmalyil/Library/Java/JavaVirtualMachines/ms-17.0.15/Contents/Home/lib/server/libjvm.dylib at 0x0000000103c58000
stack at sp + 2 slots: 0x0000000340c28340 points into unknown readable memory: 0x0000000104853d60 | 60 3d 85 04 01 00 00 00
stack at sp + 3 slots: 0x0000000340bcae58 points into unknown readable memory: 0x000000010488b4c0 | c0 b4 88 04 01 00 00 00
stack at sp + 4 slots: 0x000000013f831b08 points into unknown readable memory: 0x000000010488b1e8 | e8 b1 88 04 01 00 00 00
stack at sp + 5 slots: 0x0000000340bcc4d8 points into unknown readable memory: 0x000000010488b4c0 | c0 b4 88 04 01 00 00 00
stack at sp + 6 slots: 0x000000016f097780 is pointing into the stack for thread: 0x0000000150815600
stack at sp + 7 slots: 0x000000010462af18: _ZN4Type3cmpEPKS_S1_+0x24 in /Users/mathewmalyil/Library/Java/JavaVirtualMachines/ms-17.0.15/Contents/Home/lib/server/libjvm.dylib at 0x0000000103c58000


---------------  P R O C E S S  ---------------

Threads class SMR info:
_java_thread_list=0x00006000036fcb40, length=162, elements={
0x000000012f809400, 0x000000015080cc00, 0x000000013f808200, 0x0000000150817e00,
0x0000000150814a00, 0x0000000150815000, 0x0000000150815600, 0x0000000150815c00,
0x0000000150816200, 0x000000015081a600, 0x000000012f83ec00, 0x000000014fcdfa00,
0x0000000150a2fa00, 0x000000013f8ad400, 0x000000012e011e00, 0x000000013fc81200,
0x000000012fa52400, 0x000000012fb50e00, 0x000000012fc8ba00, 0x000000012fb51e00,
0x000000014fa13800, 0x0000000150e5c400, 0x000000012fc74e00, 0x000000012fc77600,
0x000000012fcea800, 0x000000013fda9400, 0x000000012fc76800, 0x000000014fe97400,
0x000000014feaac00, 0x000000014fea9600, 0x0000000150e5a200, 0x000000013ffaa200,
0x0000000150fbb600, 0x000000013c2b9400, 0x000000013c2ba200, 0x000000013fff9400,
0x000000012ffb3e00, 0x000000012ff1b400, 0x000000013c2be000, 0x0000000150fbd000,
0x000000013b9d1800, 0x000000013b9d1e00, 0x000000013b9d2400, 0x000000015085da00,
0x000000014ffff200, 0x000000013a808200, 0x000000013a808800, 0x0000000150fbee00,
0x0000000150849800, 0x000000014f8f4c00, 0x000000012f83d800, 0x000000013c2cae00,
0x000000013c10b200, 0x000000013b9cd800, 0x000000013b010200, 0x000000013a82ae00,
0x000000013b024000, 0x000000011f816600, 0x000000012ff71c00, 0x000000012ff67000,
0x000000014fe5a800, 0x000000014fe58a00, 0x000000013a82b400, 0x000000013fea6e00,
0x000000012e014000, 0x000000012e020600, 0x000000011f835c00, 0x000000013d17d800,
0x000000014febbe00, 0x000000014febe600, 0x000000012ff1ae00, 0x000000013d17f200,
0x000000013ffb4600, 0x000000012fedb200, 0x000000013fd82400, 0x000000012fba9000,
0x000000012fedc000, 0x000000013d177200, 0x000000013bd08e00, 0x000000013bd09400,
0x000000013bd09a00, 0x000000014fe5d600, 0x000000014fed6a00, 0x000000013fa00a00,
0x000000013bd54e00, 0x000000014fed5600, 0x000000013c855400, 0x000000013ca7a600,
0x000000013ca7ac00, 0x000000013bd54200, 0x000000013bd55400, 0x000000013d15bc00,
0x000000012ff97400, 0x000000013caa5800, 0x000000013ba28a00, 0x000000013ba29000,
0x000000013ba29c00, 0x000000013ba23600, 0x000000013c9bfa00, 0x000000013fe87000,
0x000000013fe7b600, 0x000000013fe7bc00, 0x000000013c9bdc00, 0x000000013bc6da00,
0x000000013ba27c00, 0x000000013a82a000, 0x000000012ff96000, 0x000000012ff9ac00,
0x000000012ff97a00, 0x000000013c987200, 0x000000013c9b8000, 0x000000014fbf1200,
0x000000014fc41e00, 0x000000014fc42400, 0x000000014fc42a00, 0x000000014fc3d400,
0x000000013c21a800, 0x000000013c219e00, 0x000000013b9c0200, 0x000000013ffb1800,
0x000000013fe31000, 0x000000013f8d8e00, 0x000000013b9e6c00, 0x000000013f8f6600,
0x000000013b062a00, 0x000000012e5bd200, 0x000000011fcf2c00, 0x000000012fec9600,
0x000000013b05d600, 0x000000013bb91400, 0x000000013b03a600, 0x000000013b025200,
0x000000013bba3e00, 0x000000013b906c00, 0x000000012fc8a400, 0x000000011fc50200,
0x000000013c797400, 0x000000013c685200, 0x000000011fca5000, 0x000000014fbd8c00,
0x00000003404b9600, 0x000000013fa99600, 0x0000000342864200, 0x0000000341008200,
0x0000000341008800, 0x00000003410a7000, 0x000000014c3b9800, 0x00000003410a6800,
0x000000034292e800, 0x000000014fc3ce00, 0x000000033cdef400, 0x000000033f751200,
0x000000011ff55c00, 0x000000013e0edc00, 0x000000013b25e000, 0x000000014ff05400,
0x000000013b0d0200, 0x000000013b3cfc00, 0x000000013c7f8e00, 0x000000034293ac00,
0x000000014c0fb400, 0x000000014c774200
}

Java Threads: ( => current thread )
  0x000000012f809400 JavaThread "main" [_thread_blocked, id=4611, stack(0x000000016d464000,0x000000016d667000)]
  0x000000015080cc00 JavaThread "Reference Handler" daemon [_thread_blocked, id=31491, stack(0x000000016e2b8000,0x000000016e4bb000)]
  0x000000013f808200 JavaThread "Finalizer" daemon [_thread_blocked, id=23299, stack(0x000000016e4c4000,0x000000016e6c7000)]
  0x0000000150817e00 JavaThread "Signal Dispatcher" daemon [_thread_blocked, id=25091, stack(0x000000016e874000,0x000000016ea77000)]
  0x0000000150814a00 JavaThread "Service Thread" daemon [_thread_blocked, id=25603, stack(0x000000016ea80000,0x000000016ec83000)]
  0x0000000150815000 JavaThread "Monitor Deflation Thread" daemon [_thread_blocked, id=29187, stack(0x000000016ec8c000,0x000000016ee8f000)]
=>0x0000000150815600 JavaThread "C2 CompilerThread0" daemon [_thread_in_native, id=26115, stack(0x000000016ee98000,0x000000016f09b000)]
  0x0000000150815c00 JavaThread "C1 CompilerThread0" daemon [_thread_blocked, id=28931, stack(0x000000016f0a4000,0x000000016f2a7000)]
  0x0000000150816200 JavaThread "Sweeper thread" daemon [_thread_blocked, id=26883, stack(0x000000016f2b0000,0x000000016f4b3000)]
  0x000000015081a600 JavaThread "Common-Cleaner" daemon [_thread_blocked, id=28419, stack(0x000000016f4bc000,0x000000016f6bf000)]
  0x000000012f83ec00 JavaThread "Notification Thread" daemon [_thread_blocked, id=27907, stack(0x000000016f6c8000,0x000000016f8cb000)]
  0x000000014fcdfa00 JavaThread "Daemon health stats" [_thread_blocked, id=42755, stack(0x0000000308004000,0x0000000308207000)]
  0x0000000150a2fa00 JavaThread "Incoming local TCP Connector on port 49279" [_thread_in_native, id=42243, stack(0x0000000308210000,0x0000000308413000)]
  0x000000013f8ad400 JavaThread "Daemon periodic checks" [_thread_blocked, id=33539, stack(0x000000030841c000,0x000000030861f000)]
  0x000000012e011e00 JavaThread "Daemon" [_thread_blocked, id=33795, stack(0x0000000308628000,0x000000030882b000)]
  0x000000013fc81200 JavaThread "Handler for socket connection from /127.0.0.1:49279 to /127.0.0.1:49280" [_thread_in_native, id=41475, stack(0x0000000308834000,0x0000000308a37000)]
  0x000000012fa52400 JavaThread "Cancel handler" [_thread_blocked, id=34307, stack(0x0000000308a40000,0x0000000308c43000)]
  0x000000012fb50e00 JavaThread "Daemon worker" [_thread_blocked, id=34563, stack(0x0000000308c4c000,0x0000000308e4f000)]
  0x000000012fc8ba00 JavaThread "Asynchronous log dispatcher for DefaultDaemonConnection: socket connection from /127.0.0.1:49279 to /127.0.0.1:49280" [_thread_blocked, id=40963, stack(0x0000000308e58000,0x000000030905b000)]
  0x000000012fb51e00 JavaThread "Stdin handler" [_thread_blocked, id=35331, stack(0x0000000309064000,0x0000000309267000)]
  0x000000014fa13800 JavaThread "Daemon client event forwarder" [_thread_blocked, id=40451, stack(0x0000000309270000,0x0000000309473000)]
  0x0000000150e5c400 JavaThread "Cache worker for journal cache (/Users/mathewmalyil/.gradle/caches/journal-1)" [_thread_blocked, id=38659, stack(0x0000000309eb8000,0x000000030a0bb000)]
  0x000000012fc74e00 JavaThread "File lock request listener" [_thread_in_native, id=38147, stack(0x000000030a0c4000,0x000000030a2c7000)]
  0x000000012fc77600 JavaThread "Cache worker for file hash cache (/Users/mathewmalyil/.gradle/caches/8.13/fileHashes)" [_thread_blocked, id=37635, stack(0x000000030a2d0000,0x000000030a4d3000)]
  0x000000012fcea800 JavaThread "Cache worker for file hash cache (/Users/mathewmalyil/AndroidStudioProjects/SmartDocAI2/.gradle/8.13/fileHashes)" [_thread_blocked, id=37123, stack(0x000000030a4dc000,0x000000030a6df000)]
  0x000000013fda9400 JavaThread "Cache worker for Build Output Cleanup Cache (/Users/mathewmalyil/AndroidStudioProjects/SmartDocAI2/.gradle/buildOutputCleanup)" [_thread_blocked, id=43523, stack(0x000000030a6e8000,0x000000030a8eb000)]
  0x000000012fc76800 JavaThread "File watcher server" daemon [_thread_in_native, id=44035, stack(0x000000030ab00000,0x000000030ad03000)]
  0x000000014fe97400 JavaThread "File watcher consumer" daemon [_thread_blocked, id=44547, stack(0x000000030ad0c000,0x000000030af0f000)]
  0x000000014feaac00 JavaThread "jar transforms" [_thread_blocked, id=64771, stack(0x000000030af18000,0x000000030b11b000)]
  0x000000014fea9600 JavaThread "jar transforms Thread 2" [_thread_blocked, id=64259, stack(0x000000030b124000,0x000000030b327000)]
  0x0000000150e5a200 JavaThread "Cache worker for checksums cache (/Users/mathewmalyil/AndroidStudioProjects/SmartDocAI2/.gradle/8.13/checksums)" [_thread_blocked, id=45059, stack(0x000000030b330000,0x000000030b533000)]
  0x000000013ffaa200 JavaThread "Cache worker for file content cache (/Users/mathewmalyil/.gradle/caches/8.13/fileContent)" [_thread_blocked, id=63491, stack(0x000000030b53c000,0x000000030b73f000)]
  0x0000000150fbb600 JavaThread "jar transforms Thread 3" [_thread_blocked, id=63235, stack(0x000000030b748000,0x000000030b94b000)]
  0x000000013c2b9400 JavaThread "Cache worker for cache directory md-supplier (/Users/mathewmalyil/.gradle/caches/8.13/md-supplier)" [_thread_blocked, id=62723, stack(0x000000030b954000,0x000000030bb57000)]
  0x000000013c2ba200 JavaThread "Cache worker for cache directory md-rule (/Users/mathewmalyil/.gradle/caches/8.13/md-rule)" [_thread_blocked, id=62467, stack(0x000000030bb60000,0x000000030bd63000)]
  0x000000013fff9400 JavaThread "Unconstrained build operations" [_thread_blocked, id=62211, stack(0x000000030bd6c000,0x000000030bf6f000)]
  0x000000012ffb3e00 JavaThread "Unconstrained build operations Thread 2" [_thread_blocked, id=46339, stack(0x000000030bf78000,0x000000030c17b000)]
  0x000000012ff1b400 JavaThread "Unconstrained build operations Thread 3" [_thread_blocked, id=61699, stack(0x000000030c184000,0x000000030c387000)]
  0x000000013c2be000 JavaThread "Unconstrained build operations Thread 4" [_thread_blocked, id=46851, stack(0x000000030c390000,0x000000030c593000)]
  0x0000000150fbd000 JavaThread "Unconstrained build operations Thread 5" [_thread_blocked, id=61443, stack(0x000000030c59c000,0x000000030c79f000)]
  0x000000013b9d1800 JavaThread "Unconstrained build operations Thread 6" [_thread_blocked, id=61187, stack(0x000000030c7a8000,0x000000030c9ab000)]
  0x000000013b9d1e00 JavaThread "Unconstrained build operations Thread 7" [_thread_blocked, id=47875, stack(0x000000030c9b4000,0x000000030cbb7000)]
  0x000000013b9d2400 JavaThread "Unconstrained build operations Thread 8" [_thread_blocked, id=48131, stack(0x000000030cbc0000,0x000000030cdc3000)]
  0x000000015085da00 JavaThread "jar transforms Thread 4" [_thread_blocked, id=48387, stack(0x000000030cdcc000,0x000000030cfcf000)]
  0x000000014ffff200 JavaThread "jar transforms Thread 5" [_thread_blocked, id=60419, stack(0x000000030cfd8000,0x000000030d1db000)]
  0x000000013a808200 JavaThread "Unconstrained build operations Thread 9" [_thread_blocked, id=49155, stack(0x000000030d1e4000,0x000000030d3e7000)]
  0x000000013a808800 JavaThread "Unconstrained build operations Thread 10" [_thread_blocked, id=49667, stack(0x000000030d3f0000,0x000000030d5f3000)]
  0x0000000150fbee00 JavaThread "Unconstrained build operations Thread 11" [_thread_blocked, id=59907, stack(0x000000030d5fc000,0x000000030d7ff000)]
  0x0000000150849800 JavaThread "Unconstrained build operations Thread 12" [_thread_blocked, id=50179, stack(0x000000030d808000,0x000000030da0b000)]
  0x000000014f8f4c00 JavaThread "jar transforms Thread 6" [_thread_blocked, id=50691, stack(0x000000030da14000,0x000000030dc17000)]
  0x000000012f83d800 JavaThread "jar transforms Thread 7" [_thread_blocked, id=51203, stack(0x000000030dc20000,0x000000030de23000)]
  0x000000013c2cae00 JavaThread "jar transforms Thread 8" [_thread_blocked, id=51715, stack(0x000000030de2c000,0x000000030e02f000)]
  0x000000013c10b200 JavaThread "Kotlin DSL Writer" [_thread_blocked, id=23819, stack(0x0000000315ac8000,0x0000000315ccb000)]
  0x000000013b9cd800 JavaThread "Unconstrained build operations Thread 13" [_thread_blocked, id=59651, stack(0x0000000315cd4000,0x0000000315ed7000)]
  0x000000013b010200 JavaThread "Unconstrained build operations Thread 14" [_thread_blocked, id=59395, stack(0x0000000315ee0000,0x00000003160e3000)]
  0x000000013a82ae00 JavaThread "Unconstrained build operations Thread 15" [_thread_blocked, id=58883, stack(0x00000003160ec000,0x00000003162ef000)]
  0x000000013b024000 JavaThread "Unconstrained build operations Thread 16" [_thread_blocked, id=58371, stack(0x00000003162f8000,0x00000003164fb000)]
  0x000000011f816600 JavaThread "Unconstrained build operations Thread 17" [_thread_blocked, id=52483, stack(0x0000000316504000,0x0000000316707000)]
  0x000000012ff71c00 JavaThread "Unconstrained build operations Thread 18" [_thread_blocked, id=52739, stack(0x0000000316710000,0x0000000316913000)]
  0x000000012ff67000 JavaThread "Unconstrained build operations Thread 19" [_thread_blocked, id=57347, stack(0x000000031691c000,0x0000000316b1f000)]
  0x000000014fe5a800 JavaThread "Unconstrained build operations Thread 20" [_thread_blocked, id=52995, stack(0x0000000316b28000,0x0000000316d2b000)]
  0x000000014fe58a00 JavaThread "Unconstrained build operations Thread 21" [_thread_blocked, id=53251, stack(0x0000000316d34000,0x0000000316f37000)]
  0x000000013a82b400 JavaThread "Unconstrained build operations Thread 22" [_thread_blocked, id=56579, stack(0x0000000316f40000,0x0000000317143000)]
  0x000000013fea6e00 JavaThread "Unconstrained build operations Thread 23" [_thread_blocked, id=54019, stack(0x000000031714c000,0x000000031734f000)]
  0x000000012e014000 JavaThread "Unconstrained build operations Thread 24" [_thread_blocked, id=54531, stack(0x0000000317358000,0x000000031755b000)]
  0x000000012e020600 JavaThread "Unconstrained build operations Thread 25" [_thread_blocked, id=54787, stack(0x0000000317564000,0x0000000317767000)]
  0x000000011f835c00 JavaThread "Unconstrained build operations Thread 26" [_thread_blocked, id=55299, stack(0x0000000317770000,0x0000000317973000)]
  0x000000013d17d800 JavaThread "Unconstrained build operations Thread 27" [_thread_blocked, id=55555, stack(0x000000031797c000,0x0000000317b7f000)]
  0x000000014febbe00 JavaThread "Unconstrained build operations Thread 28" [_thread_blocked, id=65539, stack(0x0000000317b88000,0x0000000317d8b000)]
  0x000000014febe600 JavaThread "Unconstrained build operations Thread 29" [_thread_blocked, id=66051, stack(0x0000000317d94000,0x0000000317f97000)]
  0x000000012ff1ae00 JavaThread "Unconstrained build operations Thread 30" [_thread_blocked, id=66563, stack(0x0000000317fa0000,0x00000003181a3000)]
  0x000000013d17f200 JavaThread "Unconstrained build operations Thread 31" [_thread_blocked, id=67075, stack(0x00000003181ac000,0x00000003183af000)]
  0x000000013ffb4600 JavaThread "Unconstrained build operations Thread 32" [_thread_blocked, id=67587, stack(0x00000003183b8000,0x00000003185bb000)]
  0x000000012fedb200 JavaThread "Unconstrained build operations Thread 33" [_thread_blocked, id=87043, stack(0x00000003185c4000,0x00000003187c7000)]
  0x000000013fd82400 JavaThread "Unconstrained build operations Thread 34" [_thread_blocked, id=86531, stack(0x00000003187d0000,0x00000003189d3000)]
  0x000000012fba9000 JavaThread "Unconstrained build operations Thread 35" [_thread_blocked, id=68355, stack(0x00000003189dc000,0x0000000318bdf000)]
  0x000000012fedc000 JavaThread "Unconstrained build operations Thread 36" [_thread_blocked, id=68867, stack(0x0000000318be8000,0x0000000318deb000)]
  0x000000013d177200 JavaThread "Unconstrained build operations Thread 37" [_thread_blocked, id=86019, stack(0x0000000318df4000,0x0000000318ff7000)]
  0x000000013bd08e00 JavaThread "Unconstrained build operations Thread 38" [_thread_blocked, id=69379, stack(0x0000000319000000,0x0000000319203000)]
  0x000000013bd09400 JavaThread "Unconstrained build operations Thread 39" [_thread_blocked, id=85507, stack(0x000000031920c000,0x000000031940f000)]
  0x000000013bd09a00 JavaThread "Unconstrained build operations Thread 40" [_thread_blocked, id=69891, stack(0x0000000319418000,0x000000031961b000)]
  0x000000014fe5d600 JavaThread "Unconstrained build operations Thread 41" [_thread_blocked, id=84995, stack(0x0000000319624000,0x0000000319827000)]
  0x000000014fed6a00 JavaThread "Unconstrained build operations Thread 42" [_thread_blocked, id=70147, stack(0x0000000319830000,0x0000000319a33000)]
  0x000000013fa00a00 JavaThread "Unconstrained build operations Thread 43" [_thread_blocked, id=70403, stack(0x0000000319a3c000,0x0000000319c3f000)]
  0x000000013bd54e00 JavaThread "Unconstrained build operations Thread 44" [_thread_blocked, id=70915, stack(0x0000000319c48000,0x0000000319e4b000)]
  0x000000014fed5600 JavaThread "Unconstrained build operations Thread 45" [_thread_blocked, id=71171, stack(0x0000000319e54000,0x000000031a057000)]
  0x000000013c855400 JavaThread "Unconstrained build operations Thread 46" [_thread_blocked, id=71427, stack(0x000000031a060000,0x000000031a263000)]
  0x000000013ca7a600 JavaThread "Unconstrained build operations Thread 47" [_thread_blocked, id=71939, stack(0x000000031a26c000,0x000000031a46f000)]
  0x000000013ca7ac00 JavaThread "Unconstrained build operations Thread 48" [_thread_blocked, id=83459, stack(0x000000031a478000,0x000000031a67b000)]
  0x000000013bd54200 JavaThread "Unconstrained build operations Thread 49" [_thread_blocked, id=72451, stack(0x000000031a684000,0x000000031a887000)]
  0x000000013bd55400 JavaThread "Unconstrained build operations Thread 50" [_thread_blocked, id=83203, stack(0x000000031a890000,0x000000031aa93000)]
  0x000000013d15bc00 JavaThread "Unconstrained build operations Thread 51" [_thread_blocked, id=73219, stack(0x000000031aa9c000,0x000000031ac9f000)]
  0x000000012ff97400 JavaThread "Unconstrained build operations Thread 52" [_thread_blocked, id=73731, stack(0x000000031aca8000,0x000000031aeab000)]
  0x000000013caa5800 JavaThread "Unconstrained build operations Thread 53" [_thread_blocked, id=73987, stack(0x000000031aeb4000,0x000000031b0b7000)]
  0x000000013ba28a00 JavaThread "Unconstrained build operations Thread 54" [_thread_blocked, id=82435, stack(0x000000031b0c0000,0x000000031b2c3000)]
  0x000000013ba29000 JavaThread "Unconstrained build operations Thread 55" [_thread_blocked, id=82179, stack(0x000000031b2cc000,0x000000031b4cf000)]
  0x000000013ba29c00 JavaThread "Unconstrained build operations Thread 56" [_thread_blocked, id=74499, stack(0x000000031b4d8000,0x000000031b6db000)]
  0x000000013ba23600 JavaThread "Unconstrained build operations Thread 57" [_thread_blocked, id=74755, stack(0x000000031b6e4000,0x000000031b8e7000)]
  0x000000013c9bfa00 JavaThread "Unconstrained build operations Thread 58" [_thread_blocked, id=81411, stack(0x000000031b8f0000,0x000000031baf3000)]
  0x000000013fe87000 JavaThread "Unconstrained build operations Thread 59" [_thread_blocked, id=75267, stack(0x000000031bafc000,0x000000031bcff000)]
  0x000000013fe7b600 JavaThread "Unconstrained build operations Thread 60" [_thread_blocked, id=80643, stack(0x000000031bd08000,0x000000031bf0b000)]
  0x000000013fe7bc00 JavaThread "Unconstrained build operations Thread 61" [_thread_blocked, id=80387, stack(0x000000031bf14000,0x000000031c117000)]
  0x000000013c9bdc00 JavaThread "Unconstrained build operations Thread 62" [_thread_blocked, id=79875, stack(0x000000031c120000,0x000000031c323000)]
  0x000000013bc6da00 JavaThread "Unconstrained build operations Thread 63" [_thread_blocked, id=76035, stack(0x000000031c32c000,0x000000031c52f000)]
  0x000000013ba27c00 JavaThread "Unconstrained build operations Thread 64" [_thread_blocked, id=79363, stack(0x000000031c538000,0x000000031c73b000)]
  0x000000013a82a000 JavaThread "Unconstrained build operations Thread 65" [_thread_blocked, id=76547, stack(0x000000031c744000,0x000000031c947000)]
  0x000000012ff96000 JavaThread "Unconstrained build operations Thread 66" [_thread_in_Java, id=79107, stack(0x000000031c950000,0x000000031cb53000)]
  0x000000012ff9ac00 JavaThread "Unconstrained build operations Thread 67" [_thread_blocked, id=77315, stack(0x000000031cb5c000,0x000000031cd5f000)]
  0x000000012ff97a00 JavaThread "Unconstrained build operations Thread 68" [_thread_blocked, id=77571, stack(0x000000031cd68000,0x000000031cf6b000)]
  0x000000013c987200 JavaThread "Unconstrained build operations Thread 69" [_thread_blocked, id=77827, stack(0x000000031cf74000,0x000000031d177000)]
  0x000000013c9b8000 JavaThread "Unconstrained build operations Thread 70" [_thread_blocked, id=78339, stack(0x000000031d180000,0x000000031d383000)]
  0x000000014fbf1200 JavaThread "Unconstrained build operations Thread 71" [_thread_blocked, id=87555, stack(0x000000031d38c000,0x000000031d58f000)]
  0x000000014fc41e00 JavaThread "Unconstrained build operations Thread 72" [_thread_blocked, id=88067, stack(0x000000031d598000,0x000000031d79b000)]
  0x000000014fc42400 JavaThread "Unconstrained build operations Thread 73" [_thread_blocked, id=130563, stack(0x000000031d7a4000,0x000000031d9a7000)]
  0x000000014fc42a00 JavaThread "Unconstrained build operations Thread 74" [_thread_blocked, id=130307, stack(0x000000031d9b0000,0x000000031dbb3000)]
  0x000000014fc3d400 JavaThread "Unconstrained build operations Thread 75" [_thread_blocked, id=88835, stack(0x000000031dbbc000,0x000000031ddbf000)]
  0x000000013c21a800 JavaThread "Unconstrained build operations Thread 76" [_thread_blocked, id=130051, stack(0x000000031ddc8000,0x000000031dfcb000)]
  0x000000013c219e00 JavaThread "Unconstrained build operations Thread 77" [_thread_blocked, id=129539, stack(0x000000031dfd4000,0x000000031e1d7000)]
  0x000000013b9c0200 JavaThread "Unconstrained build operations Thread 78" [_thread_blocked, id=89603, stack(0x000000031e1e0000,0x000000031e3e3000)]
  0x000000013ffb1800 JavaThread "Unconstrained build operations Thread 79" [_thread_blocked, id=89859, stack(0x000000031e3ec000,0x000000031e5ef000)]
  0x000000013fe31000 JavaThread "Unconstrained build operations Thread 80" [_thread_blocked, id=90115, stack(0x000000031e5f8000,0x000000031e7fb000)]
  0x000000013f8d8e00 JavaThread "build event listener" [_thread_blocked, id=128259, stack(0x000000031ea10000,0x000000031ec13000)]
  0x000000013b9e6c00 JavaThread "Memory manager" [_thread_blocked, id=91139, stack(0x000000031ec1c000,0x000000031ee1f000)]
  0x000000013f8f6600 JavaThread "build event listener" [_thread_blocked, id=128003, stack(0x000000031ee28000,0x000000031f02b000)]
  0x000000013b062a00 JavaThread "pool-3-thread-1" [_thread_blocked, id=91651, stack(0x000000031f034000,0x000000031f237000)]
  0x000000012e5bd200 JavaThread "build event listener" [_thread_blocked, id=127235, stack(0x000000031f240000,0x000000031f443000)]
  0x000000011fcf2c00 JavaThread "included builds" [_thread_blocked, id=92163, stack(0x000000031f44c000,0x000000031f64f000)]
  0x000000012fec9600 JavaThread "Execution worker" [_thread_blocked, id=126723, stack(0x000000031f658000,0x000000031f85b000)]
  0x000000013b05d600 JavaThread "Execution worker Thread 2" [_thread_in_native, id=92931, stack(0x000000031f864000,0x000000031fa67000)]
  0x000000013bb91400 JavaThread "Execution worker Thread 3" [_thread_blocked, id=93187, stack(0x000000031fa70000,0x000000031fc73000)]
  0x000000013b03a600 JavaThread "Execution worker Thread 4" [_thread_blocked, id=125955, stack(0x000000031fc7c000,0x000000031fe7f000)]
  0x000000013b025200 JavaThread "Execution worker Thread 5" [_thread_blocked, id=93699, stack(0x000000031fe88000,0x000000032008b000)]
  0x000000013bba3e00 JavaThread "Execution worker Thread 6" [_thread_blocked, id=94211, stack(0x0000000320094000,0x0000000320297000)]
  0x000000013b906c00 JavaThread "Execution worker Thread 7" [_thread_blocked, id=125699, stack(0x00000003202a0000,0x00000003204a3000)]
  0x000000012fc8a400 JavaThread "Cache worker for execution history cache (/Users/mathewmalyil/AndroidStudioProjects/SmartDocAI2/.gradle/8.13/executionHistory)" [_thread_blocked, id=125187, stack(0x00000003204ac000,0x00000003206af000)]
  0x000000011fc50200 JavaThread "WorkerExecutor Queue" [_thread_blocked, id=94979, stack(0x00000003206b8000,0x00000003208bb000)]
  0x000000013c797400 JavaThread "WorkerExecutor Queue Thread 2" [_thread_blocked, id=123907, stack(0x00000003208c4000,0x0000000320ac7000)]
  0x000000013c685200 JavaThread "WorkerExecutor Queue Thread 3" [_thread_blocked, id=123395, stack(0x0000000320ad0000,0x0000000320cd3000)]
  0x000000011fca5000 JavaThread "WorkerExecutor Queue Thread 5" [_thread_blocked, id=122883, stack(0x0000000320ee8000,0x00000003210eb000)]
  0x000000014fbd8c00 JavaThread "WorkerExecutor Queue Thread 8" [_thread_blocked, id=97027, stack(0x000000032150c000,0x000000032170f000)]
  0x00000003404b9600 JavaThread "WorkerExecutor Queue Thread 10" [_thread_blocked, id=119811, stack(0x000000032641c000,0x000000032661f000)]
  0x000000013fa99600 JavaThread "ForkJoinPool-1-worker-1" daemon [_thread_blocked, id=100099, stack(0x0000000338804000,0x0000000338a07000)]
  0x0000000342864200 JavaThread "ForkJoinPool-1-worker-2" daemon [_thread_blocked, id=100611, stack(0x0000000338a10000,0x0000000338c13000)]
  0x0000000341008200 JavaThread "ForkJoinPool-1-worker-3" daemon [_thread_blocked, id=119299, stack(0x0000000338c1c000,0x0000000338e1f000)]
  0x0000000341008800 JavaThread "ForkJoinPool-1-worker-4" daemon [_thread_blocked, id=101123, stack(0x0000000338e28000,0x000000033902b000)]
  0x00000003410a7000 JavaThread "ForkJoinPool-1-worker-5" daemon [_thread_blocked, id=119043, stack(0x0000000339034000,0x0000000339237000)]
  0x000000014c3b9800 JavaThread "ForkJoinPool-1-worker-6" daemon [_thread_blocked, id=101635, stack(0x0000000339240000,0x0000000339443000)]
  0x00000003410a6800 JavaThread "ForkJoinPool-1-worker-7" daemon [_thread_blocked, id=101891, stack(0x000000033944c000,0x000000033964f000)]
  0x000000034292e800 JavaThread "ForkJoinPool-1-worker-8" daemon [_thread_blocked, id=118275, stack(0x000000033b004000,0x000000033b207000)]
  0x000000014fc3ce00 JavaThread "pool-4-thread-1" [_thread_blocked, id=96519, stack(0x00000003210f4000,0x00000003212f7000)]
  0x000000033cdef400 JavaThread "process reaper (pid 1514)" daemon [_thread_in_native, id=102659, stack(0x000000016e6d0000,0x000000016e707000)]
  0x000000033f751200 JavaThread "process reaper (pid 1515)" daemon [_thread_in_native, id=102915, stack(0x000000016e710000,0x000000016e747000)]
  0x000000011ff55c00 JavaThread "process reaper (pid 1513)" daemon [_thread_in_native, id=117507, stack(0x000000016e750000,0x000000016e787000)]
  0x000000013e0edc00 JavaThread "process reaper (pid 1516)" daemon [_thread_in_native, id=103171, stack(0x000000016e790000,0x000000016e7c7000)]
  0x000000013b25e000 JavaThread "stderr" [_thread_in_native, id=103683, stack(0x000000033b210000,0x000000033b413000)]
  0x000000014ff05400 JavaThread "stdout" [_thread_in_native, id=116739, stack(0x000000033b41c000,0x000000033b61f000)]
  0x000000013b0d0200 JavaThread "stderr" [_thread_in_native, id=116483, stack(0x000000033c004000,0x000000033c207000)]
  0x000000013b3cfc00 JavaThread "stdout" [_thread_in_native, id=116227, stack(0x000000033c210000,0x000000033c413000)]
  0x000000013c7f8e00 JavaThread "stderr" [_thread_in_native, id=115971, stack(0x000000033c41c000,0x000000033c61f000)]
  0x000000034293ac00 JavaThread "stdout" [_thread_in_native, id=115715, stack(0x000000033d804000,0x000000033da07000)]
  0x000000014c0fb400 JavaThread "stderr" [_thread_in_native, id=115203, stack(0x000000033da10000,0x000000033dc13000)]
  0x000000014c774200 JavaThread "stdout" [_thread_in_native, id=105219, stack(0x000000033dc1c000,0x000000033de1f000)]

Other Threads:
  0x000000014f705800 VMThread "VM Thread" [stack: 0x000000016e0ac000,0x000000016e2af000] [id=17923]
  0x000000012f609950 WatcherThread [stack: 0x000000016f8d4000,0x000000016fad7000] [id=27139]
  0x000000012f606760 GCTaskThread "GC Thread#0" [stack: 0x000000016d670000,0x000000016d873000] [id=13571]
  0x000000014f71f480 GCTaskThread "GC Thread#1" [stack: 0x000000016fae0000,0x000000016fce3000] [id=32771]
  0x000000014f71f900 GCTaskThread "GC Thread#2" [stack: 0x000000016fcec000,0x000000016feef000] [id=43267]
  0x000000014f61ae70 GCTaskThread "GC Thread#3" [stack: 0x000000030947c000,0x000000030967f000] [id=35587]
  0x000000012eb044f0 GCTaskThread "GC Thread#4" [stack: 0x0000000309688000,0x000000030988b000] [id=35843]
  0x000000014f61b4d0 GCTaskThread "GC Thread#5" [stack: 0x0000000309894000,0x0000000309a97000] [id=36099]
  0x000000014f61bd40 GCTaskThread "GC Thread#6" [stack: 0x0000000309aa0000,0x0000000309ca3000] [id=39427]
  0x000000014f7382d0 GCTaskThread "GC Thread#7" [stack: 0x0000000309cac000,0x0000000309eaf000] [id=38915]
  0x000000014f606170 ConcurrentGCThread "G1 Main Marker" [stack: 0x000000016d87c000,0x000000016da7f000] [id=13315]
  0x000000014f606a00 ConcurrentGCThread "G1 Conc#0" [stack: 0x000000016da88000,0x000000016dc8b000] [id=12291]
  0x000000012f63ee90 ConcurrentGCThread "G1 Conc#1" [stack: 0x000000030a8f4000,0x000000030aaf7000] [id=65027]
  0x000000014f608730 ConcurrentGCThread "G1 Refine#0" [stack: 0x000000016dc94000,0x000000016de97000] [id=16643]
  0x000000012ec11100 ConcurrentGCThread "G1 Refine#1" [stack: 0x000000031e804000,0x000000031ea07000] [id=128515]
  0x000000012f1a8a80 ConcurrentGCThread "G1 Refine#2" [stack: 0x0000000320cdc000,0x0000000320edf000] [id=96007]
  0x0000000103b30830 ConcurrentGCThread "G1 Refine#3" [stack: 0x0000000321924000,0x0000000321b27000] [id=98307]
  0x000000012f187b70 ConcurrentGCThread "G1 Refine#4" [stack: 0x0000000321b30000,0x0000000321d33000] [id=98563]
  0x000000012ebb6910 ConcurrentGCThread "G1 Refine#5" [stack: 0x0000000321d3c000,0x0000000321f3f000] [id=120835]
  0x000000012ebb6fe0 ConcurrentGCThread "G1 Refine#6" [stack: 0x0000000326004000,0x0000000326207000] [id=120323]
  0x000000012e875150 ConcurrentGCThread "G1 Refine#7" [stack: 0x0000000326210000,0x0000000326413000] [id=99331]
  0x000000014f608fd0 ConcurrentGCThread "G1 Service" [stack: 0x000000016dea0000,0x000000016e0a3000] [id=21251]

Threads with active compile tasks:
C2 CompilerThread0   431613 91242       4       org.jetbrains.org.objectweb.asm.ClassReader::readElementValue (1237 bytes)

VM state: not at safepoint (normal execution)

VM Mutex/Monitor currently owned by a thread: None

Heap address: 0x0000000780000000, size: 2048 MB, Compressed Oops mode: Zero based, Oop shift amount: 3

CDS archive(s) mapped at: [0x000000f000000000-0x000000f000bc0000-0x000000f000bc0000), size 12320768, SharedBaseAddress: 0x000000f000000000, ArchiveRelocationMode: 1.
Compressed class space mapped at: 0x000000f001000000-0x000000f041000000, reserved size: 1073741824
Narrow klass base: 0x000000f000000000, Narrow klass shift: 0, Narrow klass range: 0x100000000

GC Precious Log:
 CPUs: 8 total, 8 available
 Memory: 8192M
 Large Page Support: Disabled
 NUMA Support: Disabled
 Compressed Oops: Enabled (Zero based)
 Heap Region Size: 1M
 Heap Min Capacity: 8M
 Heap Initial Capacity: 128M
 Heap Max Capacity: 2G
 Pre-touch: Disabled
 Parallel Workers: 8
 Concurrent Workers: 2
 Concurrent Refinement Workers: 8
 Periodic GC: Disabled

Heap:
 garbage-first heap   total 2097152K, used 1858190K [0x0000000780000000, 0x0000000800000000)
  region size 1024K, 197 young (201728K), 12 survivors (12288K)
 Metaspace       used 235127K, committed 236352K, reserved 1310720K
  class space    used 29818K, committed 30400K, reserved 1048576K

Heap Regions: E=young(eden), S=young(survivor), O=old, HS=humongous(starts), HC=humongous(continues), CS=collection set, F=free, OA=open archive, CA=closed archive, TAMS=top-at-mark-start (previous, next)
|   0|0x0000000780000000, 0x0000000780100000, 0x0000000780100000|100%|HS|  |TAMS 0x0000000780100000, 0x0000000780000000| Complete 
|   1|0x0000000780100000, 0x0000000780200000, 0x0000000780200000|100%|HC|  |TAMS 0x0000000780200000, 0x0000000780100000| Complete 
|   2|0x0000000780200000, 0x0000000780300000, 0x0000000780300000|100%|HC|  |TAMS 0x0000000780300000, 0x0000000780200000| Complete 
|   3|0x0000000780300000, 0x0000000780400000, 0x0000000780400000|100%| O|  |TAMS 0x0000000780400000, 0x0000000780300000| Untracked 
|   4|0x0000000780400000, 0x0000000780500000, 0x0000000780500000|100%| O|  |TAMS 0x0000000780500000, 0x0000000780400000| Untracked 
|   5|0x0000000780500000, 0x0000000780600000, 0x0000000780600000|100%| O|  |TAMS 0x0000000780600000, 0x0000000780500000| Updating 
|   6|0x0000000780600000, 0x0000000780700000, 0x0000000780700000|100%| O|  |TAMS 0x0000000780700000, 0x0000000780600000| Untracked 
|   7|0x0000000780700000, 0x0000000780800000, 0x0000000780800000|100%| O|  |TAMS 0x0000000780800000, 0x0000000780700000| Updating 
|   8|0x0000000780800000, 0x0000000780900000, 0x0000000780900000|100%| O|  |TAMS 0x0000000780900000, 0x0000000780800000| Updating 
|   9|0x0000000780900000, 0x0000000780a00000, 0x0000000780a00000|100%|HS|  |TAMS 0x0000000780a00000, 0x0000000780900000| Complete 
|  10|0x0000000780a00000, 0x0000000780b00000, 0x0000000780b00000|100%| O|  |TAMS 0x0000000780b00000, 0x0000000780a00000| Untracked 
|  11|0x0000000780b00000, 0x0000000780c00000, 0x0000000780c00000|100%| O|  |TAMS 0x0000000780c00000, 0x0000000780b00000| Untracked 
|  12|0x0000000780c00000, 0x0000000780d00000, 0x0000000780d00000|100%| O|  |TAMS 0x0000000780d00000, 0x0000000780c00000| Updating 
|  13|0x0000000780d00000, 0x0000000780e00000, 0x0000000780e00000|100%| O|  |TAMS 0x0000000780e00000, 0x0000000780d00000| Untracked 
|  14|0x0000000780e00000, 0x0000000780f00000, 0x0000000780f00000|100%| O|  |TAMS 0x0000000780f00000, 0x0000000780e00000| Untracked 
|  15|0x0000000780f00000, 0x0000000781000000, 0x0000000781000000|100%| O|  |TAMS 0x0000000781000000, 0x0000000780f00000| Updating 
|  16|0x0000000781000000, 0x0000000781100000, 0x0000000781100000|100%| O|  |TAMS 0x0000000781100000, 0x0000000781000000| Untracked 
|  17|0x0000000781100000, 0x0000000781200000, 0x0000000781200000|100%| O|  |TAMS 0x0000000781200000, 0x0000000781100000| Untracked 
|  18|0x0000000781200000, 0x0000000781300000, 0x0000000781300000|100%| O|  |TAMS 0x0000000781300000, 0x0000000781200000| Untracked 
|  19|0x0000000781300000, 0x0000000781400000, 0x0000000781400000|100%| O|  |TAMS 0x0000000781400000, 0x0000000781300000| Untracked 
|  20|0x0000000781400000, 0x0000000781500000, 0x0000000781500000|100%| O|  |TAMS 0x0000000781500000, 0x0000000781400000| Untracked 
|  21|0x0000000781500000, 0x0000000781600000, 0x0000000781600000|100%| O|  |TAMS 0x0000000781600000, 0x0000000781500000| Untracked 
|  22|0x0000000781600000, 0x0000000781700000, 0x0000000781700000|100%| O|  |TAMS 0x0000000781700000, 0x0000000781600000| Untracked 
|  23|0x0000000781700000, 0x0000000781800000, 0x0000000781800000|100%| O|  |TAMS 0x0000000781800000, 0x0000000781700000| Untracked 
|  24|0x0000000781800000, 0x0000000781900000, 0x0000000781900000|100%| O|  |TAMS 0x0000000781900000, 0x0000000781800000| Untracked 
|  25|0x0000000781900000, 0x0000000781a00000, 0x0000000781a00000|100%| O|  |TAMS 0x0000000781a00000, 0x0000000781900000| Untracked 
|  26|0x0000000781a00000, 0x0000000781b00000, 0x0000000781b00000|100%| O|  |TAMS 0x0000000781b00000, 0x0000000781a00000| Updating 
|  27|0x0000000781b00000, 0x0000000781c00000, 0x0000000781c00000|100%| O|  |TAMS 0x0000000781c00000, 0x0000000781b00000| Untracked 
|  28|0x0000000781c00000, 0x0000000781d00000, 0x0000000781d00000|100%| O|  |TAMS 0x0000000781d00000, 0x0000000781c00000| Untracked 
|  29|0x0000000781d00000, 0x0000000781e00000, 0x0000000781e00000|100%| O|  |TAMS 0x0000000781e00000, 0x0000000781d00000| Updating 
|  30|0x0000000781e00000, 0x0000000781f00000, 0x0000000781f00000|100%| O|  |TAMS 0x0000000781f00000, 0x0000000781e00000| Updating 
|  31|0x0000000781f00000, 0x0000000782000000, 0x0000000782000000|100%| O|  |TAMS 0x0000000782000000, 0x0000000781f00000| Updating 
|  32|0x0000000782000000, 0x0000000782100000, 0x0000000782100000|100%|HS|  |TAMS 0x0000000782000000, 0x0000000782000000| Complete 
|  33|0x0000000782100000, 0x0000000782200000, 0x0000000782200000|100%|HS|  |TAMS 0x0000000782200000, 0x0000000782100000| Complete 
|  34|0x0000000782200000, 0x0000000782300000, 0x0000000782300000|100%| O|  |TAMS 0x0000000782300000, 0x0000000782200000| Updating 
|  35|0x0000000782300000, 0x0000000782400000, 0x0000000782400000|100%| O|  |TAMS 0x0000000782400000, 0x0000000782300000| Updating 
|  36|0x0000000782400000, 0x0000000782500000, 0x0000000782500000|100%| O|  |TAMS 0x0000000782500000, 0x0000000782400000| Untracked 
|  37|0x0000000782500000, 0x0000000782600000, 0x0000000782600000|100%| O|  |TAMS 0x0000000782600000, 0x0000000782500000| Untracked 
|  38|0x0000000782600000, 0x0000000782700000, 0x0000000782700000|100%| O|  |TAMS 0x0000000782700000, 0x0000000782600000| Updating 
|  39|0x0000000782700000, 0x0000000782800000, 0x0000000782800000|100%| O|  |TAMS 0x0000000782800000, 0x0000000782700000| Untracked 
|  40|0x0000000782800000, 0x0000000782900000, 0x0000000782900000|100%| O|  |TAMS 0x0000000782800000, 0x0000000782800000| Untracked 
|  41|0x0000000782900000, 0x0000000782a00000, 0x0000000782a00000|100%| O|  |TAMS 0x0000000782900000, 0x0000000782900000| Untracked 
|  42|0x0000000782a00000, 0x0000000782b00000, 0x0000000782b00000|100%| O|  |TAMS 0x0000000782b00000, 0x0000000782a00000| Untracked 
|  43|0x0000000782b00000, 0x0000000782c00000, 0x0000000782c00000|100%| O|  |TAMS 0x0000000782c00000, 0x0000000782b00000| Untracked 
|  44|0x0000000782c00000, 0x0000000782d00000, 0x0000000782d00000|100%| O|  |TAMS 0x0000000782d00000, 0x0000000782c00000| Untracked 
|  45|0x0000000782d00000, 0x0000000782e00000, 0x0000000782e00000|100%| O|  |TAMS 0x0000000782e00000, 0x0000000782d00000| Untracked 
|  46|0x0000000782e00000, 0x0000000782f00000, 0x0000000782f00000|100%| O|  |TAMS 0x0000000782f00000, 0x0000000782e00000| Untracked 
|  47|0x0000000782f00000, 0x0000000783000000, 0x0000000783000000|100%| O|  |TAMS 0x0000000783000000, 0x0000000782f00000| Untracked 
|  48|0x0000000783000000, 0x0000000783100000, 0x0000000783100000|100%|HS|  |TAMS 0x0000000783100000, 0x0000000783000000| Complete 
|  49|0x0000000783100000, 0x0000000783200000, 0x0000000783200000|100%| O|  |TAMS 0x0000000783200000, 0x0000000783100000| Untracked 
|  50|0x0000000783200000, 0x0000000783300000, 0x0000000783300000|100%| O|  |TAMS 0x0000000783300000, 0x0000000783200000| Untracked 
|  51|0x0000000783300000, 0x0000000783400000, 0x0000000783400000|100%| O|  |TAMS 0x0000000783400000, 0x0000000783300000| Untracked 
|  52|0x0000000783400000, 0x0000000783500000, 0x0000000783500000|100%| O|  |TAMS 0x0000000783500000, 0x0000000783400000| Updating 
|  53|0x0000000783500000, 0x0000000783600000, 0x0000000783600000|100%| O|  |TAMS 0x0000000783600000, 0x0000000783500000| Updating 
|  54|0x0000000783600000, 0x0000000783700000, 0x0000000783700000|100%| O|  |TAMS 0x0000000783700000, 0x0000000783600000| Updating 
|  55|0x0000000783700000, 0x0000000783800000, 0x0000000783800000|100%|HS|  |TAMS 0x0000000783800000, 0x0000000783700000| Complete 
|  56|0x0000000783800000, 0x0000000783900000, 0x0000000783900000|100%| O|  |TAMS 0x0000000783900000, 0x0000000783800000| Untracked 
|  57|0x0000000783900000, 0x0000000783a00000, 0x0000000783a00000|100%| O|  |TAMS 0x0000000783a00000, 0x0000000783900000| Updating 
|  58|0x0000000783a00000, 0x0000000783b00000, 0x0000000783b00000|100%| O|  |TAMS 0x0000000783a00000, 0x0000000783a00000| Untracked 
|  59|0x0000000783b00000, 0x0000000783c00000, 0x0000000783c00000|100%| O|  |TAMS 0x0000000783c00000, 0x0000000783b00000| Updating 
|  60|0x0000000783c00000, 0x0000000783d00000, 0x0000000783d00000|100%| O|  |TAMS 0x0000000783d00000, 0x0000000783c00000| Updating 
|  61|0x0000000783d00000, 0x0000000783e00000, 0x0000000783e00000|100%| O|  |TAMS 0x0000000783e00000, 0x0000000783d00000| Untracked 
|  62|0x0000000783e00000, 0x0000000783f00000, 0x0000000783f00000|100%| O|  |TAMS 0x0000000783f00000, 0x0000000783e00000| Untracked 
|  63|0x0000000783f00000, 0x0000000784000000, 0x0000000784000000|100%| O|  |TAMS 0x0000000784000000, 0x0000000783f00000| Untracked 
|  64|0x0000000784000000, 0x0000000784100000, 0x0000000784100000|100%| O|  |TAMS 0x0000000784100000, 0x0000000784000000| Untracked 
|  65|0x0000000784100000, 0x0000000784200000, 0x0000000784200000|100%| O|  |TAMS 0x0000000784200000, 0x0000000784100000| Untracked 
|  66|0x0000000784200000, 0x0000000784300000, 0x0000000784300000|100%| O|  |TAMS 0x0000000784300000, 0x0000000784200000| Untracked 
|  67|0x0000000784300000, 0x0000000784400000, 0x0000000784400000|100%| O|  |TAMS 0x0000000784400000, 0x0000000784300000| Untracked 
|  68|0x0000000784400000, 0x0000000784500000, 0x0000000784500000|100%|HS|  |TAMS 0x0000000784500000, 0x0000000784400000| Complete 
|  69|0x0000000784500000, 0x0000000784600000, 0x0000000784600000|100%| O|  |TAMS 0x0000000784600000, 0x0000000784500000| Untracked 
|  70|0x0000000784600000, 0x0000000784700000, 0x0000000784700000|100%| O|  |TAMS 0x0000000784700000, 0x0000000784600000| Untracked 
|  71|0x0000000784700000, 0x0000000784800000, 0x0000000784800000|100%| O|  |TAMS 0x0000000784800000, 0x0000000784700000| Untracked 
|  72|0x0000000784800000, 0x0000000784900000, 0x0000000784900000|100%| O|  |TAMS 0x0000000784900000, 0x0000000784800000| Untracked 
|  73|0x0000000784900000, 0x0000000784a00000, 0x0000000784a00000|100%| O|  |TAMS 0x0000000784a00000, 0x0000000784900000| Untracked 
|  74|0x0000000784a00000, 0x0000000784b00000, 0x0000000784b00000|100%| O|  |TAMS 0x0000000784b00000, 0x0000000784a00000| Updating 
|  75|0x0000000784b00000, 0x0000000784c00000, 0x0000000784c00000|100%| O|  |TAMS 0x0000000784c00000, 0x0000000784b00000| Untracked 
|  76|0x0000000784c00000, 0x0000000784d00000, 0x0000000784d00000|100%| O|  |TAMS 0x0000000784d00000, 0x0000000784c00000| Untracked 
|  77|0x0000000784d00000, 0x0000000784e00000, 0x0000000784e00000|100%|HS|  |TAMS 0x0000000784d00000, 0x0000000784d00000| Complete 
|  78|0x0000000784e00000, 0x0000000784f00000, 0x0000000784f00000|100%|HC|  |TAMS 0x0000000784e00000, 0x0000000784e00000| Complete 
|  79|0x0000000784f00000, 0x0000000785000000, 0x0000000785000000|100%|HS|  |TAMS 0x0000000785000000, 0x0000000784f00000| Complete 
|  80|0x0000000785000000, 0x0000000785100000, 0x0000000785100000|100%| O|  |TAMS 0x0000000785100000, 0x0000000785000000| Untracked 
|  81|0x0000000785100000, 0x0000000785200000, 0x0000000785200000|100%| O|  |TAMS 0x0000000785200000, 0x0000000785100000| Untracked 
|  82|0x0000000785200000, 0x0000000785300000, 0x0000000785300000|100%| O|  |TAMS 0x0000000785300000, 0x0000000785200000| Untracked 
|  83|0x0000000785300000, 0x0000000785400000, 0x0000000785400000|100%| O|  |TAMS 0x0000000785400000, 0x0000000785300000| Untracked 
|  84|0x0000000785400000, 0x0000000785500000, 0x0000000785500000|100%| O|  |TAMS 0x0000000785500000, 0x0000000785400000| Untracked 
|  85|0x0000000785500000, 0x0000000785600000, 0x0000000785600000|100%| O|  |TAMS 0x0000000785600000, 0x0000000785500000| Updating 
|  86|0x0000000785600000, 0x0000000785700000, 0x0000000785700000|100%| O|  |TAMS 0x0000000785700000, 0x0000000785600000| Updating 
|  87|0x0000000785700000, 0x0000000785800000, 0x0000000785800000|100%| O|  |TAMS 0x0000000785800000, 0x0000000785700000| Untracked 
|  88|0x0000000785800000, 0x0000000785900000, 0x0000000785900000|100%| O|  |TAMS 0x0000000785900000, 0x0000000785800000| Untracked 
|  89|0x0000000785900000, 0x0000000785a00000, 0x0000000785a00000|100%| O|  |TAMS 0x0000000785a00000, 0x0000000785900000| Untracked 
|  90|0x0000000785a00000, 0x0000000785b00000, 0x0000000785b00000|100%|HS|  |TAMS 0x0000000785b00000, 0x0000000785a00000| Complete 
|  91|0x0000000785b00000, 0x0000000785c00000, 0x0000000785c00000|100%| O|  |TAMS 0x0000000785c00000, 0x0000000785b00000| Untracked 
|  92|0x0000000785c00000, 0x0000000785d00000, 0x0000000785d00000|100%| O|  |TAMS 0x0000000785d00000, 0x0000000785c00000| Untracked 
|  93|0x0000000785d00000, 0x0000000785e00000, 0x0000000785e00000|100%| O|  |TAMS 0x0000000785e00000, 0x0000000785d00000| Untracked 
|  94|0x0000000785e00000, 0x0000000785f00000, 0x0000000785f00000|100%| O|  |TAMS 0x0000000785f00000, 0x0000000785e00000| Untracked 
|  95|0x0000000785f00000, 0x0000000786000000, 0x0000000786000000|100%| O|  |TAMS 0x0000000786000000, 0x0000000785f00000| Updating 
|  96|0x0000000786000000, 0x0000000786100000, 0x0000000786100000|100%| O|  |TAMS 0x0000000786100000, 0x0000000786000000| Updating 
|  97|0x0000000786100000, 0x0000000786200000, 0x0000000786200000|100%| O|  |TAMS 0x0000000786200000, 0x0000000786100000| Untracked 
|  98|0x0000000786200000, 0x0000000786300000, 0x0000000786300000|100%| O|  |TAMS 0x0000000786300000, 0x0000000786200000| Untracked 
|  99|0x0000000786300000, 0x0000000786400000, 0x0000000786400000|100%| O|  |TAMS 0x0000000786400000, 0x0000000786300000| Untracked 
| 100|0x0000000786400000, 0x0000000786500000, 0x0000000786500000|100%| O|  |TAMS 0x0000000786500000, 0x0000000786400000| Untracked 
| 101|0x0000000786500000, 0x0000000786600000, 0x0000000786600000|100%| O|  |TAMS 0x0000000786600000, 0x0000000786500000| Untracked 
| 102|0x0000000786600000, 0x0000000786700000, 0x0000000786700000|100%| O|  |TAMS 0x0000000786700000, 0x0000000786600000| Untracked 
| 103|0x0000000786700000, 0x0000000786800000, 0x0000000786800000|100%| O|  |TAMS 0x0000000786800000, 0x0000000786700000| Untracked 
| 104|0x0000000786800000, 0x0000000786900000, 0x0000000786900000|100%| O|  |TAMS 0x0000000786900000, 0x0000000786800000| Untracked 
| 105|0x0000000786900000, 0x0000000786a00000, 0x0000000786a00000|100%| O|  |TAMS 0x0000000786a00000, 0x0000000786900000| Untracked 
| 106|0x0000000786a00000, 0x0000000786b00000, 0x0000000786b00000|100%| O|  |TAMS 0x0000000786b00000, 0x0000000786a00000| Untracked 
| 107|0x0000000786b00000, 0x0000000786c00000, 0x0000000786c00000|100%| O|  |TAMS 0x0000000786c00000, 0x0000000786b00000| Untracked 
| 108|0x0000000786c00000, 0x0000000786d00000, 0x0000000786d00000|100%| O|  |TAMS 0x0000000786d00000, 0x0000000786c00000| Untracked 
| 109|0x0000000786d00000, 0x0000000786e00000, 0x0000000786e00000|100%| O|  |TAMS 0x0000000786e00000, 0x0000000786d00000| Untracked 
| 110|0x0000000786e00000, 0x0000000786f00000, 0x0000000786f00000|100%| O|  |TAMS 0x0000000786f00000, 0x0000000786e00000| Untracked 
| 111|0x0000000786f00000, 0x0000000787000000, 0x0000000787000000|100%| O|  |TAMS 0x0000000787000000, 0x0000000786f00000| Untracked 
| 112|0x0000000787000000, 0x0000000787100000, 0x0000000787100000|100%| O|  |TAMS 0x0000000787100000, 0x0000000787000000| Untracked 
| 113|0x0000000787100000, 0x0000000787200000, 0x0000000787200000|100%| O|  |TAMS 0x0000000787200000, 0x0000000787100000| Untracked 
| 114|0x0000000787200000, 0x0000000787300000, 0x0000000787300000|100%| O|  |TAMS 0x0000000787300000, 0x0000000787200000| Updating 
| 115|0x0000000787300000, 0x0000000787400000, 0x0000000787400000|100%| O|  |TAMS 0x0000000787400000, 0x0000000787300000| Untracked 
| 116|0x0000000787400000, 0x0000000787500000, 0x0000000787500000|100%| O|  |TAMS 0x0000000787500000, 0x0000000787400000| Untracked 
| 117|0x0000000787500000, 0x0000000787600000, 0x0000000787600000|100%| O|  |TAMS 0x0000000787600000, 0x0000000787500000| Updating 
| 118|0x0000000787600000, 0x0000000787700000, 0x0000000787700000|100%| O|  |TAMS 0x0000000787700000, 0x0000000787600000| Untracked 
| 119|0x0000000787700000, 0x0000000787800000, 0x0000000787800000|100%| O|  |TAMS 0x0000000787800000, 0x0000000787700000| Untracked 
| 120|0x0000000787800000, 0x0000000787900000, 0x0000000787900000|100%| O|  |TAMS 0x0000000787900000, 0x0000000787800000| Untracked 
| 121|0x0000000787900000, 0x0000000787a00000, 0x0000000787a00000|100%| O|  |TAMS 0x0000000787a00000, 0x0000000787900000| Untracked 
| 122|0x0000000787a00000, 0x0000000787b00000, 0x0000000787b00000|100%| O|  |TAMS 0x0000000787b00000, 0x0000000787a00000| Untracked 
| 123|0x0000000787b00000, 0x0000000787c00000, 0x0000000787c00000|100%| O|  |TAMS 0x0000000787c00000, 0x0000000787b00000| Untracked 
| 124|0x0000000787c00000, 0x0000000787d00000, 0x0000000787d00000|100%| O|  |TAMS 0x0000000787d00000, 0x0000000787c00000| Untracked 
| 125|0x0000000787d00000, 0x0000000787e00000, 0x0000000787e00000|100%| O|  |TAMS 0x0000000787e00000, 0x0000000787d00000| Untracked 
| 126|0x0000000787e00000, 0x0000000787f00000, 0x0000000787f00000|100%|HS|  |TAMS 0x0000000787f00000, 0x0000000787e00000| Complete 
| 127|0x0000000787f00000, 0x0000000788000000, 0x0000000788000000|100%| O|  |TAMS 0x0000000788000000, 0x0000000787f00000| Untracked 
| 128|0x0000000788000000, 0x0000000788100000, 0x0000000788100000|100%| O|  |TAMS 0x0000000788100000, 0x0000000788000000| Untracked 
| 129|0x0000000788100000, 0x0000000788200000, 0x0000000788200000|100%| O|  |TAMS 0x0000000788200000, 0x0000000788100000| Untracked 
| 130|0x0000000788200000, 0x0000000788300000, 0x0000000788300000|100%| O|  |TAMS 0x0000000788300000, 0x0000000788200000| Untracked 
| 131|0x0000000788300000, 0x0000000788400000, 0x0000000788400000|100%| O|  |TAMS 0x0000000788400000, 0x0000000788300000| Untracked 
| 132|0x0000000788400000, 0x0000000788500000, 0x0000000788500000|100%| O|  |TAMS 0x0000000788500000, 0x0000000788400000| Untracked 
| 133|0x0000000788500000, 0x0000000788600000, 0x0000000788600000|100%| O|  |TAMS 0x0000000788600000, 0x0000000788500000| Untracked 
| 134|0x0000000788600000, 0x0000000788700000, 0x0000000788700000|100%| O|  |TAMS 0x0000000788700000, 0x0000000788600000| Untracked 
| 135|0x0000000788700000, 0x0000000788800000, 0x0000000788800000|100%| O|  |TAMS 0x0000000788800000, 0x0000000788700000| Untracked 
| 136|0x0000000788800000, 0x0000000788900000, 0x0000000788900000|100%| O|  |TAMS 0x0000000788900000, 0x0000000788800000| Untracked 
| 137|0x0000000788900000, 0x0000000788a00000, 0x0000000788a00000|100%| O|  |TAMS 0x0000000788a00000, 0x0000000788900000| Untracked 
| 138|0x0000000788a00000, 0x0000000788b00000, 0x0000000788b00000|100%| O|  |TAMS 0x0000000788b00000, 0x0000000788a00000| Updating 
| 139|0x0000000788b00000, 0x0000000788c00000, 0x0000000788c00000|100%|HS|  |TAMS 0x0000000788b00000, 0x0000000788b00000| Complete 
| 140|0x0000000788c00000, 0x0000000788d00000, 0x0000000788d00000|100%|HS|  |TAMS 0x0000000788d00000, 0x0000000788c00000| Complete 
| 141|0x0000000788d00000, 0x0000000788e00000, 0x0000000788e00000|100%|HC|  |TAMS 0x0000000788e00000, 0x0000000788d00000| Complete 
| 142|0x0000000788e00000, 0x0000000788f00000, 0x0000000788f00000|100%| O|  |TAMS 0x0000000788f00000, 0x0000000788e00000| Untracked 
| 143|0x0000000788f00000, 0x0000000789000000, 0x0000000789000000|100%| O|  |TAMS 0x0000000789000000, 0x0000000788f00000| Untracked 
| 144|0x0000000789000000, 0x0000000789100000, 0x0000000789100000|100%| O|  |TAMS 0x0000000789100000, 0x0000000789000000| Untracked 
| 145|0x0000000789100000, 0x0000000789200000, 0x0000000789200000|100%| O|  |TAMS 0x0000000789200000, 0x0000000789100000| Untracked 
| 146|0x0000000789200000, 0x0000000789300000, 0x0000000789300000|100%| O|  |TAMS 0x0000000789300000, 0x0000000789200000| Untracked 
| 147|0x0000000789300000, 0x0000000789400000, 0x0000000789400000|100%| O|  |TAMS 0x0000000789400000, 0x0000000789300000| Untracked 
| 148|0x0000000789400000, 0x0000000789500000, 0x0000000789500000|100%| O|  |TAMS 0x0000000789500000, 0x0000000789400000| Untracked 
| 149|0x0000000789500000, 0x0000000789600000, 0x0000000789600000|100%| O|  |TAMS 0x0000000789600000, 0x0000000789500000| Untracked 
| 150|0x0000000789600000, 0x0000000789700000, 0x0000000789700000|100%| O|  |TAMS 0x0000000789700000, 0x0000000789600000| Untracked 
| 151|0x0000000789700000, 0x0000000789800000, 0x0000000789800000|100%|HS|  |TAMS 0x0000000789800000, 0x0000000789700000| Complete 
| 152|0x0000000789800000, 0x0000000789900000, 0x0000000789900000|100%| O|  |TAMS 0x0000000789900000, 0x0000000789800000| Untracked 
| 153|0x0000000789900000, 0x0000000789a00000, 0x0000000789a00000|100%|HS|  |TAMS 0x0000000789a00000, 0x0000000789900000| Complete 
| 154|0x0000000789a00000, 0x0000000789b00000, 0x0000000789b00000|100%|HC|  |TAMS 0x0000000789b00000, 0x0000000789a00000| Complete 
| 155|0x0000000789b00000, 0x0000000789c00000, 0x0000000789c00000|100%|HC|  |TAMS 0x0000000789c00000, 0x0000000789b00000| Complete 
| 156|0x0000000789c00000, 0x0000000789d00000, 0x0000000789d00000|100%|HC|  |TAMS 0x0000000789d00000, 0x0000000789c00000| Complete 
| 157|0x0000000789d00000, 0x0000000789e00000, 0x0000000789e00000|100%| O|  |TAMS 0x0000000789e00000, 0x0000000789d00000| Untracked 
| 158|0x0000000789e00000, 0x0000000789f00000, 0x0000000789f00000|100%| O|  |TAMS 0x0000000789f00000, 0x0000000789e00000| Untracked 
| 159|0x0000000789f00000, 0x000000078a000000, 0x000000078a000000|100%| O|  |TAMS 0x000000078a000000, 0x0000000789f00000| Untracked 
| 160|0x000000078a000000, 0x000000078a100000, 0x000000078a100000|100%|HS|  |TAMS 0x000000078a100000, 0x000000078a000000| Complete 
| 161|0x000000078a100000, 0x000000078a200000, 0x000000078a200000|100%| O|  |TAMS 0x000000078a200000, 0x000000078a100000| Untracked 
| 162|0x000000078a200000, 0x000000078a300000, 0x000000078a300000|100%| O|  |TAMS 0x000000078a300000, 0x000000078a200000| Untracked 
| 163|0x000000078a300000, 0x000000078a400000, 0x000000078a400000|100%| O|  |TAMS 0x000000078a400000, 0x000000078a300000| Untracked 
| 164|0x000000078a400000, 0x000000078a500000, 0x000000078a500000|100%| O|  |TAMS 0x000000078a500000, 0x000000078a400000| Updating 
| 165|0x000000078a500000, 0x000000078a600000, 0x000000078a600000|100%| O|  |TAMS 0x000000078a600000, 0x000000078a500000| Untracked 
| 166|0x000000078a600000, 0x000000078a700000, 0x000000078a700000|100%|HS|  |TAMS 0x000000078a700000, 0x000000078a600000| Complete 
| 167|0x000000078a700000, 0x000000078a800000, 0x000000078a800000|100%| O|  |TAMS 0x000000078a800000, 0x000000078a700000| Untracked 
| 168|0x000000078a800000, 0x000000078a900000, 0x000000078a900000|100%| O|  |TAMS 0x000000078a900000, 0x000000078a800000| Untracked 
| 169|0x000000078a900000, 0x000000078aa00000, 0x000000078aa00000|100%| O|  |TAMS 0x000000078aa00000, 0x000000078a900000| Untracked 
| 170|0x000000078aa00000, 0x000000078ab00000, 0x000000078ab00000|100%| O|  |TAMS 0x000000078ab00000, 0x000000078aa00000| Untracked 
| 171|0x000000078ab00000, 0x000000078ac00000, 0x000000078ac00000|100%|HS|  |TAMS 0x000000078ab00000, 0x000000078ab00000| Complete 
| 172|0x000000078ac00000, 0x000000078ad00000, 0x000000078ad00000|100%|HS|  |TAMS 0x000000078ac00000, 0x000000078ac00000| Complete 
| 173|0x000000078ad00000, 0x000000078ae00000, 0x000000078ae00000|100%| O|  |TAMS 0x000000078ae00000, 0x000000078ad00000| Updating 
| 174|0x000000078ae00000, 0x000000078af00000, 0x000000078af00000|100%| O|  |TAMS 0x000000078af00000, 0x000000078ae00000| Untracked 
| 175|0x000000078af00000, 0x000000078b000000, 0x000000078b000000|100%| O|  |TAMS 0x000000078b000000, 0x000000078af00000| Untracked 
| 176|0x000000078b000000, 0x000000078b100000, 0x000000078b100000|100%| O|  |TAMS 0x000000078b100000, 0x000000078b000000| Untracked 
| 177|0x000000078b100000, 0x000000078b200000, 0x000000078b200000|100%| O|  |TAMS 0x000000078b200000, 0x000000078b100000| Updating 
| 178|0x000000078b200000, 0x000000078b300000, 0x000000078b300000|100%|HS|  |TAMS 0x000000078b300000, 0x000000078b200000| Complete 
| 179|0x000000078b300000, 0x000000078b400000, 0x000000078b400000|100%| O|  |TAMS 0x000000078b400000, 0x000000078b300000| Updating 
| 180|0x000000078b400000, 0x000000078b500000, 0x000000078b500000|100%| O|  |TAMS 0x000000078b500000, 0x000000078b400000| Untracked 
| 181|0x000000078b500000, 0x000000078b600000, 0x000000078b600000|100%| O|  |TAMS 0x000000078b600000, 0x000000078b500000| Untracked 
| 182|0x000000078b600000, 0x000000078b700000, 0x000000078b700000|100%| O|  |TAMS 0x000000078b700000, 0x000000078b600000| Updating 
| 183|0x000000078b700000, 0x000000078b800000, 0x000000078b800000|100%| O|  |TAMS 0x000000078b800000, 0x000000078b700000| Updating 
| 184|0x000000078b800000, 0x000000078b900000, 0x000000078b900000|100%| O|  |TAMS 0x000000078b900000, 0x000000078b800000| Updating 
| 185|0x000000078b900000, 0x000000078ba00000, 0x000000078ba00000|100%| O|  |TAMS 0x000000078ba00000, 0x000000078b900000| Untracked 
| 186|0x000000078ba00000, 0x000000078bb00000, 0x000000078bb00000|100%| O|  |TAMS 0x000000078bb00000, 0x000000078ba00000| Untracked 
| 187|0x000000078bb00000, 0x000000078bc00000, 0x000000078bc00000|100%| O|  |TAMS 0x000000078bc00000, 0x000000078bb00000| Untracked 
| 188|0x000000078bc00000, 0x000000078bd00000, 0x000000078bd00000|100%| O|  |TAMS 0x000000078bd00000, 0x000000078bc00000| Untracked 
| 189|0x000000078bd00000, 0x000000078be00000, 0x000000078be00000|100%| O|  |TAMS 0x000000078be00000, 0x000000078bd00000| Untracked 
| 190|0x000000078be00000, 0x000000078bf00000, 0x000000078bf00000|100%| O|  |TAMS 0x000000078bf00000, 0x000000078be00000| Untracked 
| 191|0x000000078bf00000, 0x000000078c000000, 0x000000078c000000|100%| O|  |TAMS 0x000000078c000000, 0x000000078bf00000| Untracked 
| 192|0x000000078c000000, 0x000000078c100000, 0x000000078c100000|100%| O|  |TAMS 0x000000078c100000, 0x000000078c000000| Untracked 
| 193|0x000000078c100000, 0x000000078c200000, 0x000000078c200000|100%| O|  |TAMS 0x000000078c200000, 0x000000078c100000| Untracked 
| 194|0x000000078c200000, 0x000000078c300000, 0x000000078c300000|100%| O|  |TAMS 0x000000078c300000, 0x000000078c200000| Updating 
| 195|0x000000078c300000, 0x000000078c400000, 0x000000078c400000|100%| O|  |TAMS 0x000000078c400000, 0x000000078c300000| Untracked 
| 196|0x000000078c400000, 0x000000078c500000, 0x000000078c500000|100%| O|  |TAMS 0x000000078c500000, 0x000000078c400000| Updating 
| 197|0x000000078c500000, 0x000000078c600000, 0x000000078c600000|100%| O|  |TAMS 0x000000078c600000, 0x000000078c500000| Untracked 
| 198|0x000000078c600000, 0x000000078c700000, 0x000000078c700000|100%| O|  |TAMS 0x000000078c700000, 0x000000078c600000| Untracked 
| 199|0x000000078c700000, 0x000000078c800000, 0x000000078c800000|100%| O|  |TAMS 0x000000078c800000, 0x000000078c700000| Untracked 
| 200|0x000000078c800000, 0x000000078c900000, 0x000000078c900000|100%| O|  |TAMS 0x000000078c900000, 0x000000078c800000| Updating 
| 201|0x000000078c900000, 0x000000078ca00000, 0x000000078ca00000|100%| O|  |TAMS 0x000000078ca00000, 0x000000078c900000| Untracked 
| 202|0x000000078ca00000, 0x000000078cb00000, 0x000000078cb00000|100%| O|  |TAMS 0x000000078cb00000, 0x000000078ca00000| Updating 
| 203|0x000000078cb00000, 0x000000078cc00000, 0x000000078cc00000|100%|HS|  |TAMS 0x000000078cc00000, 0x000000078cb00000| Complete 
| 204|0x000000078cc00000, 0x000000078cd00000, 0x000000078cd00000|100%| O|  |TAMS 0x000000078cd00000, 0x000000078cc00000| Untracked 
| 205|0x000000078cd00000, 0x000000078ce00000, 0x000000078ce00000|100%|HS|  |TAMS 0x000000078ce00000, 0x000000078cd00000| Complete 
| 206|0x000000078ce00000, 0x000000078cf00000, 0x000000078cf00000|100%|HS|  |TAMS 0x000000078cf00000, 0x000000078ce00000| Complete 
| 207|0x000000078cf00000, 0x000000078d000000, 0x000000078d000000|100%| O|  |TAMS 0x000000078d000000, 0x000000078cf00000| Untracked 
| 208|0x000000078d000000, 0x000000078d100000, 0x000000078d100000|100%| O|  |TAMS 0x000000078d100000, 0x000000078d000000| Untracked 
| 209|0x000000078d100000, 0x000000078d200000, 0x000000078d200000|100%| O|  |TAMS 0x000000078d200000, 0x000000078d100000| Untracked 
| 210|0x000000078d200000, 0x000000078d300000, 0x000000078d300000|100%| O|  |TAMS 0x000000078d300000, 0x000000078d200000| Updating 
| 211|0x000000078d300000, 0x000000078d400000, 0x000000078d400000|100%| O|  |TAMS 0x000000078d400000, 0x000000078d300000| Untracked 
| 212|0x000000078d400000, 0x000000078d500000, 0x000000078d500000|100%| O|  |TAMS 0x000000078d500000, 0x000000078d400000| Untracked 
| 213|0x000000078d500000, 0x000000078d600000, 0x000000078d600000|100%| O|  |TAMS 0x000000078d600000, 0x000000078d500000| Untracked 
| 214|0x000000078d600000, 0x000000078d700000, 0x000000078d700000|100%| O|  |TAMS 0x000000078d700000, 0x000000078d600000| Untracked 
| 215|0x000000078d700000, 0x000000078d800000, 0x000000078d800000|100%| O|  |TAMS 0x000000078d800000, 0x000000078d700000| Untracked 
| 216|0x000000078d800000, 0x000000078d900000, 0x000000078d900000|100%| O|  |TAMS 0x000000078d900000, 0x000000078d800000| Untracked 
| 217|0x000000078d900000, 0x000000078da00000, 0x000000078da00000|100%| O|  |TAMS 0x000000078da00000, 0x000000078d900000| Updating 
| 218|0x000000078da00000, 0x000000078db00000, 0x000000078db00000|100%| O|  |TAMS 0x000000078db00000, 0x000000078da00000| Untracked 
| 219|0x000000078db00000, 0x000000078dc00000, 0x000000078dc00000|100%| O|  |TAMS 0x000000078dc00000, 0x000000078db00000| Updating 
| 220|0x000000078dc00000, 0x000000078dd00000, 0x000000078dd00000|100%| O|  |TAMS 0x000000078dd00000, 0x000000078dc00000| Untracked 
| 221|0x000000078dd00000, 0x000000078de00000, 0x000000078de00000|100%| O|  |TAMS 0x000000078de00000, 0x000000078dd00000| Untracked 
| 222|0x000000078de00000, 0x000000078df00000, 0x000000078df00000|100%| O|  |TAMS 0x000000078df00000, 0x000000078de00000| Untracked 
| 223|0x000000078df00000, 0x000000078e000000, 0x000000078e000000|100%| O|  |TAMS 0x000000078e000000, 0x000000078df00000| Untracked 
| 224|0x000000078e000000, 0x000000078e100000, 0x000000078e100000|100%| O|  |TAMS 0x000000078e100000, 0x000000078e000000| Untracked 
| 225|0x000000078e100000, 0x000000078e200000, 0x000000078e200000|100%| O|  |TAMS 0x000000078e200000, 0x000000078e100000| Untracked 
| 226|0x000000078e200000, 0x000000078e300000, 0x000000078e300000|100%|HS|  |TAMS 0x000000078e300000, 0x000000078e200000| Complete 
| 227|0x000000078e300000, 0x000000078e400000, 0x000000078e400000|100%|HS|  |TAMS 0x000000078e400000, 0x000000078e300000| Complete 
| 228|0x000000078e400000, 0x000000078e500000, 0x000000078e500000|100%|HC|  |TAMS 0x000000078e500000, 0x000000078e400000| Complete 
| 229|0x000000078e500000, 0x000000078e600000, 0x000000078e600000|100%| O|  |TAMS 0x000000078e600000, 0x000000078e500000| Untracked 
| 230|0x000000078e600000, 0x000000078e700000, 0x000000078e700000|100%| O|  |TAMS 0x000000078e700000, 0x000000078e600000| Untracked 
| 231|0x000000078e700000, 0x000000078e800000, 0x000000078e800000|100%| O|  |TAMS 0x000000078e800000, 0x000000078e700000| Untracked 
| 232|0x000000078e800000, 0x000000078e900000, 0x000000078e900000|100%| O|  |TAMS 0x000000078e900000, 0x000000078e800000| Untracked 
| 233|0x000000078e900000, 0x000000078ea00000, 0x000000078ea00000|100%| O|  |TAMS 0x000000078ea00000, 0x000000078e900000| Untracked 
| 234|0x000000078ea00000, 0x000000078eb00000, 0x000000078eb00000|100%| O|  |TAMS 0x000000078eb00000, 0x000000078ea00000| Untracked 
| 235|0x000000078eb00000, 0x000000078ec00000, 0x000000078ec00000|100%| O|  |TAMS 0x000000078ec00000, 0x000000078eb00000| Untracked 
| 236|0x000000078ec00000, 0x000000078ed00000, 0x000000078ed00000|100%| O|  |TAMS 0x000000078ed00000, 0x000000078ec00000| Untracked 
| 237|0x000000078ed00000, 0x000000078ee00000, 0x000000078ee00000|100%| O|  |TAMS 0x000000078ee00000, 0x000000078ed00000| Untracked 
| 238|0x000000078ee00000, 0x000000078ef00000, 0x000000078ef00000|100%| O|  |TAMS 0x000000078ef00000, 0x000000078ee00000| Updating 
| 239|0x000000078ef00000, 0x000000078f000000, 0x000000078f000000|100%|HS|  |TAMS 0x000000078f000000, 0x000000078ef00000| Complete 
| 240|0x000000078f000000, 0x000000078f100000, 0x000000078f100000|100%|HC|  |TAMS 0x000000078f100000, 0x000000078f000000| Complete 
| 241|0x000000078f100000, 0x000000078f200000, 0x000000078f200000|100%|HC|  |TAMS 0x000000078f200000, 0x000000078f100000| Complete 
| 242|0x000000078f200000, 0x000000078f300000, 0x000000078f300000|100%|HC|  |TAMS 0x000000078f300000, 0x000000078f200000| Complete 
| 243|0x000000078f300000, 0x000000078f400000, 0x000000078f400000|100%| O|  |TAMS 0x000000078f400000, 0x000000078f300000| Untracked 
| 244|0x000000078f400000, 0x000000078f500000, 0x000000078f500000|100%| O|  |TAMS 0x000000078f500000, 0x000000078f400000| Untracked 
| 245|0x000000078f500000, 0x000000078f600000, 0x000000078f600000|100%| O|  |TAMS 0x000000078f600000, 0x000000078f500000| Untracked 
| 246|0x000000078f600000, 0x000000078f700000, 0x000000078f700000|100%| O|  |TAMS 0x000000078f700000, 0x000000078f600000| Untracked 
| 247|0x000000078f700000, 0x000000078f800000, 0x000000078f800000|100%| O|  |TAMS 0x000000078f800000, 0x000000078f700000| Untracked 
| 248|0x000000078f800000, 0x000000078f900000, 0x000000078f900000|100%| O|  |TAMS 0x000000078f900000, 0x000000078f800000| Untracked 
| 249|0x000000078f900000, 0x000000078fa00000, 0x000000078fa00000|100%| O|  |TAMS 0x000000078fa00000, 0x000000078f900000| Untracked 
| 250|0x000000078fa00000, 0x000000078fb00000, 0x000000078fb00000|100%| O|  |TAMS 0x000000078fb00000, 0x000000078fa00000| Untracked 
| 251|0x000000078fb00000, 0x000000078fc00000, 0x000000078fc00000|100%| O|  |TAMS 0x000000078fc00000, 0x000000078fb00000| Untracked 
| 252|0x000000078fc00000, 0x000000078fd00000, 0x000000078fd00000|100%| O|  |TAMS 0x000000078fd00000, 0x000000078fc00000| Untracked 
| 253|0x000000078fd00000, 0x000000078fe00000, 0x000000078fe00000|100%| O|  |TAMS 0x000000078fe00000, 0x000000078fd00000| Untracked 
| 254|0x000000078fe00000, 0x000000078ff00000, 0x000000078ff00000|100%| O|  |TAMS 0x000000078ff00000, 0x000000078fe00000| Untracked 
| 255|0x000000078ff00000, 0x0000000790000000, 0x0000000790000000|100%| O|  |TAMS 0x0000000790000000, 0x000000078ff00000| Updating 
| 256|0x0000000790000000, 0x0000000790100000, 0x0000000790100000|100%| O|  |TAMS 0x0000000790100000, 0x0000000790000000| Untracked 
| 257|0x0000000790100000, 0x0000000790200000, 0x0000000790200000|100%| O|  |TAMS 0x0000000790200000, 0x0000000790100000| Untracked 
| 258|0x0000000790200000, 0x0000000790300000, 0x0000000790300000|100%| O|  |TAMS 0x0000000790300000, 0x0000000790200000| Untracked 
| 259|0x0000000790300000, 0x0000000790400000, 0x0000000790400000|100%| O|  |TAMS 0x0000000790400000, 0x0000000790300000| Untracked 
| 260|0x0000000790400000, 0x0000000790500000, 0x0000000790500000|100%| O|  |TAMS 0x0000000790500000, 0x0000000790400000| Untracked 
| 261|0x0000000790500000, 0x0000000790600000, 0x0000000790600000|100%| O|  |TAMS 0x0000000790600000, 0x0000000790500000| Untracked 
| 262|0x0000000790600000, 0x0000000790700000, 0x0000000790700000|100%| O|  |TAMS 0x0000000790700000, 0x0000000790600000| Untracked 
| 263|0x0000000790700000, 0x0000000790800000, 0x0000000790800000|100%| O|  |TAMS 0x0000000790800000, 0x0000000790700000| Untracked 
| 264|0x0000000790800000, 0x0000000790900000, 0x0000000790900000|100%| O|  |TAMS 0x0000000790900000, 0x0000000790800000| Untracked 
| 265|0x0000000790900000, 0x0000000790a00000, 0x0000000790a00000|100%| O|  |TAMS 0x0000000790a00000, 0x0000000790900000| Untracked 
| 266|0x0000000790a00000, 0x0000000790b00000, 0x0000000790b00000|100%| O|  |TAMS 0x0000000790b00000, 0x0000000790a00000| Untracked 
| 267|0x0000000790b00000, 0x0000000790c00000, 0x0000000790c00000|100%| O|  |TAMS 0x0000000790c00000, 0x0000000790b00000| Untracked 
| 268|0x0000000790c00000, 0x0000000790d00000, 0x0000000790d00000|100%| O|  |TAMS 0x0000000790d00000, 0x0000000790c00000| Untracked 
| 269|0x0000000790d00000, 0x0000000790e00000, 0x0000000790e00000|100%| O|  |TAMS 0x0000000790e00000, 0x0000000790d00000| Untracked 
| 270|0x0000000790e00000, 0x0000000790f00000, 0x0000000790f00000|100%| O|  |TAMS 0x0000000790f00000, 0x0000000790e00000| Untracked 
| 271|0x0000000790f00000, 0x0000000791000000, 0x0000000791000000|100%| O|  |TAMS 0x0000000791000000, 0x0000000790f00000| Untracked 
| 272|0x0000000791000000, 0x0000000791100000, 0x0000000791100000|100%| O|  |TAMS 0x0000000791100000, 0x0000000791000000| Untracked 
| 273|0x0000000791100000, 0x0000000791200000, 0x0000000791200000|100%| O|  |TAMS 0x0000000791200000, 0x0000000791100000| Untracked 
| 274|0x0000000791200000, 0x0000000791300000, 0x0000000791300000|100%| O|  |TAMS 0x0000000791300000, 0x0000000791200000| Untracked 
| 275|0x0000000791300000, 0x0000000791400000, 0x0000000791400000|100%| O|  |TAMS 0x0000000791400000, 0x0000000791300000| Untracked 
| 276|0x0000000791400000, 0x0000000791500000, 0x0000000791500000|100%| O|  |TAMS 0x0000000791500000, 0x0000000791400000| Untracked 
| 277|0x0000000791500000, 0x0000000791600000, 0x0000000791600000|100%| O|  |TAMS 0x0000000791600000, 0x0000000791500000| Untracked 
| 278|0x0000000791600000, 0x0000000791700000, 0x0000000791700000|100%| O|  |TAMS 0x0000000791700000, 0x0000000791600000| Untracked 
| 279|0x0000000791700000, 0x0000000791800000, 0x0000000791800000|100%| O|  |TAMS 0x0000000791800000, 0x0000000791700000| Untracked 
| 280|0x0000000791800000, 0x0000000791900000, 0x0000000791900000|100%| O|  |TAMS 0x0000000791900000, 0x0000000791800000| Untracked 
| 281|0x0000000791900000, 0x0000000791a00000, 0x0000000791a00000|100%| O|  |TAMS 0x0000000791a00000, 0x0000000791900000| Untracked 
| 282|0x0000000791a00000, 0x0000000791b00000, 0x0000000791b00000|100%| O|  |TAMS 0x0000000791b00000, 0x0000000791a00000| Untracked 
| 283|0x0000000791b00000, 0x0000000791c00000, 0x0000000791c00000|100%| O|  |TAMS 0x0000000791c00000, 0x0000000791b00000| Untracked 
| 284|0x0000000791c00000, 0x0000000791d00000, 0x0000000791d00000|100%| O|  |TAMS 0x0000000791d00000, 0x0000000791c00000| Untracked 
| 285|0x0000000791d00000, 0x0000000791e00000, 0x0000000791e00000|100%| O|  |TAMS 0x0000000791e00000, 0x0000000791d00000| Updating 
| 286|0x0000000791e00000, 0x0000000791f00000, 0x0000000791f00000|100%| O|  |TAMS 0x0000000791f00000, 0x0000000791e00000| Untracked 
| 287|0x0000000791f00000, 0x0000000792000000, 0x0000000792000000|100%| O|  |TAMS 0x0000000792000000, 0x0000000791f00000| Untracked 
| 288|0x0000000792000000, 0x0000000792100000, 0x0000000792100000|100%| O|  |TAMS 0x0000000792100000, 0x0000000792000000| Untracked 
| 289|0x0000000792100000, 0x0000000792200000, 0x0000000792200000|100%| O|  |TAMS 0x0000000792200000, 0x0000000792100000| Updating 
| 290|0x0000000792200000, 0x0000000792300000, 0x0000000792300000|100%| O|  |TAMS 0x0000000792300000, 0x0000000792200000| Untracked 
| 291|0x0000000792300000, 0x0000000792400000, 0x0000000792400000|100%| O|  |TAMS 0x0000000792400000, 0x0000000792300000| Untracked 
| 292|0x0000000792400000, 0x0000000792500000, 0x0000000792500000|100%| O|  |TAMS 0x0000000792500000, 0x0000000792400000| Untracked 
| 293|0x0000000792500000, 0x0000000792600000, 0x0000000792600000|100%| O|  |TAMS 0x0000000792600000, 0x0000000792500000| Untracked 
| 294|0x0000000792600000, 0x0000000792700000, 0x0000000792700000|100%| O|  |TAMS 0x0000000792700000, 0x0000000792600000| Untracked 
| 295|0x0000000792700000, 0x0000000792800000, 0x0000000792800000|100%| O|  |TAMS 0x0000000792800000, 0x0000000792700000| Untracked 
| 296|0x0000000792800000, 0x0000000792900000, 0x0000000792900000|100%| O|  |TAMS 0x0000000792900000, 0x0000000792800000| Updating 
| 297|0x0000000792900000, 0x0000000792a00000, 0x0000000792a00000|100%| O|  |TAMS 0x0000000792a00000, 0x0000000792900000| Untracked 
| 298|0x0000000792a00000, 0x0000000792b00000, 0x0000000792b00000|100%| O|  |TAMS 0x0000000792b00000, 0x0000000792a00000| Untracked 
| 299|0x0000000792b00000, 0x0000000792c00000, 0x0000000792c00000|100%|HS|  |TAMS 0x0000000792c00000, 0x0000000792b00000| Complete 
| 300|0x0000000792c00000, 0x0000000792d00000, 0x0000000792d00000|100%|HS|  |TAMS 0x0000000792d00000, 0x0000000792c00000| Complete 
| 301|0x0000000792d00000, 0x0000000792e00000, 0x0000000792e00000|100%| O|  |TAMS 0x0000000792e00000, 0x0000000792d00000| Untracked 
| 302|0x0000000792e00000, 0x0000000792f00000, 0x0000000792f00000|100%| O|  |TAMS 0x0000000792f00000, 0x0000000792e00000| Untracked 
| 303|0x0000000792f00000, 0x0000000793000000, 0x0000000793000000|100%| O|  |TAMS 0x0000000793000000, 0x0000000792f00000| Updating 
| 304|0x0000000793000000, 0x0000000793100000, 0x0000000793100000|100%| O|  |TAMS 0x0000000793100000, 0x0000000793000000| Updating 
| 305|0x0000000793100000, 0x0000000793200000, 0x0000000793200000|100%| O|  |TAMS 0x0000000793200000, 0x0000000793100000| Untracked 
| 306|0x0000000793200000, 0x0000000793300000, 0x0000000793300000|100%| O|  |TAMS 0x0000000793300000, 0x0000000793200000| Untracked 
| 307|0x0000000793300000, 0x0000000793400000, 0x0000000793400000|100%| O|  |TAMS 0x0000000793400000, 0x0000000793300000| Untracked 
| 308|0x0000000793400000, 0x0000000793500000, 0x0000000793500000|100%| O|  |TAMS 0x0000000793500000, 0x0000000793400000| Untracked 
| 309|0x0000000793500000, 0x0000000793600000, 0x0000000793600000|100%| O|  |TAMS 0x0000000793600000, 0x0000000793500000| Untracked 
| 310|0x0000000793600000, 0x0000000793700000, 0x0000000793700000|100%| O|  |TAMS 0x0000000793700000, 0x0000000793600000| Updating 
| 311|0x0000000793700000, 0x0000000793800000, 0x0000000793800000|100%| O|  |TAMS 0x0000000793800000, 0x0000000793700000| Untracked 
| 312|0x0000000793800000, 0x0000000793900000, 0x0000000793900000|100%|HS|  |TAMS 0x0000000793900000, 0x0000000793800000| Complete 
| 313|0x0000000793900000, 0x0000000793a00000, 0x0000000793a00000|100%| O|  |TAMS 0x0000000793a00000, 0x0000000793900000| Untracked 
| 314|0x0000000793a00000, 0x0000000793b00000, 0x0000000793b00000|100%| O|  |TAMS 0x0000000793b00000, 0x0000000793a00000| Updating 
| 315|0x0000000793b00000, 0x0000000793c00000, 0x0000000793c00000|100%| O|  |TAMS 0x0000000793c00000, 0x0000000793b00000| Untracked 
| 316|0x0000000793c00000, 0x0000000793d00000, 0x0000000793d00000|100%| O|  |TAMS 0x0000000793d00000, 0x0000000793c00000| Untracked 
| 317|0x0000000793d00000, 0x0000000793e00000, 0x0000000793e00000|100%| O|  |TAMS 0x0000000793e00000, 0x0000000793d00000| Updating 
| 318|0x0000000793e00000, 0x0000000793f00000, 0x0000000793f00000|100%| O|  |TAMS 0x0000000793f00000, 0x0000000793e00000| Untracked 
| 319|0x0000000793f00000, 0x0000000794000000, 0x0000000794000000|100%| O|  |TAMS 0x0000000794000000, 0x0000000793f00000| Untracked 
| 320|0x0000000794000000, 0x0000000794100000, 0x0000000794100000|100%| O|  |TAMS 0x0000000794100000, 0x0000000794000000| Untracked 
| 321|0x0000000794100000, 0x0000000794200000, 0x0000000794200000|100%| O|  |TAMS 0x0000000794200000, 0x0000000794100000| Untracked 
| 322|0x0000000794200000, 0x0000000794300000, 0x0000000794300000|100%| O|  |TAMS 0x0000000794300000, 0x0000000794200000| Untracked 
| 323|0x0000000794300000, 0x0000000794400000, 0x0000000794400000|100%| O|  |TAMS 0x0000000794400000, 0x0000000794300000| Untracked 
| 324|0x0000000794400000, 0x0000000794500000, 0x0000000794500000|100%| O|  |TAMS 0x0000000794500000, 0x0000000794400000| Untracked 
| 325|0x0000000794500000, 0x0000000794600000, 0x0000000794600000|100%| O|  |TAMS 0x0000000794600000, 0x0000000794500000| Untracked 
| 326|0x0000000794600000, 0x0000000794700000, 0x0000000794700000|100%| O|  |TAMS 0x0000000794700000, 0x0000000794600000| Untracked 
| 327|0x0000000794700000, 0x0000000794800000, 0x0000000794800000|100%| O|  |TAMS 0x0000000794800000, 0x0000000794700000| Updating 
| 328|0x0000000794800000, 0x0000000794900000, 0x0000000794900000|100%| O|  |TAMS 0x0000000794900000, 0x0000000794800000| Untracked 
| 329|0x0000000794900000, 0x0000000794a00000, 0x0000000794a00000|100%| O|  |TAMS 0x0000000794a00000, 0x0000000794900000| Untracked 
| 330|0x0000000794a00000, 0x0000000794b00000, 0x0000000794b00000|100%| O|  |TAMS 0x0000000794b00000, 0x0000000794a00000| Untracked 
| 331|0x0000000794b00000, 0x0000000794c00000, 0x0000000794c00000|100%| O|  |TAMS 0x0000000794c00000, 0x0000000794b00000| Untracked 
| 332|0x0000000794c00000, 0x0000000794d00000, 0x0000000794d00000|100%| O|  |TAMS 0x0000000794d00000, 0x0000000794c00000| Updating 
| 333|0x0000000794d00000, 0x0000000794e00000, 0x0000000794e00000|100%| O|  |TAMS 0x0000000794e00000, 0x0000000794d00000| Updating 
| 334|0x0000000794e00000, 0x0000000794f00000, 0x0000000794f00000|100%| O|  |TAMS 0x0000000794f00000, 0x0000000794e00000| Untracked 
| 335|0x0000000794f00000, 0x0000000795000000, 0x0000000795000000|100%|HS|  |TAMS 0x0000000795000000, 0x0000000794f00000| Complete 
| 336|0x0000000795000000, 0x0000000795100000, 0x0000000795100000|100%| O|  |TAMS 0x0000000795100000, 0x0000000795000000| Untracked 
| 337|0x0000000795100000, 0x0000000795200000, 0x0000000795200000|100%| O|  |TAMS 0x0000000795200000, 0x0000000795100000| Untracked 
| 338|0x0000000795200000, 0x0000000795300000, 0x0000000795300000|100%|HS|  |TAMS 0x0000000795300000, 0x0000000795200000| Complete 
| 339|0x0000000795300000, 0x0000000795400000, 0x0000000795400000|100%|HC|  |TAMS 0x0000000795400000, 0x0000000795300000| Complete 
| 340|0x0000000795400000, 0x0000000795500000, 0x0000000795500000|100%| O|  |TAMS 0x0000000795500000, 0x0000000795400000| Untracked 
| 341|0x0000000795500000, 0x0000000795600000, 0x0000000795600000|100%| O|  |TAMS 0x0000000795600000, 0x0000000795500000| Untracked 
| 342|0x0000000795600000, 0x0000000795700000, 0x0000000795700000|100%| O|  |TAMS 0x0000000795700000, 0x0000000795600000| Untracked 
| 343|0x0000000795700000, 0x0000000795800000, 0x0000000795800000|100%| O|  |TAMS 0x0000000795800000, 0x0000000795700000| Untracked 
| 344|0x0000000795800000, 0x0000000795900000, 0x0000000795900000|100%| O|  |TAMS 0x0000000795900000, 0x0000000795800000| Untracked 
| 345|0x0000000795900000, 0x0000000795a00000, 0x0000000795a00000|100%| O|  |TAMS 0x0000000795a00000, 0x0000000795900000| Untracked 
| 346|0x0000000795a00000, 0x0000000795b00000, 0x0000000795b00000|100%| O|  |TAMS 0x0000000795b00000, 0x0000000795a00000| Untracked 
| 347|0x0000000795b00000, 0x0000000795c00000, 0x0000000795c00000|100%| O|  |TAMS 0x0000000795c00000, 0x0000000795b00000| Untracked 
| 348|0x0000000795c00000, 0x0000000795d00000, 0x0000000795d00000|100%| O|  |TAMS 0x0000000795d00000, 0x0000000795c00000| Untracked 
| 349|0x0000000795d00000, 0x0000000795e00000, 0x0000000795e00000|100%| O|  |TAMS 0x0000000795e00000, 0x0000000795d00000| Untracked 
| 350|0x0000000795e00000, 0x0000000795f00000, 0x0000000795f00000|100%| O|  |TAMS 0x0000000795f00000, 0x0000000795e00000| Updating 
| 351|0x0000000795f00000, 0x0000000796000000, 0x0000000796000000|100%| O|  |TAMS 0x0000000796000000, 0x0000000795f00000| Untracked 
| 352|0x0000000796000000, 0x0000000796100000, 0x0000000796100000|100%| O|  |TAMS 0x0000000796100000, 0x0000000796000000| Untracked 
| 353|0x0000000796100000, 0x0000000796200000, 0x0000000796200000|100%| O|  |TAMS 0x0000000796200000, 0x0000000796100000| Untracked 
| 354|0x0000000796200000, 0x0000000796300000, 0x0000000796300000|100%| O|  |TAMS 0x0000000796300000, 0x0000000796200000| Untracked 
| 355|0x0000000796300000, 0x0000000796400000, 0x0000000796400000|100%| O|  |TAMS 0x0000000796400000, 0x0000000796300000| Untracked 
| 356|0x0000000796400000, 0x0000000796500000, 0x0000000796500000|100%| O|  |TAMS 0x0000000796500000, 0x0000000796400000| Untracked 
| 357|0x0000000796500000, 0x0000000796600000, 0x0000000796600000|100%| O|  |TAMS 0x0000000796600000, 0x0000000796500000| Updating 
| 358|0x0000000796600000, 0x0000000796700000, 0x0000000796700000|100%| O|  |TAMS 0x0000000796700000, 0x0000000796600000| Untracked 
| 359|0x0000000796700000, 0x0000000796800000, 0x0000000796800000|100%| O|  |TAMS 0x0000000796800000, 0x0000000796700000| Updating 
| 360|0x0000000796800000, 0x0000000796900000, 0x0000000796900000|100%| O|  |TAMS 0x0000000796900000, 0x0000000796800000| Untracked 
| 361|0x0000000796900000, 0x0000000796a00000, 0x0000000796a00000|100%| O|  |TAMS 0x0000000796a00000, 0x0000000796900000| Untracked 
| 362|0x0000000796a00000, 0x0000000796b00000, 0x0000000796b00000|100%| O|  |TAMS 0x0000000796b00000, 0x0000000796a00000| Untracked 
| 363|0x0000000796b00000, 0x0000000796c00000, 0x0000000796c00000|100%| O|  |TAMS 0x0000000796c00000, 0x0000000796b00000| Untracked 
| 364|0x0000000796c00000, 0x0000000796d00000, 0x0000000796d00000|100%| O|  |TAMS 0x0000000796d00000, 0x0000000796c00000| Untracked 
| 365|0x0000000796d00000, 0x0000000796e00000, 0x0000000796e00000|100%| O|  |TAMS 0x0000000796e00000, 0x0000000796d00000| Untracked 
| 366|0x0000000796e00000, 0x0000000796f00000, 0x0000000796f00000|100%| O|  |TAMS 0x0000000796f00000, 0x0000000796e00000| Updating 
| 367|0x0000000796f00000, 0x0000000797000000, 0x0000000797000000|100%| O|  |TAMS 0x0000000797000000, 0x0000000796f00000| Untracked 
| 368|0x0000000797000000, 0x0000000797100000, 0x0000000797100000|100%| O|  |TAMS 0x0000000797100000, 0x0000000797000000| Untracked 
| 369|0x0000000797100000, 0x0000000797200000, 0x0000000797200000|100%| O|  |TAMS 0x0000000797200000, 0x0000000797100000| Untracked 
| 370|0x0000000797200000, 0x0000000797300000, 0x0000000797300000|100%| O|  |TAMS 0x0000000797300000, 0x0000000797200000| Untracked 
| 371|0x0000000797300000, 0x0000000797400000, 0x0000000797400000|100%| O|  |TAMS 0x0000000797400000, 0x0000000797300000| Untracked 
| 372|0x0000000797400000, 0x0000000797500000, 0x0000000797500000|100%| O|  |TAMS 0x0000000797500000, 0x0000000797400000| Updating 
| 373|0x0000000797500000, 0x0000000797600000, 0x0000000797600000|100%| O|  |TAMS 0x0000000797600000, 0x0000000797500000| Untracked 
| 374|0x0000000797600000, 0x0000000797700000, 0x0000000797700000|100%| O|  |TAMS 0x0000000797700000, 0x0000000797600000| Untracked 
| 375|0x0000000797700000, 0x0000000797800000, 0x0000000797800000|100%| O|  |TAMS 0x0000000797800000, 0x0000000797700000| Untracked 
| 376|0x0000000797800000, 0x0000000797900000, 0x0000000797900000|100%| O|  |TAMS 0x0000000797900000, 0x0000000797800000| Updating 
| 377|0x0000000797900000, 0x0000000797a00000, 0x0000000797a00000|100%| O|  |TAMS 0x0000000797a00000, 0x0000000797900000| Untracked 
| 378|0x0000000797a00000, 0x0000000797b00000, 0x0000000797b00000|100%| O|  |TAMS 0x0000000797b00000, 0x0000000797a00000| Updating 
| 379|0x0000000797b00000, 0x0000000797c00000, 0x0000000797c00000|100%| O|  |TAMS 0x0000000797c00000, 0x0000000797b00000| Updating 
| 380|0x0000000797c00000, 0x0000000797d00000, 0x0000000797d00000|100%| O|  |TAMS 0x0000000797d00000, 0x0000000797c00000| Untracked 
| 381|0x0000000797d00000, 0x0000000797e00000, 0x0000000797e00000|100%| O|  |TAMS 0x0000000797e00000, 0x0000000797d00000| Updating 
| 382|0x0000000797e00000, 0x0000000797f00000, 0x0000000797f00000|100%| O|  |TAMS 0x0000000797f00000, 0x0000000797e00000| Updating 
| 383|0x0000000797f00000, 0x0000000798000000, 0x0000000798000000|100%| O|  |TAMS 0x0000000798000000, 0x0000000797f00000| Untracked 
| 384|0x0000000798000000, 0x0000000798100000, 0x0000000798100000|100%| O|  |TAMS 0x0000000798100000, 0x0000000798000000| Updating 
| 385|0x0000000798100000, 0x0000000798200000, 0x0000000798200000|100%| O|  |TAMS 0x0000000798200000, 0x0000000798100000| Untracked 
| 386|0x0000000798200000, 0x0000000798300000, 0x0000000798300000|100%| O|  |TAMS 0x0000000798300000, 0x0000000798200000| Untracked 
| 387|0x0000000798300000, 0x0000000798400000, 0x0000000798400000|100%| O|  |TAMS 0x0000000798400000, 0x0000000798300000| Updating 
| 388|0x0000000798400000, 0x0000000798500000, 0x0000000798500000|100%| O|  |TAMS 0x0000000798500000, 0x0000000798400000| Updating 
| 389|0x0000000798500000, 0x0000000798600000, 0x0000000798600000|100%| O|  |TAMS 0x0000000798600000, 0x0000000798500000| Updating 
| 390|0x0000000798600000, 0x0000000798700000, 0x0000000798700000|100%| O|  |TAMS 0x0000000798700000, 0x0000000798600000| Untracked 
| 391|0x0000000798700000, 0x0000000798800000, 0x0000000798800000|100%|HS|  |TAMS 0x0000000798800000, 0x0000000798700000| Complete 
| 392|0x0000000798800000, 0x0000000798900000, 0x0000000798900000|100%| O|  |TAMS 0x0000000798900000, 0x0000000798800000| Untracked 
| 393|0x0000000798900000, 0x0000000798a00000, 0x0000000798a00000|100%| O|  |TAMS 0x0000000798a00000, 0x0000000798900000| Untracked 
| 394|0x0000000798a00000, 0x0000000798b00000, 0x0000000798b00000|100%| O|  |TAMS 0x0000000798b00000, 0x0000000798a00000| Untracked 
| 395|0x0000000798b00000, 0x0000000798c00000, 0x0000000798c00000|100%| O|  |TAMS 0x0000000798c00000, 0x0000000798b00000| Untracked 
| 396|0x0000000798c00000, 0x0000000798d00000, 0x0000000798d00000|100%| O|  |TAMS 0x0000000798d00000, 0x0000000798c00000| Untracked 
| 397|0x0000000798d00000, 0x0000000798e00000, 0x0000000798e00000|100%| O|  |TAMS 0x0000000798e00000, 0x0000000798d00000| Untracked 
| 398|0x0000000798e00000, 0x0000000798f00000, 0x0000000798f00000|100%| O|  |TAMS 0x0000000798f00000, 0x0000000798e00000| Updating 
| 399|0x0000000798f00000, 0x0000000799000000, 0x0000000799000000|100%| O|  |TAMS 0x0000000799000000, 0x0000000798f00000| Updating 
| 400|0x0000000799000000, 0x0000000799100000, 0x0000000799100000|100%| O|  |TAMS 0x0000000799100000, 0x0000000799000000| Untracked 
| 401|0x0000000799100000, 0x0000000799200000, 0x0000000799200000|100%| O|  |TAMS 0x0000000799200000, 0x0000000799100000| Untracked 
| 402|0x0000000799200000, 0x0000000799300000, 0x0000000799300000|100%| O|  |TAMS 0x0000000799300000, 0x0000000799200000| Untracked 
| 403|0x0000000799300000, 0x0000000799400000, 0x0000000799400000|100%| O|  |TAMS 0x0000000799400000, 0x0000000799300000| Untracked 
| 404|0x0000000799400000, 0x0000000799500000, 0x0000000799500000|100%| O|  |TAMS 0x0000000799500000, 0x0000000799400000| Untracked 
| 405|0x0000000799500000, 0x0000000799600000, 0x0000000799600000|100%| O|  |TAMS 0x0000000799600000, 0x0000000799500000| Untracked 
| 406|0x0000000799600000, 0x0000000799700000, 0x0000000799700000|100%| O|  |TAMS 0x0000000799700000, 0x0000000799600000| Untracked 
| 407|0x0000000799700000, 0x0000000799800000, 0x0000000799800000|100%| O|  |TAMS 0x0000000799800000, 0x0000000799700000| Untracked 
| 408|0x0000000799800000, 0x0000000799900000, 0x0000000799900000|100%| O|  |TAMS 0x0000000799900000, 0x0000000799800000| Untracked 
| 409|0x0000000799900000, 0x0000000799a00000, 0x0000000799a00000|100%| O|  |TAMS 0x0000000799a00000, 0x0000000799900000| Updating 
| 410|0x0000000799a00000, 0x0000000799b00000, 0x0000000799b00000|100%| O|  |TAMS 0x0000000799b00000, 0x0000000799a00000| Updating 
| 411|0x0000000799b00000, 0x0000000799c00000, 0x0000000799c00000|100%| O|  |TAMS 0x0000000799c00000, 0x0000000799b00000| Untracked 
| 412|0x0000000799c00000, 0x0000000799d00000, 0x0000000799d00000|100%| O|  |TAMS 0x0000000799d00000, 0x0000000799c00000| Untracked 
| 413|0x0000000799d00000, 0x0000000799e00000, 0x0000000799e00000|100%| O|  |TAMS 0x0000000799e00000, 0x0000000799d00000| Untracked 
| 414|0x0000000799e00000, 0x0000000799f00000, 0x0000000799f00000|100%| O|  |TAMS 0x0000000799f00000, 0x0000000799e00000| Untracked 
| 415|0x0000000799f00000, 0x000000079a000000, 0x000000079a000000|100%| O|  |TAMS 0x000000079a000000, 0x0000000799f00000| Untracked 
| 416|0x000000079a000000, 0x000000079a100000, 0x000000079a100000|100%| O|  |TAMS 0x000000079a100000, 0x000000079a000000| Untracked 
| 417|0x000000079a100000, 0x000000079a200000, 0x000000079a200000|100%| O|  |TAMS 0x000000079a200000, 0x000000079a100000| Untracked 
| 418|0x000000079a200000, 0x000000079a300000, 0x000000079a300000|100%| O|  |TAMS 0x000000079a300000, 0x000000079a200000| Untracked 
| 419|0x000000079a300000, 0x000000079a400000, 0x000000079a400000|100%|HS|  |TAMS 0x000000079a400000, 0x000000079a300000| Complete 
| 420|0x000000079a400000, 0x000000079a500000, 0x000000079a500000|100%|HC|  |TAMS 0x000000079a500000, 0x000000079a400000| Complete 
| 421|0x000000079a500000, 0x000000079a600000, 0x000000079a600000|100%| O|  |TAMS 0x000000079a600000, 0x000000079a500000| Untracked 
| 422|0x000000079a600000, 0x000000079a700000, 0x000000079a700000|100%| O|  |TAMS 0x000000079a700000, 0x000000079a600000| Untracked 
| 423|0x000000079a700000, 0x000000079a800000, 0x000000079a800000|100%|HS|  |TAMS 0x000000079a800000, 0x000000079a700000| Complete 
| 424|0x000000079a800000, 0x000000079a900000, 0x000000079a900000|100%|HS|  |TAMS 0x000000079a900000, 0x000000079a800000| Complete 
| 425|0x000000079a900000, 0x000000079aa00000, 0x000000079aa00000|100%|HS|  |TAMS 0x000000079aa00000, 0x000000079a900000| Complete 
| 426|0x000000079aa00000, 0x000000079ab00000, 0x000000079ab00000|100%|HS|  |TAMS 0x000000079ab00000, 0x000000079aa00000| Complete 
| 427|0x000000079ab00000, 0x000000079ac00000, 0x000000079ac00000|100%|HS|  |TAMS 0x000000079ac00000, 0x000000079ab00000| Complete 
| 428|0x000000079ac00000, 0x000000079ad00000, 0x000000079ad00000|100%|HC|  |TAMS 0x000000079ad00000, 0x000000079ac00000| Complete 
| 429|0x000000079ad00000, 0x000000079ae00000, 0x000000079ae00000|100%|HC|  |TAMS 0x000000079ae00000, 0x000000079ad00000| Complete 
| 430|0x000000079ae00000, 0x000000079af00000, 0x000000079af00000|100%|HC|  |TAMS 0x000000079af00000, 0x000000079ae00000| Complete 
| 431|0x000000079af00000, 0x000000079b000000, 0x000000079b000000|100%|HS|  |TAMS 0x000000079b000000, 0x000000079af00000| Complete 
| 432|0x000000079b000000, 0x000000079b100000, 0x000000079b100000|100%|HS|  |TAMS 0x000000079b100000, 0x000000079b000000| Complete 
| 433|0x000000079b100000, 0x000000079b200000, 0x000000079b200000|100%|HS|  |TAMS 0x000000079b200000, 0x000000079b100000| Complete 
| 434|0x000000079b200000, 0x000000079b300000, 0x000000079b300000|100%|HC|  |TAMS 0x000000079b300000, 0x000000079b200000| Complete 
| 435|0x000000079b300000, 0x000000079b400000, 0x000000079b400000|100%| O|  |TAMS 0x000000079b400000, 0x000000079b300000| Untracked 
| 436|0x000000079b400000, 0x000000079b500000, 0x000000079b500000|100%| O|  |TAMS 0x000000079b500000, 0x000000079b400000| Untracked 
| 437|0x000000079b500000, 0x000000079b600000, 0x000000079b600000|100%| O|  |TAMS 0x000000079b600000, 0x000000079b500000| Untracked 
| 438|0x000000079b600000, 0x000000079b700000, 0x000000079b700000|100%| O|  |TAMS 0x000000079b700000, 0x000000079b600000| Untracked 
| 439|0x000000079b700000, 0x000000079b800000, 0x000000079b800000|100%|HS|  |TAMS 0x000000079b700000, 0x000000079b700000| Complete 
| 440|0x000000079b800000, 0x000000079b900000, 0x000000079b900000|100%|HS|  |TAMS 0x000000079b900000, 0x000000079b800000| Complete 
| 441|0x000000079b900000, 0x000000079ba00000, 0x000000079ba00000|100%|HS|  |TAMS 0x000000079b900000, 0x000000079b900000| Complete 
| 442|0x000000079ba00000, 0x000000079bb00000, 0x000000079bb00000|100%|HC|  |TAMS 0x000000079ba00000, 0x000000079ba00000| Complete 
| 443|0x000000079bb00000, 0x000000079bc00000, 0x000000079bc00000|100%|HS|  |TAMS 0x000000079bb00000, 0x000000079bb00000| Complete 
| 444|0x000000079bc00000, 0x000000079bd00000, 0x000000079bd00000|100%| O|  |TAMS 0x000000079bd00000, 0x000000079bc00000| Untracked 
| 445|0x000000079bd00000, 0x000000079be00000, 0x000000079be00000|100%|HS|  |TAMS 0x000000079be00000, 0x000000079bd00000| Complete 
| 446|0x000000079be00000, 0x000000079bf00000, 0x000000079bf00000|100%|HC|  |TAMS 0x000000079bf00000, 0x000000079be00000| Complete 
| 447|0x000000079bf00000, 0x000000079c000000, 0x000000079c000000|100%|HS|  |TAMS 0x000000079c000000, 0x000000079bf00000| Complete 
| 448|0x000000079c000000, 0x000000079c100000, 0x000000079c100000|100%|HS|  |TAMS 0x000000079c100000, 0x000000079c000000| Complete 
| 449|0x000000079c100000, 0x000000079c200000, 0x000000079c200000|100%| O|  |TAMS 0x000000079c200000, 0x000000079c100000| Untracked 
| 450|0x000000079c200000, 0x000000079c300000, 0x000000079c300000|100%| O|  |TAMS 0x000000079c300000, 0x000000079c200000| Updating 
| 451|0x000000079c300000, 0x000000079c400000, 0x000000079c400000|100%| O|  |TAMS 0x000000079c400000, 0x000000079c300000| Updating 
| 452|0x000000079c400000, 0x000000079c500000, 0x000000079c500000|100%| O|  |TAMS 0x000000079c500000, 0x000000079c400000| Updating 
| 453|0x000000079c500000, 0x000000079c600000, 0x000000079c600000|100%| O|  |TAMS 0x000000079c600000, 0x000000079c500000| Updating 
| 454|0x000000079c600000, 0x000000079c700000, 0x000000079c700000|100%| O|  |TAMS 0x000000079c700000, 0x000000079c600000| Updating 
| 455|0x000000079c700000, 0x000000079c800000, 0x000000079c800000|100%| O|  |TAMS 0x000000079c800000, 0x000000079c700000| Updating 
| 456|0x000000079c800000, 0x000000079c900000, 0x000000079c900000|100%| O|  |TAMS 0x000000079c900000, 0x000000079c800000| Untracked 
| 457|0x000000079c900000, 0x000000079ca00000, 0x000000079ca00000|100%|HS|  |TAMS 0x000000079ca00000, 0x000000079c900000| Complete 
| 458|0x000000079ca00000, 0x000000079cb00000, 0x000000079cb00000|100%|HC|  |TAMS 0x000000079cb00000, 0x000000079ca00000| Complete 
| 459|0x000000079cb00000, 0x000000079cc00000, 0x000000079cc00000|100%| O|  |TAMS 0x000000079cc00000, 0x000000079cb00000| Untracked 
| 460|0x000000079cc00000, 0x000000079cd00000, 0x000000079cd00000|100%|HS|  |TAMS 0x000000079cd00000, 0x000000079cc00000| Complete 
| 461|0x000000079cd00000, 0x000000079ce00000, 0x000000079ce00000|100%|HC|  |TAMS 0x000000079ce00000, 0x000000079cd00000| Complete 
| 462|0x000000079ce00000, 0x000000079cf00000, 0x000000079cf00000|100%|HC|  |TAMS 0x000000079cf00000, 0x000000079ce00000| Complete 
| 463|0x000000079cf00000, 0x000000079d000000, 0x000000079d000000|100%| O|  |TAMS 0x000000079d000000, 0x000000079cf00000| Untracked 
| 464|0x000000079d000000, 0x000000079d100000, 0x000000079d100000|100%|HS|  |TAMS 0x000000079d100000, 0x000000079d000000| Complete 
| 465|0x000000079d100000, 0x000000079d200000, 0x000000079d200000|100%|HC|  |TAMS 0x000000079d200000, 0x000000079d100000| Complete 
| 466|0x000000079d200000, 0x000000079d300000, 0x000000079d300000|100%|HC|  |TAMS 0x000000079d300000, 0x000000079d200000| Complete 
| 467|0x000000079d300000, 0x000000079d400000, 0x000000079d400000|100%| O|  |TAMS 0x000000079d400000, 0x000000079d300000| Untracked 
| 468|0x000000079d400000, 0x000000079d500000, 0x000000079d500000|100%| O|  |TAMS 0x000000079d500000, 0x000000079d400000| Untracked 
| 469|0x000000079d500000, 0x000000079d600000, 0x000000079d600000|100%| O|  |TAMS 0x000000079d600000, 0x000000079d500000| Untracked 
| 470|0x000000079d600000, 0x000000079d700000, 0x000000079d700000|100%| O|  |TAMS 0x000000079d700000, 0x000000079d600000| Untracked 
| 471|0x000000079d700000, 0x000000079d800000, 0x000000079d800000|100%| O|  |TAMS 0x000000079d800000, 0x000000079d700000| Untracked 
| 472|0x000000079d800000, 0x000000079d900000, 0x000000079d900000|100%| O|  |TAMS 0x000000079d900000, 0x000000079d800000| Untracked 
| 473|0x000000079d900000, 0x000000079da00000, 0x000000079da00000|100%|HS|  |TAMS 0x000000079da00000, 0x000000079d900000| Complete 
| 474|0x000000079da00000, 0x000000079db00000, 0x000000079db00000|100%|HC|  |TAMS 0x000000079db00000, 0x000000079da00000| Complete 
| 475|0x000000079db00000, 0x000000079dc00000, 0x000000079dc00000|100%|HS|  |TAMS 0x000000079dc00000, 0x000000079db00000| Complete 
| 476|0x000000079dc00000, 0x000000079dd00000, 0x000000079dd00000|100%|HC|  |TAMS 0x000000079dd00000, 0x000000079dc00000| Complete 
| 477|0x000000079dd00000, 0x000000079de00000, 0x000000079de00000|100%| O|  |TAMS 0x000000079de00000, 0x000000079dd00000| Untracked 
| 478|0x000000079de00000, 0x000000079df00000, 0x000000079df00000|100%| O|  |TAMS 0x000000079df00000, 0x000000079de00000| Updating 
| 479|0x000000079df00000, 0x000000079e000000, 0x000000079e000000|100%| O|  |TAMS 0x000000079e000000, 0x000000079df00000| Updating 
| 480|0x000000079e000000, 0x000000079e100000, 0x000000079e100000|100%|HS|  |TAMS 0x000000079e100000, 0x000000079e000000| Complete 
| 481|0x000000079e100000, 0x000000079e200000, 0x000000079e200000|100%|HC|  |TAMS 0x000000079e200000, 0x000000079e100000| Complete 
| 482|0x000000079e200000, 0x000000079e300000, 0x000000079e300000|100%|HS|  |TAMS 0x000000079e300000, 0x000000079e200000| Complete 
| 483|0x000000079e300000, 0x000000079e400000, 0x000000079e400000|100%|HC|  |TAMS 0x000000079e400000, 0x000000079e300000| Complete 
| 484|0x000000079e400000, 0x000000079e500000, 0x000000079e500000|100%| O|  |TAMS 0x000000079e500000, 0x000000079e400000| Untracked 
| 485|0x000000079e500000, 0x000000079e600000, 0x000000079e600000|100%|HS|  |TAMS 0x000000079e600000, 0x000000079e500000| Complete 
| 486|0x000000079e600000, 0x000000079e700000, 0x000000079e700000|100%|HS|  |TAMS 0x000000079e700000, 0x000000079e600000| Complete 
| 487|0x000000079e700000, 0x000000079e800000, 0x000000079e800000|100%| O|  |TAMS 0x000000079e800000, 0x000000079e700000| Untracked 
| 488|0x000000079e800000, 0x000000079e900000, 0x000000079e900000|100%|HS|  |TAMS 0x000000079e900000, 0x000000079e800000| Complete 
| 489|0x000000079e900000, 0x000000079ea00000, 0x000000079ea00000|100%|HC|  |TAMS 0x000000079ea00000, 0x000000079e900000| Complete 
| 490|0x000000079ea00000, 0x000000079eb00000, 0x000000079eb00000|100%|HC|  |TAMS 0x000000079eb00000, 0x000000079ea00000| Complete 
| 491|0x000000079eb00000, 0x000000079ec00000, 0x000000079ec00000|100%|HS|  |TAMS 0x000000079ec00000, 0x000000079eb00000| Complete 
| 492|0x000000079ec00000, 0x000000079ed00000, 0x000000079ed00000|100%|HC|  |TAMS 0x000000079ed00000, 0x000000079ec00000| Complete 
| 493|0x000000079ed00000, 0x000000079ee00000, 0x000000079ee00000|100%|HC|  |TAMS 0x000000079ee00000, 0x000000079ed00000| Complete 
| 494|0x000000079ee00000, 0x000000079ef00000, 0x000000079ef00000|100%| O|  |TAMS 0x000000079ef00000, 0x000000079ee00000| Untracked 
| 495|0x000000079ef00000, 0x000000079f000000, 0x000000079f000000|100%|HS|  |TAMS 0x000000079f000000, 0x000000079ef00000| Complete 
| 496|0x000000079f000000, 0x000000079f100000, 0x000000079f100000|100%| O|  |TAMS 0x000000079f100000, 0x000000079f000000| Untracked 
| 497|0x000000079f100000, 0x000000079f200000, 0x000000079f200000|100%| O|  |TAMS 0x000000079f200000, 0x000000079f100000| Untracked 
| 498|0x000000079f200000, 0x000000079f300000, 0x000000079f300000|100%| O|  |TAMS 0x000000079f300000, 0x000000079f200000| Untracked 
| 499|0x000000079f300000, 0x000000079f400000, 0x000000079f400000|100%| O|  |TAMS 0x000000079f400000, 0x000000079f300000| Untracked 
| 500|0x000000079f400000, 0x000000079f500000, 0x000000079f500000|100%| O|  |TAMS 0x000000079f500000, 0x000000079f400000| Updating 
| 501|0x000000079f500000, 0x000000079f600000, 0x000000079f600000|100%|HS|  |TAMS 0x000000079f500000, 0x000000079f500000| Complete 
| 502|0x000000079f600000, 0x000000079f700000, 0x000000079f700000|100%|HC|  |TAMS 0x000000079f600000, 0x000000079f600000| Complete 
| 503|0x000000079f700000, 0x000000079f800000, 0x000000079f800000|100%|HS|  |TAMS 0x000000079f800000, 0x000000079f700000| Complete 
| 504|0x000000079f800000, 0x000000079f900000, 0x000000079f900000|100%| O|  |TAMS 0x000000079f800000, 0x000000079f800000| Untracked 
| 505|0x000000079f900000, 0x000000079fa00000, 0x000000079fa00000|100%| O|  |TAMS 0x000000079fa00000, 0x000000079f900000| Untracked 
| 506|0x000000079fa00000, 0x000000079fb00000, 0x000000079fb00000|100%|HS|  |TAMS 0x000000079fa00000, 0x000000079fa00000| Complete 
| 507|0x000000079fb00000, 0x000000079fc00000, 0x000000079fc00000|100%| O|  |TAMS 0x000000079fc00000, 0x000000079fb00000| Untracked 
| 508|0x000000079fc00000, 0x000000079fd00000, 0x000000079fd00000|100%|HS|  |TAMS 0x000000079fc00000, 0x000000079fc00000| Complete 
| 509|0x000000079fd00000, 0x000000079fe00000, 0x000000079fe00000|100%| O|  |TAMS 0x000000079fe00000, 0x000000079fd00000| Untracked 
| 510|0x000000079fe00000, 0x000000079ff00000, 0x000000079ff00000|100%| O|  |TAMS 0x000000079ff00000, 0x000000079fe00000| Updating 
| 511|0x000000079ff00000, 0x00000007a0000000, 0x00000007a0000000|100%| O|  |TAMS 0x00000007a0000000, 0x000000079ff00000| Untracked 
| 512|0x00000007a0000000, 0x00000007a0100000, 0x00000007a0100000|100%| O|  |TAMS 0x00000007a0100000, 0x00000007a0000000| Untracked 
| 513|0x00000007a0100000, 0x00000007a0200000, 0x00000007a0200000|100%| O|  |TAMS 0x00000007a0200000, 0x00000007a0100000| Untracked 
| 514|0x00000007a0200000, 0x00000007a0300000, 0x00000007a0300000|100%| O|  |TAMS 0x00000007a0300000, 0x00000007a0200000| Untracked 
| 515|0x00000007a0300000, 0x00000007a0400000, 0x00000007a0400000|100%| O|  |TAMS 0x00000007a0400000, 0x00000007a0300000| Untracked 
| 516|0x00000007a0400000, 0x00000007a0500000, 0x00000007a0500000|100%|HS|  |TAMS 0x00000007a0400000, 0x00000007a0400000| Complete 
| 517|0x00000007a0500000, 0x00000007a0600000, 0x00000007a0600000|100%| O|  |TAMS 0x00000007a0600000, 0x00000007a0500000| Updating 
| 518|0x00000007a0600000, 0x00000007a0700000, 0x00000007a0700000|100%| O|  |TAMS 0x00000007a0700000, 0x00000007a0600000| Untracked 
| 519|0x00000007a0700000, 0x00000007a0800000, 0x00000007a0800000|100%| O|  |TAMS 0x00000007a0800000, 0x00000007a0700000| Untracked 
| 520|0x00000007a0800000, 0x00000007a0900000, 0x00000007a0900000|100%| O|  |TAMS 0x00000007a0900000, 0x00000007a0800000| Untracked 
| 521|0x00000007a0900000, 0x00000007a0a00000, 0x00000007a0a00000|100%| O|  |TAMS 0x00000007a0a00000, 0x00000007a0900000| Untracked 
| 522|0x00000007a0a00000, 0x00000007a0b00000, 0x00000007a0b00000|100%| O|  |TAMS 0x00000007a0b00000, 0x00000007a0a00000| Untracked 
| 523|0x00000007a0b00000, 0x00000007a0c00000, 0x00000007a0c00000|100%| O|  |TAMS 0x00000007a0c00000, 0x00000007a0b00000| Untracked 
| 524|0x00000007a0c00000, 0x00000007a0d00000, 0x00000007a0d00000|100%| O|  |TAMS 0x00000007a0d00000, 0x00000007a0c00000| Untracked 
| 525|0x00000007a0d00000, 0x00000007a0e00000, 0x00000007a0e00000|100%| O|  |TAMS 0x00000007a0e00000, 0x00000007a0d00000| Untracked 
| 526|0x00000007a0e00000, 0x00000007a0f00000, 0x00000007a0f00000|100%| O|  |TAMS 0x00000007a0f00000, 0x00000007a0e00000| Untracked 
| 527|0x00000007a0f00000, 0x00000007a1000000, 0x00000007a1000000|100%| O|  |TAMS 0x00000007a1000000, 0x00000007a0f00000| Untracked 
| 528|0x00000007a1000000, 0x00000007a1100000, 0x00000007a1100000|100%| O|  |TAMS 0x00000007a1100000, 0x00000007a1000000| Untracked 
| 529|0x00000007a1100000, 0x00000007a1200000, 0x00000007a1200000|100%| O|  |TAMS 0x00000007a1200000, 0x00000007a1100000| Untracked 
| 530|0x00000007a1200000, 0x00000007a1300000, 0x00000007a1300000|100%| O|  |TAMS 0x00000007a1300000, 0x00000007a1200000| Untracked 
| 531|0x00000007a1300000, 0x00000007a1400000, 0x00000007a1400000|100%| O|  |TAMS 0x00000007a1400000, 0x00000007a1300000| Untracked 
| 532|0x00000007a1400000, 0x00000007a1500000, 0x00000007a1500000|100%| O|  |TAMS 0x00000007a1500000, 0x00000007a1400000| Untracked 
| 533|0x00000007a1500000, 0x00000007a1600000, 0x00000007a1600000|100%| O|  |TAMS 0x00000007a1600000, 0x00000007a1500000| Untracked 
| 534|0x00000007a1600000, 0x00000007a1700000, 0x00000007a1700000|100%| O|  |TAMS 0x00000007a1700000, 0x00000007a1600000| Untracked 
| 535|0x00000007a1700000, 0x00000007a1800000, 0x00000007a1800000|100%| O|  |TAMS 0x00000007a1800000, 0x00000007a1700000| Updating 
| 536|0x00000007a1800000, 0x00000007a1900000, 0x00000007a1900000|100%| O|  |TAMS 0x00000007a1900000, 0x00000007a1800000| Updating 
| 537|0x00000007a1900000, 0x00000007a1a00000, 0x00000007a1a00000|100%| O|  |TAMS 0x00000007a1a00000, 0x00000007a1900000| Untracked 
| 538|0x00000007a1a00000, 0x00000007a1b00000, 0x00000007a1b00000|100%| O|  |TAMS 0x00000007a1b00000, 0x00000007a1a00000| Untracked 
| 539|0x00000007a1b00000, 0x00000007a1c00000, 0x00000007a1c00000|100%|HS|  |TAMS 0x00000007a1b00000, 0x00000007a1b00000| Complete 
| 540|0x00000007a1c00000, 0x00000007a1d00000, 0x00000007a1d00000|100%| O|  |TAMS 0x00000007a1d00000, 0x00000007a1c00000| Updating 
| 541|0x00000007a1d00000, 0x00000007a1e00000, 0x00000007a1e00000|100%| O|  |TAMS 0x00000007a1e00000, 0x00000007a1d00000| Untracked 
| 542|0x00000007a1e00000, 0x00000007a1f00000, 0x00000007a1f00000|100%| O|  |TAMS 0x00000007a1f00000, 0x00000007a1e00000| Untracked 
| 543|0x00000007a1f00000, 0x00000007a2000000, 0x00000007a2000000|100%|HS|  |TAMS 0x00000007a1f00000, 0x00000007a1f00000| Complete 
| 544|0x00000007a2000000, 0x00000007a2100000, 0x00000007a2100000|100%|HS|  |TAMS 0x00000007a2100000, 0x00000007a2000000| Complete 
| 545|0x00000007a2100000, 0x00000007a2200000, 0x00000007a2200000|100%| O|  |TAMS 0x00000007a2200000, 0x00000007a2100000| Updating 
| 546|0x00000007a2200000, 0x00000007a2300000, 0x00000007a2300000|100%| O|  |TAMS 0x00000007a2300000, 0x00000007a2200000| Untracked 
| 547|0x00000007a2300000, 0x00000007a2400000, 0x00000007a2400000|100%|HS|  |TAMS 0x00000007a2300000, 0x00000007a2300000| Complete 
| 548|0x00000007a2400000, 0x00000007a2500000, 0x00000007a2500000|100%| O|  |TAMS 0x00000007a2500000, 0x00000007a2400000| Untracked 
| 549|0x00000007a2500000, 0x00000007a2600000, 0x00000007a2600000|100%| O|  |TAMS 0x00000007a2600000, 0x00000007a2500000| Untracked 
| 550|0x00000007a2600000, 0x00000007a2700000, 0x00000007a2700000|100%| O|  |TAMS 0x00000007a2700000, 0x00000007a2600000| Untracked 
| 551|0x00000007a2700000, 0x00000007a2800000, 0x00000007a2800000|100%| O|  |TAMS 0x00000007a2800000, 0x00000007a2700000| Untracked 
| 552|0x00000007a2800000, 0x00000007a2900000, 0x00000007a2900000|100%| O|  |TAMS 0x00000007a2900000, 0x00000007a2800000| Untracked 
| 553|0x00000007a2900000, 0x00000007a2a00000, 0x00000007a2a00000|100%|HS|  |TAMS 0x00000007a2a00000, 0x00000007a2900000| Complete 
| 554|0x00000007a2a00000, 0x00000007a2b00000, 0x00000007a2b00000|100%|HC|  |TAMS 0x00000007a2b00000, 0x00000007a2a00000| Complete 
| 555|0x00000007a2b00000, 0x00000007a2c00000, 0x00000007a2c00000|100%|HC|  |TAMS 0x00000007a2c00000, 0x00000007a2b00000| Complete 
| 556|0x00000007a2c00000, 0x00000007a2d00000, 0x00000007a2d00000|100%| O|  |TAMS 0x00000007a2d00000, 0x00000007a2c00000| Untracked 
| 557|0x00000007a2d00000, 0x00000007a2e00000, 0x00000007a2e00000|100%|HS|  |TAMS 0x00000007a2d00000, 0x00000007a2d00000| Complete 
| 558|0x00000007a2e00000, 0x00000007a2f00000, 0x00000007a2f00000|100%|HC|  |TAMS 0x00000007a2e00000, 0x00000007a2e00000| Complete 
| 559|0x00000007a2f00000, 0x00000007a3000000, 0x00000007a3000000|100%|HS|  |TAMS 0x00000007a3000000, 0x00000007a2f00000| Complete 
| 560|0x00000007a3000000, 0x00000007a3100000, 0x00000007a3100000|100%|HC|  |TAMS 0x00000007a3100000, 0x00000007a3000000| Complete 
| 561|0x00000007a3100000, 0x00000007a3200000, 0x00000007a3200000|100%|HC|  |TAMS 0x00000007a3200000, 0x00000007a3100000| Complete 
| 562|0x00000007a3200000, 0x00000007a3300000, 0x00000007a3300000|100%|HS|  |TAMS 0x00000007a3300000, 0x00000007a3200000| Complete 
| 563|0x00000007a3300000, 0x00000007a3400000, 0x00000007a3400000|100%|HC|  |TAMS 0x00000007a3400000, 0x00000007a3300000| Complete 
| 564|0x00000007a3400000, 0x00000007a3500000, 0x00000007a3500000|100%| O|  |TAMS 0x00000007a3500000, 0x00000007a3400000| Untracked 
| 565|0x00000007a3500000, 0x00000007a3600000, 0x00000007a3600000|100%| O|  |TAMS 0x00000007a3600000, 0x00000007a3500000| Untracked 
| 566|0x00000007a3600000, 0x00000007a3700000, 0x00000007a3700000|100%| O|  |TAMS 0x00000007a3700000, 0x00000007a3600000| Untracked 
| 567|0x00000007a3700000, 0x00000007a3800000, 0x00000007a3800000|100%| O|  |TAMS 0x00000007a3800000, 0x00000007a3700000| Updating 
| 568|0x00000007a3800000, 0x00000007a3900000, 0x00000007a3900000|100%| O|  |TAMS 0x00000007a3900000, 0x00000007a3800000| Untracked 
| 569|0x00000007a3900000, 0x00000007a3a00000, 0x00000007a3a00000|100%|HS|  |TAMS 0x00000007a3a00000, 0x00000007a3900000| Complete 
| 570|0x00000007a3a00000, 0x00000007a3b00000, 0x00000007a3b00000|100%|HC|  |TAMS 0x00000007a3b00000, 0x00000007a3a00000| Complete 
| 571|0x00000007a3b00000, 0x00000007a3c00000, 0x00000007a3c00000|100%| O|  |TAMS 0x00000007a3c00000, 0x00000007a3b00000| Untracked 
| 572|0x00000007a3c00000, 0x00000007a3d00000, 0x00000007a3d00000|100%| O|  |TAMS 0x00000007a3d00000, 0x00000007a3c00000| Updating 
| 573|0x00000007a3d00000, 0x00000007a3e00000, 0x00000007a3e00000|100%| O|  |TAMS 0x00000007a3e00000, 0x00000007a3d00000| Untracked 
| 574|0x00000007a3e00000, 0x00000007a3f00000, 0x00000007a3f00000|100%| O|  |TAMS 0x00000007a3f00000, 0x00000007a3e00000| Updating 
| 575|0x00000007a3f00000, 0x00000007a4000000, 0x00000007a4000000|100%| O|  |TAMS 0x00000007a3f00000, 0x00000007a3f00000| Untracked 
| 576|0x00000007a4000000, 0x00000007a4100000, 0x00000007a4100000|100%|HS|  |TAMS 0x00000007a4100000, 0x00000007a4000000| Complete 
| 577|0x00000007a4100000, 0x00000007a4200000, 0x00000007a4200000|100%| O|  |TAMS 0x00000007a4100000, 0x00000007a4100000| Untracked 
| 578|0x00000007a4200000, 0x00000007a4300000, 0x00000007a4300000|100%| O|  |TAMS 0x00000007a4300000, 0x00000007a4200000| Untracked 
| 579|0x00000007a4300000, 0x00000007a4400000, 0x00000007a4400000|100%|HS|  |TAMS 0x00000007a4400000, 0x00000007a4300000| Complete 
| 580|0x00000007a4400000, 0x00000007a4500000, 0x00000007a4500000|100%| O|  |TAMS 0x00000007a4500000, 0x00000007a4400000| Untracked 
| 581|0x00000007a4500000, 0x00000007a4600000, 0x00000007a4600000|100%|HS|  |TAMS 0x00000007a4600000, 0x00000007a4500000| Complete 
| 582|0x00000007a4600000, 0x00000007a4700000, 0x00000007a4700000|100%|HC|  |TAMS 0x00000007a4700000, 0x00000007a4600000| Complete 
| 583|0x00000007a4700000, 0x00000007a4800000, 0x00000007a4800000|100%| O|  |TAMS 0x00000007a4700000, 0x00000007a4700000| Untracked 
| 584|0x00000007a4800000, 0x00000007a4900000, 0x00000007a4900000|100%| O|  |TAMS 0x00000007a4900000, 0x00000007a4800000| Untracked 
| 585|0x00000007a4900000, 0x00000007a4a00000, 0x00000007a4a00000|100%| O|  |TAMS 0x00000007a4a00000, 0x00000007a4900000| Updating 
| 586|0x00000007a4a00000, 0x00000007a4b00000, 0x00000007a4b00000|100%| O|  |TAMS 0x00000007a4b00000, 0x00000007a4a00000| Untracked 
| 587|0x00000007a4b00000, 0x00000007a4c00000, 0x00000007a4c00000|100%|HS|  |TAMS 0x00000007a4c00000, 0x00000007a4b00000| Complete 
| 588|0x00000007a4c00000, 0x00000007a4d00000, 0x00000007a4d00000|100%| O|  |TAMS 0x00000007a4d00000, 0x00000007a4c00000| Untracked 
| 589|0x00000007a4d00000, 0x00000007a4e00000, 0x00000007a4e00000|100%| O|  |TAMS 0x00000007a4e00000, 0x00000007a4d00000| Updating 
| 590|0x00000007a4e00000, 0x00000007a4f00000, 0x00000007a4f00000|100%| O|  |TAMS 0x00000007a4f00000, 0x00000007a4e00000| Untracked 
| 591|0x00000007a4f00000, 0x00000007a5000000, 0x00000007a5000000|100%| O|  |TAMS 0x00000007a5000000, 0x00000007a4f00000| Untracked 
| 592|0x00000007a5000000, 0x00000007a5100000, 0x00000007a5100000|100%| O|  |TAMS 0x00000007a5100000, 0x00000007a5000000| Untracked 
| 593|0x00000007a5100000, 0x00000007a5200000, 0x00000007a5200000|100%| O|  |TAMS 0x00000007a5200000, 0x00000007a5100000| Untracked 
| 594|0x00000007a5200000, 0x00000007a5300000, 0x00000007a5300000|100%| O|  |TAMS 0x00000007a5300000, 0x00000007a5200000| Untracked 
| 595|0x00000007a5300000, 0x00000007a5400000, 0x00000007a5400000|100%| O|  |TAMS 0x00000007a5400000, 0x00000007a5300000| Untracked 
| 596|0x00000007a5400000, 0x00000007a5500000, 0x00000007a5500000|100%| O|  |TAMS 0x00000007a5500000, 0x00000007a5400000| Untracked 
| 597|0x00000007a5500000, 0x00000007a5600000, 0x00000007a5600000|100%| O|  |TAMS 0x00000007a5600000, 0x00000007a5500000| Untracked 
| 598|0x00000007a5600000, 0x00000007a5700000, 0x00000007a5700000|100%| O|  |TAMS 0x00000007a5700000, 0x00000007a5600000| Untracked 
| 599|0x00000007a5700000, 0x00000007a5800000, 0x00000007a5800000|100%| O|  |TAMS 0x00000007a5800000, 0x00000007a5700000| Untracked 
| 600|0x00000007a5800000, 0x00000007a5900000, 0x00000007a5900000|100%| O|  |TAMS 0x00000007a5900000, 0x00000007a5800000| Untracked 
| 601|0x00000007a5900000, 0x00000007a5a00000, 0x00000007a5a00000|100%| O|  |TAMS 0x00000007a5a00000, 0x00000007a5900000| Untracked 
| 602|0x00000007a5a00000, 0x00000007a5b00000, 0x00000007a5b00000|100%| O|  |TAMS 0x00000007a5b00000, 0x00000007a5a00000| Untracked 
| 603|0x00000007a5b00000, 0x00000007a5c00000, 0x00000007a5c00000|100%|HS|  |TAMS 0x00000007a5c00000, 0x00000007a5b00000| Complete 
| 604|0x00000007a5c00000, 0x00000007a5d00000, 0x00000007a5d00000|100%|HC|  |TAMS 0x00000007a5d00000, 0x00000007a5c00000| Complete 
| 605|0x00000007a5d00000, 0x00000007a5e00000, 0x00000007a5e00000|100%|HC|  |TAMS 0x00000007a5e00000, 0x00000007a5d00000| Complete 
| 606|0x00000007a5e00000, 0x00000007a5f00000, 0x00000007a5f00000|100%| O|  |TAMS 0x00000007a5f00000, 0x00000007a5e00000| Untracked 
| 607|0x00000007a5f00000, 0x00000007a6000000, 0x00000007a6000000|100%| O|  |TAMS 0x00000007a6000000, 0x00000007a5f00000| Untracked 
| 608|0x00000007a6000000, 0x00000007a6100000, 0x00000007a6100000|100%| O|  |TAMS 0x00000007a6100000, 0x00000007a6000000| Untracked 
| 609|0x00000007a6100000, 0x00000007a6200000, 0x00000007a6200000|100%| O|  |TAMS 0x00000007a6200000, 0x00000007a6100000| Untracked 
| 610|0x00000007a6200000, 0x00000007a6300000, 0x00000007a6300000|100%| O|  |TAMS 0x00000007a6300000, 0x00000007a6200000| Untracked 
| 611|0x00000007a6300000, 0x00000007a6400000, 0x00000007a6400000|100%| O|  |TAMS 0x00000007a6400000, 0x00000007a6300000| Untracked 
| 612|0x00000007a6400000, 0x00000007a6500000, 0x00000007a6500000|100%| O|  |TAMS 0x00000007a6500000, 0x00000007a6400000| Untracked 
| 613|0x00000007a6500000, 0x00000007a6600000, 0x00000007a6600000|100%| O|  |TAMS 0x00000007a6600000, 0x00000007a6500000| Untracked 
| 614|0x00000007a6600000, 0x00000007a6700000, 0x00000007a6700000|100%| O|  |TAMS 0x00000007a6700000, 0x00000007a6600000| Untracked 
| 615|0x00000007a6700000, 0x00000007a6800000, 0x00000007a6800000|100%| O|  |TAMS 0x00000007a6800000, 0x00000007a6700000| Untracked 
| 616|0x00000007a6800000, 0x00000007a6900000, 0x00000007a6900000|100%| O|  |TAMS 0x00000007a6900000, 0x00000007a6800000| Untracked 
| 617|0x00000007a6900000, 0x00000007a6a00000, 0x00000007a6a00000|100%| O|  |TAMS 0x00000007a6a00000, 0x00000007a6900000| Untracked 
| 618|0x00000007a6a00000, 0x00000007a6b00000, 0x00000007a6b00000|100%| O|  |TAMS 0x00000007a6b00000, 0x00000007a6a00000| Untracked 
| 619|0x00000007a6b00000, 0x00000007a6c00000, 0x00000007a6c00000|100%| O|  |TAMS 0x00000007a6c00000, 0x00000007a6b00000| Untracked 
| 620|0x00000007a6c00000, 0x00000007a6d00000, 0x00000007a6d00000|100%| O|  |TAMS 0x00000007a6d00000, 0x00000007a6c00000| Untracked 
| 621|0x00000007a6d00000, 0x00000007a6e00000, 0x00000007a6e00000|100%|HS|  |TAMS 0x00000007a6e00000, 0x00000007a6d00000| Complete 
| 622|0x00000007a6e00000, 0x00000007a6f00000, 0x00000007a6f00000|100%| O|  |TAMS 0x00000007a6f00000, 0x00000007a6e00000| Untracked 
| 623|0x00000007a6f00000, 0x00000007a7000000, 0x00000007a7000000|100%|HS|  |TAMS 0x00000007a7000000, 0x00000007a6f00000| Complete 
| 624|0x00000007a7000000, 0x00000007a7100000, 0x00000007a7100000|100%|HC|  |TAMS 0x00000007a7100000, 0x00000007a7000000| Complete 
| 625|0x00000007a7100000, 0x00000007a7200000, 0x00000007a7200000|100%|HC|  |TAMS 0x00000007a7200000, 0x00000007a7100000| Complete 
| 626|0x00000007a7200000, 0x00000007a7300000, 0x00000007a7300000|100%| O|  |TAMS 0x00000007a7300000, 0x00000007a7200000| Untracked 
| 627|0x00000007a7300000, 0x00000007a7400000, 0x00000007a7400000|100%| O|  |TAMS 0x00000007a7400000, 0x00000007a7300000| Untracked 
| 628|0x00000007a7400000, 0x00000007a7500000, 0x00000007a7500000|100%| O|  |TAMS 0x00000007a7500000, 0x00000007a7400000| Untracked 
| 629|0x00000007a7500000, 0x00000007a7600000, 0x00000007a7600000|100%| O|  |TAMS 0x00000007a7600000, 0x00000007a7500000| Untracked 
| 630|0x00000007a7600000, 0x00000007a7700000, 0x00000007a7700000|100%| O|  |TAMS 0x00000007a7700000, 0x00000007a7600000| Untracked 
| 631|0x00000007a7700000, 0x00000007a7800000, 0x00000007a7800000|100%| O|  |TAMS 0x00000007a7800000, 0x00000007a7700000| Untracked 
| 632|0x00000007a7800000, 0x00000007a7900000, 0x00000007a7900000|100%| O|  |TAMS 0x00000007a7900000, 0x00000007a7800000| Untracked 
| 633|0x00000007a7900000, 0x00000007a7a00000, 0x00000007a7a00000|100%| O|  |TAMS 0x00000007a7a00000, 0x00000007a7900000| Untracked 
| 634|0x00000007a7a00000, 0x00000007a7b00000, 0x00000007a7b00000|100%| O|  |TAMS 0x00000007a7b00000, 0x00000007a7a00000| Untracked 
| 635|0x00000007a7b00000, 0x00000007a7c00000, 0x00000007a7c00000|100%| O|  |TAMS 0x00000007a7c00000, 0x00000007a7b00000| Untracked 
| 636|0x00000007a7c00000, 0x00000007a7d00000, 0x00000007a7d00000|100%| O|  |TAMS 0x00000007a7d00000, 0x00000007a7c00000| Untracked 
| 637|0x00000007a7d00000, 0x00000007a7e00000, 0x00000007a7e00000|100%| O|  |TAMS 0x00000007a7e00000, 0x00000007a7d00000| Untracked 
| 638|0x00000007a7e00000, 0x00000007a7f00000, 0x00000007a7f00000|100%| O|  |TAMS 0x00000007a7f00000, 0x00000007a7e00000| Untracked 
| 639|0x00000007a7f00000, 0x00000007a8000000, 0x00000007a8000000|100%|HS|  |TAMS 0x00000007a8000000, 0x00000007a7f00000| Complete 
| 640|0x00000007a8000000, 0x00000007a8100000, 0x00000007a8100000|100%|HC|  |TAMS 0x00000007a8100000, 0x00000007a8000000| Complete 
| 641|0x00000007a8100000, 0x00000007a8200000, 0x00000007a8200000|100%|HC|  |TAMS 0x00000007a8200000, 0x00000007a8100000| Complete 
| 642|0x00000007a8200000, 0x00000007a8300000, 0x00000007a8300000|100%| O|  |TAMS 0x00000007a8300000, 0x00000007a8200000| Untracked 
| 643|0x00000007a8300000, 0x00000007a8400000, 0x00000007a8400000|100%| O|  |TAMS 0x00000007a8400000, 0x00000007a8300000| Updating 
| 644|0x00000007a8400000, 0x00000007a8500000, 0x00000007a8500000|100%| O|  |TAMS 0x00000007a8500000, 0x00000007a8400000| Untracked 
| 645|0x00000007a8500000, 0x00000007a8600000, 0x00000007a8600000|100%| O|  |TAMS 0x00000007a8600000, 0x00000007a8500000| Untracked 
| 646|0x00000007a8600000, 0x00000007a8700000, 0x00000007a8700000|100%| O|  |TAMS 0x00000007a8700000, 0x00000007a8600000| Untracked 
| 647|0x00000007a8700000, 0x00000007a8800000, 0x00000007a8800000|100%| O|  |TAMS 0x00000007a8800000, 0x00000007a8700000| Untracked 
| 648|0x00000007a8800000, 0x00000007a8900000, 0x00000007a8900000|100%| O|  |TAMS 0x00000007a8900000, 0x00000007a8800000| Untracked 
| 649|0x00000007a8900000, 0x00000007a8a00000, 0x00000007a8a00000|100%| O|  |TAMS 0x00000007a8a00000, 0x00000007a8900000| Untracked 
| 650|0x00000007a8a00000, 0x00000007a8b00000, 0x00000007a8b00000|100%| O|  |TAMS 0x00000007a8b00000, 0x00000007a8a00000| Updating 
| 651|0x00000007a8b00000, 0x00000007a8c00000, 0x00000007a8c00000|100%|HS|  |TAMS 0x00000007a8c00000, 0x00000007a8b00000| Complete 
| 652|0x00000007a8c00000, 0x00000007a8d00000, 0x00000007a8d00000|100%| O|  |TAMS 0x00000007a8d00000, 0x00000007a8c00000| Untracked 
| 653|0x00000007a8d00000, 0x00000007a8e00000, 0x00000007a8e00000|100%| O|  |TAMS 0x00000007a8e00000, 0x00000007a8d00000| Untracked 
| 654|0x00000007a8e00000, 0x00000007a8f00000, 0x00000007a8f00000|100%|HS|  |TAMS 0x00000007a8f00000, 0x00000007a8e00000| Complete 
| 655|0x00000007a8f00000, 0x00000007a9000000, 0x00000007a9000000|100%|HC|  |TAMS 0x00000007a9000000, 0x00000007a8f00000| Complete 
| 656|0x00000007a9000000, 0x00000007a9100000, 0x00000007a9100000|100%|HS|  |TAMS 0x00000007a9100000, 0x00000007a9000000| Complete 
| 657|0x00000007a9100000, 0x00000007a9200000, 0x00000007a9200000|100%|HS|  |TAMS 0x00000007a9200000, 0x00000007a9100000| Complete 
| 658|0x00000007a9200000, 0x00000007a9300000, 0x00000007a9300000|100%|HC|  |TAMS 0x00000007a9300000, 0x00000007a9200000| Complete 
| 659|0x00000007a9300000, 0x00000007a9400000, 0x00000007a9400000|100%|HS|  |TAMS 0x00000007a9400000, 0x00000007a9300000| Complete 
| 660|0x00000007a9400000, 0x00000007a9500000, 0x00000007a9500000|100%|HS|  |TAMS 0x00000007a9500000, 0x00000007a9400000| Complete 
| 661|0x00000007a9500000, 0x00000007a9600000, 0x00000007a9600000|100%|HS|  |TAMS 0x00000007a9600000, 0x00000007a9500000| Complete 
| 662|0x00000007a9600000, 0x00000007a9700000, 0x00000007a9700000|100%|HS|  |TAMS 0x00000007a9700000, 0x00000007a9600000| Complete 
| 663|0x00000007a9700000, 0x00000007a9800000, 0x00000007a9800000|100%|HC|  |TAMS 0x00000007a9800000, 0x00000007a9700000| Complete 
| 664|0x00000007a9800000, 0x00000007a9900000, 0x00000007a9900000|100%|HC|  |TAMS 0x00000007a9900000, 0x00000007a9800000| Complete 
| 665|0x00000007a9900000, 0x00000007a9a00000, 0x00000007a9a00000|100%|HC|  |TAMS 0x00000007a9a00000, 0x00000007a9900000| Complete 
| 666|0x00000007a9a00000, 0x00000007a9b00000, 0x00000007a9b00000|100%|HC|  |TAMS 0x00000007a9b00000, 0x00000007a9a00000| Complete 
| 667|0x00000007a9b00000, 0x00000007a9c00000, 0x00000007a9c00000|100%|HC|  |TAMS 0x00000007a9c00000, 0x00000007a9b00000| Complete 
| 668|0x00000007a9c00000, 0x00000007a9d00000, 0x00000007a9d00000|100%|HS|  |TAMS 0x00000007a9d00000, 0x00000007a9c00000| Complete 
| 669|0x00000007a9d00000, 0x00000007a9e00000, 0x00000007a9e00000|100%|HC|  |TAMS 0x00000007a9e00000, 0x00000007a9d00000| Complete 
| 670|0x00000007a9e00000, 0x00000007a9f00000, 0x00000007a9f00000|100%| O|  |TAMS 0x00000007a9f00000, 0x00000007a9e00000| Untracked 
| 671|0x00000007a9f00000, 0x00000007aa000000, 0x00000007aa000000|100%| O|  |TAMS 0x00000007aa000000, 0x00000007a9f00000| Untracked 
| 672|0x00000007aa000000, 0x00000007aa100000, 0x00000007aa100000|100%| O|  |TAMS 0x00000007aa100000, 0x00000007aa000000| Untracked 
| 673|0x00000007aa100000, 0x00000007aa200000, 0x00000007aa200000|100%| O|  |TAMS 0x00000007aa200000, 0x00000007aa100000| Untracked 
| 674|0x00000007aa200000, 0x00000007aa300000, 0x00000007aa300000|100%| O|  |TAMS 0x00000007aa300000, 0x00000007aa200000| Untracked 
| 675|0x00000007aa300000, 0x00000007aa400000, 0x00000007aa400000|100%|HS|  |TAMS 0x00000007aa400000, 0x00000007aa300000| Complete 
| 676|0x00000007aa400000, 0x00000007aa500000, 0x00000007aa500000|100%| O|  |TAMS 0x00000007aa500000, 0x00000007aa400000| Updating 
| 677|0x00000007aa500000, 0x00000007aa600000, 0x00000007aa600000|100%| O|  |TAMS 0x00000007aa600000, 0x00000007aa500000| Untracked 
| 678|0x00000007aa600000, 0x00000007aa700000, 0x00000007aa700000|100%|HS|  |TAMS 0x00000007aa700000, 0x00000007aa600000| Complete 
| 679|0x00000007aa700000, 0x00000007aa800000, 0x00000007aa800000|100%|HC|  |TAMS 0x00000007aa800000, 0x00000007aa700000| Complete 
| 680|0x00000007aa800000, 0x00000007aa900000, 0x00000007aa900000|100%| O|  |TAMS 0x00000007aa900000, 0x00000007aa800000| Untracked 
| 681|0x00000007aa900000, 0x00000007aaa00000, 0x00000007aaa00000|100%| O|  |TAMS 0x00000007aaa00000, 0x00000007aa900000| Untracked 
| 682|0x00000007aaa00000, 0x00000007aab00000, 0x00000007aab00000|100%| O|  |TAMS 0x00000007aab00000, 0x00000007aaa00000| Untracked 
| 683|0x00000007aab00000, 0x00000007aac00000, 0x00000007aac00000|100%| O|  |TAMS 0x00000007aac00000, 0x00000007aab00000| Untracked 
| 684|0x00000007aac00000, 0x00000007aad00000, 0x00000007aad00000|100%| O|  |TAMS 0x00000007aad00000, 0x00000007aac00000| Untracked 
| 685|0x00000007aad00000, 0x00000007aae00000, 0x00000007aae00000|100%| O|  |TAMS 0x00000007aae00000, 0x00000007aad00000| Untracked 
| 686|0x00000007aae00000, 0x00000007aaf00000, 0x00000007aaf00000|100%| O|  |TAMS 0x00000007aaf00000, 0x00000007aae00000| Untracked 
| 687|0x00000007aaf00000, 0x00000007ab000000, 0x00000007ab000000|100%| O|  |TAMS 0x00000007ab000000, 0x00000007aaf00000| Untracked 
| 688|0x00000007ab000000, 0x00000007ab100000, 0x00000007ab100000|100%| O|  |TAMS 0x00000007ab100000, 0x00000007ab000000| Untracked 
| 689|0x00000007ab100000, 0x00000007ab200000, 0x00000007ab200000|100%| O|  |TAMS 0x00000007ab200000, 0x00000007ab100000| Untracked 
| 690|0x00000007ab200000, 0x00000007ab300000, 0x00000007ab300000|100%| O|  |TAMS 0x00000007ab300000, 0x00000007ab200000| Untracked 
| 691|0x00000007ab300000, 0x00000007ab400000, 0x00000007ab400000|100%| O|  |TAMS 0x00000007ab400000, 0x00000007ab300000| Untracked 
| 692|0x00000007ab400000, 0x00000007ab500000, 0x00000007ab500000|100%| O|  |TAMS 0x00000007ab500000, 0x00000007ab400000| Untracked 
| 693|0x00000007ab500000, 0x00000007ab600000, 0x00000007ab600000|100%| O|  |TAMS 0x00000007ab600000, 0x00000007ab500000| Untracked 
| 694|0x00000007ab600000, 0x00000007ab700000, 0x00000007ab700000|100%| O|  |TAMS 0x00000007ab700000, 0x00000007ab600000| Untracked 
| 695|0x00000007ab700000, 0x00000007ab800000, 0x00000007ab800000|100%| O|  |TAMS 0x00000007ab800000, 0x00000007ab700000| Untracked 
| 696|0x00000007ab800000, 0x00000007ab900000, 0x00000007ab900000|100%| O|  |TAMS 0x00000007ab900000, 0x00000007ab800000| Untracked 
| 697|0x00000007ab900000, 0x00000007aba00000, 0x00000007aba00000|100%| O|  |TAMS 0x00000007aba00000, 0x00000007ab900000| Untracked 
| 698|0x00000007aba00000, 0x00000007abb00000, 0x00000007abb00000|100%| O|  |TAMS 0x00000007abb00000, 0x00000007aba00000| Untracked 
| 699|0x00000007abb00000, 0x00000007abc00000, 0x00000007abc00000|100%| O|  |TAMS 0x00000007abc00000, 0x00000007abb00000| Untracked 
| 700|0x00000007abc00000, 0x00000007abd00000, 0x00000007abd00000|100%| O|  |TAMS 0x00000007abd00000, 0x00000007abc00000| Untracked 
| 701|0x00000007abd00000, 0x00000007abe00000, 0x00000007abe00000|100%| O|  |TAMS 0x00000007abe00000, 0x00000007abd00000| Updating 
| 702|0x00000007abe00000, 0x00000007abf00000, 0x00000007abf00000|100%| O|  |TAMS 0x00000007abf00000, 0x00000007abe00000| Untracked 
| 703|0x00000007abf00000, 0x00000007ac000000, 0x00000007ac000000|100%| O|  |TAMS 0x00000007ac000000, 0x00000007abf00000| Untracked 
| 704|0x00000007ac000000, 0x00000007ac100000, 0x00000007ac100000|100%| O|  |TAMS 0x00000007ac100000, 0x00000007ac000000| Untracked 
| 705|0x00000007ac100000, 0x00000007ac200000, 0x00000007ac200000|100%| O|  |TAMS 0x00000007ac200000, 0x00000007ac100000| Untracked 
| 706|0x00000007ac200000, 0x00000007ac300000, 0x00000007ac300000|100%| O|  |TAMS 0x00000007ac300000, 0x00000007ac200000| Untracked 
| 707|0x00000007ac300000, 0x00000007ac400000, 0x00000007ac400000|100%| O|  |TAMS 0x00000007ac400000, 0x00000007ac300000| Untracked 
| 708|0x00000007ac400000, 0x00000007ac500000, 0x00000007ac500000|100%| O|  |TAMS 0x00000007ac500000, 0x00000007ac400000| Untracked 
| 709|0x00000007ac500000, 0x00000007ac600000, 0x00000007ac600000|100%| O|  |TAMS 0x00000007ac600000, 0x00000007ac500000| Untracked 
| 710|0x00000007ac600000, 0x00000007ac700000, 0x00000007ac700000|100%| O|  |TAMS 0x00000007ac700000, 0x00000007ac600000| Untracked 
| 711|0x00000007ac700000, 0x00000007ac800000, 0x00000007ac800000|100%| O|  |TAMS 0x00000007ac800000, 0x00000007ac700000| Untracked 
| 712|0x00000007ac800000, 0x00000007ac900000, 0x00000007ac900000|100%| O|  |TAMS 0x00000007ac900000, 0x00000007ac800000| Untracked 
| 713|0x00000007ac900000, 0x00000007aca00000, 0x00000007aca00000|100%| O|  |TAMS 0x00000007aca00000, 0x00000007ac900000| Untracked 
| 714|0x00000007aca00000, 0x00000007acb00000, 0x00000007acb00000|100%| O|  |TAMS 0x00000007acb00000, 0x00000007aca00000| Untracked 
| 715|0x00000007acb00000, 0x00000007acc00000, 0x00000007acc00000|100%| O|  |TAMS 0x00000007acc00000, 0x00000007acb00000| Untracked 
| 716|0x00000007acc00000, 0x00000007acd00000, 0x00000007acd00000|100%| O|  |TAMS 0x00000007acd00000, 0x00000007acc00000| Untracked 
| 717|0x00000007acd00000, 0x00000007ace00000, 0x00000007ace00000|100%| O|  |TAMS 0x00000007ace00000, 0x00000007acd00000| Untracked 
| 718|0x00000007ace00000, 0x00000007acf00000, 0x00000007acf00000|100%| O|  |TAMS 0x00000007acf00000, 0x00000007ace00000| Updating 
| 719|0x00000007acf00000, 0x00000007ad000000, 0x00000007ad000000|100%| O|  |TAMS 0x00000007ad000000, 0x00000007acf00000| Untracked 
| 720|0x00000007ad000000, 0x00000007ad100000, 0x00000007ad100000|100%| O|  |TAMS 0x00000007ad100000, 0x00000007ad000000| Untracked 
| 721|0x00000007ad100000, 0x00000007ad200000, 0x00000007ad200000|100%| O|  |TAMS 0x00000007ad200000, 0x00000007ad100000| Untracked 
| 722|0x00000007ad200000, 0x00000007ad300000, 0x00000007ad300000|100%| O|  |TAMS 0x00000007ad300000, 0x00000007ad200000| Untracked 
| 723|0x00000007ad300000, 0x00000007ad400000, 0x00000007ad400000|100%| O|  |TAMS 0x00000007ad400000, 0x00000007ad300000| Untracked 
| 724|0x00000007ad400000, 0x00000007ad500000, 0x00000007ad500000|100%| O|  |TAMS 0x00000007ad500000, 0x00000007ad400000| Untracked 
| 725|0x00000007ad500000, 0x00000007ad600000, 0x00000007ad600000|100%| O|  |TAMS 0x00000007ad600000, 0x00000007ad500000| Updating 
| 726|0x00000007ad600000, 0x00000007ad700000, 0x00000007ad700000|100%| O|  |TAMS 0x00000007ad700000, 0x00000007ad600000| Untracked 
| 727|0x00000007ad700000, 0x00000007ad800000, 0x00000007ad800000|100%| O|  |TAMS 0x00000007ad800000, 0x00000007ad700000| Untracked 
| 728|0x00000007ad800000, 0x00000007ad900000, 0x00000007ad900000|100%| O|  |TAMS 0x00000007ad900000, 0x00000007ad800000| Updating 
| 729|0x00000007ad900000, 0x00000007ada00000, 0x00000007ada00000|100%|HS|  |TAMS 0x00000007ada00000, 0x00000007ad900000| Complete 
| 730|0x00000007ada00000, 0x00000007adb00000, 0x00000007adb00000|100%| O|  |TAMS 0x00000007adb00000, 0x00000007ada00000| Untracked 
| 731|0x00000007adb00000, 0x00000007adc00000, 0x00000007adc00000|100%|HS|  |TAMS 0x00000007adc00000, 0x00000007adb00000| Complete 
| 732|0x00000007adc00000, 0x00000007add00000, 0x00000007add00000|100%|HS|  |TAMS 0x00000007add00000, 0x00000007adc00000| Complete 
| 733|0x00000007add00000, 0x00000007ade00000, 0x00000007ade00000|100%|HS|  |TAMS 0x00000007ade00000, 0x00000007add00000| Complete 
| 734|0x00000007ade00000, 0x00000007adf00000, 0x00000007adf00000|100%|HC|  |TAMS 0x00000007adf00000, 0x00000007ade00000| Complete 
| 735|0x00000007adf00000, 0x00000007ae000000, 0x00000007ae000000|100%|HS|  |TAMS 0x00000007ae000000, 0x00000007adf00000| Complete 
| 736|0x00000007ae000000, 0x00000007ae100000, 0x00000007ae100000|100%| O|  |TAMS 0x00000007ae100000, 0x00000007ae000000| Untracked 
| 737|0x00000007ae100000, 0x00000007ae200000, 0x00000007ae200000|100%| O|  |TAMS 0x00000007ae200000, 0x00000007ae100000| Untracked 
| 738|0x00000007ae200000, 0x00000007ae300000, 0x00000007ae300000|100%| O|  |TAMS 0x00000007ae300000, 0x00000007ae200000| Untracked 
| 739|0x00000007ae300000, 0x00000007ae400000, 0x00000007ae400000|100%| O|  |TAMS 0x00000007ae400000, 0x00000007ae300000| Untracked 
| 740|0x00000007ae400000, 0x00000007ae500000, 0x00000007ae500000|100%| O|  |TAMS 0x00000007ae500000, 0x00000007ae400000| Untracked 
| 741|0x00000007ae500000, 0x00000007ae600000, 0x00000007ae600000|100%| O|  |TAMS 0x00000007ae600000, 0x00000007ae500000| Untracked 
| 742|0x00000007ae600000, 0x00000007ae700000, 0x00000007ae700000|100%| O|  |TAMS 0x00000007ae700000, 0x00000007ae600000| Untracked 
| 743|0x00000007ae700000, 0x00000007ae800000, 0x00000007ae800000|100%| O|  |TAMS 0x00000007ae800000, 0x00000007ae700000| Untracked 
| 744|0x00000007ae800000, 0x00000007ae900000, 0x00000007ae900000|100%| O|  |TAMS 0x00000007ae900000, 0x00000007ae800000| Untracked 
| 745|0x00000007ae900000, 0x00000007aea00000, 0x00000007aea00000|100%| O|  |TAMS 0x00000007aea00000, 0x00000007ae900000| Untracked 
| 746|0x00000007aea00000, 0x00000007aeb00000, 0x00000007aeb00000|100%| O|  |TAMS 0x00000007aeb00000, 0x00000007aea00000| Untracked 
| 747|0x00000007aeb00000, 0x00000007aec00000, 0x00000007aec00000|100%| O|  |TAMS 0x00000007aec00000, 0x00000007aeb00000| Untracked 
| 748|0x00000007aec00000, 0x00000007aed00000, 0x00000007aed00000|100%| O|  |TAMS 0x00000007aed00000, 0x00000007aec00000| Untracked 
| 749|0x00000007aed00000, 0x00000007aee00000, 0x00000007aee00000|100%| O|  |TAMS 0x00000007aee00000, 0x00000007aed00000| Untracked 
| 750|0x00000007aee00000, 0x00000007aef00000, 0x00000007aef00000|100%| O|  |TAMS 0x00000007aef00000, 0x00000007aee00000| Untracked 
| 751|0x00000007aef00000, 0x00000007af000000, 0x00000007af000000|100%| O|  |TAMS 0x00000007af000000, 0x00000007aef00000| Untracked 
| 752|0x00000007af000000, 0x00000007af100000, 0x00000007af100000|100%| O|  |TAMS 0x00000007af100000, 0x00000007af000000| Untracked 
| 753|0x00000007af100000, 0x00000007af200000, 0x00000007af200000|100%| O|  |TAMS 0x00000007af200000, 0x00000007af100000| Untracked 
| 754|0x00000007af200000, 0x00000007af300000, 0x00000007af300000|100%| O|  |TAMS 0x00000007af300000, 0x00000007af200000| Untracked 
| 755|0x00000007af300000, 0x00000007af400000, 0x00000007af400000|100%| O|  |TAMS 0x00000007af400000, 0x00000007af300000| Untracked 
| 756|0x00000007af400000, 0x00000007af500000, 0x00000007af500000|100%| O|  |TAMS 0x00000007af500000, 0x00000007af400000| Untracked 
| 757|0x00000007af500000, 0x00000007af600000, 0x00000007af600000|100%| O|  |TAMS 0x00000007af600000, 0x00000007af500000| Untracked 
| 758|0x00000007af600000, 0x00000007af700000, 0x00000007af700000|100%| O|  |TAMS 0x00000007af700000, 0x00000007af600000| Untracked 
| 759|0x00000007af700000, 0x00000007af800000, 0x00000007af800000|100%| O|  |TAMS 0x00000007af800000, 0x00000007af700000| Untracked 
| 760|0x00000007af800000, 0x00000007af900000, 0x00000007af900000|100%| O|  |TAMS 0x00000007af900000, 0x00000007af800000| Untracked 
| 761|0x00000007af900000, 0x00000007afa00000, 0x00000007afa00000|100%| O|  |TAMS 0x00000007afa00000, 0x00000007af900000| Untracked 
| 762|0x00000007afa00000, 0x00000007afb00000, 0x00000007afb00000|100%| O|  |TAMS 0x00000007afb00000, 0x00000007afa00000| Untracked 
| 763|0x00000007afb00000, 0x00000007afc00000, 0x00000007afc00000|100%| O|  |TAMS 0x00000007afc00000, 0x00000007afb00000| Untracked 
| 764|0x00000007afc00000, 0x00000007afd00000, 0x00000007afd00000|100%| O|  |TAMS 0x00000007afd00000, 0x00000007afc00000| Untracked 
| 765|0x00000007afd00000, 0x00000007afe00000, 0x00000007afe00000|100%| O|  |TAMS 0x00000007afe00000, 0x00000007afd00000| Untracked 
| 766|0x00000007afe00000, 0x00000007aff00000, 0x00000007aff00000|100%| O|  |TAMS 0x00000007aff00000, 0x00000007afe00000| Untracked 
| 767|0x00000007aff00000, 0x00000007b0000000, 0x00000007b0000000|100%| O|  |TAMS 0x00000007b0000000, 0x00000007aff00000| Untracked 
| 768|0x00000007b0000000, 0x00000007b0100000, 0x00000007b0100000|100%| O|  |TAMS 0x00000007b0100000, 0x00000007b0000000| Untracked 
| 769|0x00000007b0100000, 0x00000007b0200000, 0x00000007b0200000|100%|HS|  |TAMS 0x00000007b0200000, 0x00000007b0100000| Complete 
| 770|0x00000007b0200000, 0x00000007b0300000, 0x00000007b0300000|100%|HS|  |TAMS 0x00000007b0300000, 0x00000007b0200000| Complete 
| 771|0x00000007b0300000, 0x00000007b0400000, 0x00000007b0400000|100%| O|  |TAMS 0x00000007b0400000, 0x00000007b0300000| Untracked 
| 772|0x00000007b0400000, 0x00000007b0500000, 0x00000007b0500000|100%| O|  |TAMS 0x00000007b0500000, 0x00000007b0400000| Untracked 
| 773|0x00000007b0500000, 0x00000007b0600000, 0x00000007b0600000|100%| O|  |TAMS 0x00000007b0600000, 0x00000007b0500000| Untracked 
| 774|0x00000007b0600000, 0x00000007b0700000, 0x00000007b0700000|100%| O|  |TAMS 0x00000007b0700000, 0x00000007b0600000| Untracked 
| 775|0x00000007b0700000, 0x00000007b0800000, 0x00000007b0800000|100%| O|  |TAMS 0x00000007b0800000, 0x00000007b0700000| Untracked 
| 776|0x00000007b0800000, 0x00000007b0900000, 0x00000007b0900000|100%| O|  |TAMS 0x00000007b0900000, 0x00000007b0800000| Untracked 
| 777|0x00000007b0900000, 0x00000007b0a00000, 0x00000007b0a00000|100%| O|  |TAMS 0x00000007b0a00000, 0x00000007b0900000| Untracked 
| 778|0x00000007b0a00000, 0x00000007b0b00000, 0x00000007b0b00000|100%| O|  |TAMS 0x00000007b0b00000, 0x00000007b0a00000| Untracked 
| 779|0x00000007b0b00000, 0x00000007b0c00000, 0x00000007b0c00000|100%| O|  |TAMS 0x00000007b0c00000, 0x00000007b0b00000| Untracked 
| 780|0x00000007b0c00000, 0x00000007b0d00000, 0x00000007b0d00000|100%| O|  |TAMS 0x00000007b0d00000, 0x00000007b0c00000| Untracked 
| 781|0x00000007b0d00000, 0x00000007b0e00000, 0x00000007b0e00000|100%| O|  |TAMS 0x00000007b0e00000, 0x00000007b0d00000| Untracked 
| 782|0x00000007b0e00000, 0x00000007b0f00000, 0x00000007b0f00000|100%| O|  |TAMS 0x00000007b0f00000, 0x00000007b0e00000| Untracked 
| 783|0x00000007b0f00000, 0x00000007b1000000, 0x00000007b1000000|100%| O|  |TAMS 0x00000007b1000000, 0x00000007b0f00000| Untracked 
| 784|0x00000007b1000000, 0x00000007b1100000, 0x00000007b1100000|100%| O|  |TAMS 0x00000007b1100000, 0x00000007b1000000| Untracked 
| 785|0x00000007b1100000, 0x00000007b1200000, 0x00000007b1200000|100%| O|  |TAMS 0x00000007b1200000, 0x00000007b1100000| Untracked 
| 786|0x00000007b1200000, 0x00000007b1300000, 0x00000007b1300000|100%| O|  |TAMS 0x00000007b1300000, 0x00000007b1200000| Untracked 
| 787|0x00000007b1300000, 0x00000007b1400000, 0x00000007b1400000|100%| O|  |TAMS 0x00000007b1400000, 0x00000007b1300000| Untracked 
| 788|0x00000007b1400000, 0x00000007b1500000, 0x00000007b1500000|100%| O|  |TAMS 0x00000007b1500000, 0x00000007b1400000| Untracked 
| 789|0x00000007b1500000, 0x00000007b1600000, 0x00000007b1600000|100%| O|  |TAMS 0x00000007b1600000, 0x00000007b1500000| Untracked 
| 790|0x00000007b1600000, 0x00000007b1700000, 0x00000007b1700000|100%| O|  |TAMS 0x00000007b1700000, 0x00000007b1600000| Untracked 
| 791|0x00000007b1700000, 0x00000007b1800000, 0x00000007b1800000|100%| O|  |TAMS 0x00000007b1800000, 0x00000007b1700000| Untracked 
| 792|0x00000007b1800000, 0x00000007b1900000, 0x00000007b1900000|100%| O|  |TAMS 0x00000007b1900000, 0x00000007b1800000| Untracked 
| 793|0x00000007b1900000, 0x00000007b1a00000, 0x00000007b1a00000|100%|HS|  |TAMS 0x00000007b1a00000, 0x00000007b1900000| Complete 
| 794|0x00000007b1a00000, 0x00000007b1b00000, 0x00000007b1b00000|100%|HC|  |TAMS 0x00000007b1b00000, 0x00000007b1a00000| Complete 
| 795|0x00000007b1b00000, 0x00000007b1c00000, 0x00000007b1c00000|100%|HS|  |TAMS 0x00000007b1c00000, 0x00000007b1b00000| Complete 
| 796|0x00000007b1c00000, 0x00000007b1d00000, 0x00000007b1d00000|100%| O|  |TAMS 0x00000007b1d00000, 0x00000007b1c00000| Untracked 
| 797|0x00000007b1d00000, 0x00000007b1e00000, 0x00000007b1e00000|100%|HS|  |TAMS 0x00000007b1e00000, 0x00000007b1d00000| Complete 
| 798|0x00000007b1e00000, 0x00000007b1f00000, 0x00000007b1f00000|100%|HC|  |TAMS 0x00000007b1f00000, 0x00000007b1e00000| Complete 
| 799|0x00000007b1f00000, 0x00000007b2000000, 0x00000007b2000000|100%|HS|  |TAMS 0x00000007b2000000, 0x00000007b1f00000| Complete 
| 800|0x00000007b2000000, 0x00000007b2100000, 0x00000007b2100000|100%|HS|  |TAMS 0x00000007b2100000, 0x00000007b2000000| Complete 
| 801|0x00000007b2100000, 0x00000007b2200000, 0x00000007b2200000|100%| O|  |TAMS 0x00000007b2200000, 0x00000007b2100000| Updating 
| 802|0x00000007b2200000, 0x00000007b2300000, 0x00000007b2300000|100%|HS|  |TAMS 0x00000007b2300000, 0x00000007b2200000| Complete 
| 803|0x00000007b2300000, 0x00000007b2400000, 0x00000007b2400000|100%|HS|  |TAMS 0x00000007b2400000, 0x00000007b2300000| Complete 
| 804|0x00000007b2400000, 0x00000007b2500000, 0x00000007b2500000|100%|HC|  |TAMS 0x00000007b2500000, 0x00000007b2400000| Complete 
| 805|0x00000007b2500000, 0x00000007b2600000, 0x00000007b2600000|100%|HC|  |TAMS 0x00000007b2600000, 0x00000007b2500000| Complete 
| 806|0x00000007b2600000, 0x00000007b2700000, 0x00000007b2700000|100%|HC|  |TAMS 0x00000007b2700000, 0x00000007b2600000| Complete 
| 807|0x00000007b2700000, 0x00000007b2800000, 0x00000007b2800000|100%|HC|  |TAMS 0x00000007b2800000, 0x00000007b2700000| Complete 
| 808|0x00000007b2800000, 0x00000007b2900000, 0x00000007b2900000|100%|HC|  |TAMS 0x00000007b2900000, 0x00000007b2800000| Complete 
| 809|0x00000007b2900000, 0x00000007b2a00000, 0x00000007b2a00000|100%|HC|  |TAMS 0x00000007b2a00000, 0x00000007b2900000| Complete 
| 810|0x00000007b2a00000, 0x00000007b2b00000, 0x00000007b2b00000|100%|HC|  |TAMS 0x00000007b2b00000, 0x00000007b2a00000| Complete 
| 811|0x00000007b2b00000, 0x00000007b2c00000, 0x00000007b2c00000|100%|HC|  |TAMS 0x00000007b2c00000, 0x00000007b2b00000| Complete 
| 812|0x00000007b2c00000, 0x00000007b2d00000, 0x00000007b2d00000|100%|HC|  |TAMS 0x00000007b2d00000, 0x00000007b2c00000| Complete 
| 813|0x00000007b2d00000, 0x00000007b2e00000, 0x00000007b2e00000|100%|HC|  |TAMS 0x00000007b2e00000, 0x00000007b2d00000| Complete 
| 814|0x00000007b2e00000, 0x00000007b2f00000, 0x00000007b2f00000|100%|HC|  |TAMS 0x00000007b2f00000, 0x00000007b2e00000| Complete 
| 815|0x00000007b2f00000, 0x00000007b3000000, 0x00000007b3000000|100%|HC|  |TAMS 0x00000007b3000000, 0x00000007b2f00000| Complete 
| 816|0x00000007b3000000, 0x00000007b3100000, 0x00000007b3100000|100%|HC|  |TAMS 0x00000007b3100000, 0x00000007b3000000| Complete 
| 817|0x00000007b3100000, 0x00000007b3200000, 0x00000007b3200000|100%|HC|  |TAMS 0x00000007b3200000, 0x00000007b3100000| Complete 
| 818|0x00000007b3200000, 0x00000007b3300000, 0x00000007b3300000|100%|HC|  |TAMS 0x00000007b3300000, 0x00000007b3200000| Complete 
| 819|0x00000007b3300000, 0x00000007b3400000, 0x00000007b3400000|100%|HC|  |TAMS 0x00000007b3400000, 0x00000007b3300000| Complete 
| 820|0x00000007b3400000, 0x00000007b3500000, 0x00000007b3500000|100%|HC|  |TAMS 0x00000007b3500000, 0x00000007b3400000| Complete 
| 821|0x00000007b3500000, 0x00000007b3600000, 0x00000007b3600000|100%|HC|  |TAMS 0x00000007b3600000, 0x00000007b3500000| Complete 
| 822|0x00000007b3600000, 0x00000007b3700000, 0x00000007b3700000|100%|HC|  |TAMS 0x00000007b3700000, 0x00000007b3600000| Complete 
| 823|0x00000007b3700000, 0x00000007b3800000, 0x00000007b3800000|100%|HC|  |TAMS 0x00000007b3800000, 0x00000007b3700000| Complete 
| 824|0x00000007b3800000, 0x00000007b3900000, 0x00000007b3900000|100%|HC|  |TAMS 0x00000007b3900000, 0x00000007b3800000| Complete 
| 825|0x00000007b3900000, 0x00000007b3a00000, 0x00000007b3a00000|100%|HC|  |TAMS 0x00000007b3a00000, 0x00000007b3900000| Complete 
| 826|0x00000007b3a00000, 0x00000007b3b00000, 0x00000007b3b00000|100%|HC|  |TAMS 0x00000007b3b00000, 0x00000007b3a00000| Complete 
| 827|0x00000007b3b00000, 0x00000007b3c00000, 0x00000007b3c00000|100%|HC|  |TAMS 0x00000007b3c00000, 0x00000007b3b00000| Complete 
| 828|0x00000007b3c00000, 0x00000007b3d00000, 0x00000007b3d00000|100%|HC|  |TAMS 0x00000007b3d00000, 0x00000007b3c00000| Complete 
| 829|0x00000007b3d00000, 0x00000007b3e00000, 0x00000007b3e00000|100%|HC|  |TAMS 0x00000007b3e00000, 0x00000007b3d00000| Complete 
| 830|0x00000007b3e00000, 0x00000007b3f00000, 0x00000007b3f00000|100%|HC|  |TAMS 0x00000007b3f00000, 0x00000007b3e00000| Complete 
| 831|0x00000007b3f00000, 0x00000007b4000000, 0x00000007b4000000|100%|HC|  |TAMS 0x00000007b4000000, 0x00000007b3f00000| Complete 
| 832|0x00000007b4000000, 0x00000007b4100000, 0x00000007b4100000|100%|HC|  |TAMS 0x00000007b4100000, 0x00000007b4000000| Complete 
| 833|0x00000007b4100000, 0x00000007b4200000, 0x00000007b4200000|100%|HS|  |TAMS 0x00000007b4200000, 0x00000007b4100000| Complete 
| 834|0x00000007b4200000, 0x00000007b4300000, 0x00000007b4300000|100%|HC|  |TAMS 0x00000007b4300000, 0x00000007b4200000| Complete 
| 835|0x00000007b4300000, 0x00000007b4400000, 0x00000007b4400000|100%|HC|  |TAMS 0x00000007b4400000, 0x00000007b4300000| Complete 
| 836|0x00000007b4400000, 0x00000007b4500000, 0x00000007b4500000|100%|HC|  |TAMS 0x00000007b4500000, 0x00000007b4400000| Complete 
| 837|0x00000007b4500000, 0x00000007b4600000, 0x00000007b4600000|100%|HC|  |TAMS 0x00000007b4600000, 0x00000007b4500000| Complete 
| 838|0x00000007b4600000, 0x00000007b4700000, 0x00000007b4700000|100%|HC|  |TAMS 0x00000007b4700000, 0x00000007b4600000| Complete 
| 839|0x00000007b4700000, 0x00000007b4800000, 0x00000007b4800000|100%|HS|  |TAMS 0x00000007b4800000, 0x00000007b4700000| Complete 
| 840|0x00000007b4800000, 0x00000007b4900000, 0x00000007b4900000|100%|HC|  |TAMS 0x00000007b4900000, 0x00000007b4800000| Complete 
| 841|0x00000007b4900000, 0x00000007b4a00000, 0x00000007b4a00000|100%|HC|  |TAMS 0x00000007b4a00000, 0x00000007b4900000| Complete 
| 842|0x00000007b4a00000, 0x00000007b4b00000, 0x00000007b4b00000|100%|HC|  |TAMS 0x00000007b4b00000, 0x00000007b4a00000| Complete 
| 843|0x00000007b4b00000, 0x00000007b4c00000, 0x00000007b4c00000|100%|HS|  |TAMS 0x00000007b4c00000, 0x00000007b4b00000| Complete 
| 844|0x00000007b4c00000, 0x00000007b4d00000, 0x00000007b4d00000|100%|HC|  |TAMS 0x00000007b4d00000, 0x00000007b4c00000| Complete 
| 845|0x00000007b4d00000, 0x00000007b4e00000, 0x00000007b4e00000|100%|HS|  |TAMS 0x00000007b4e00000, 0x00000007b4d00000| Complete 
| 846|0x00000007b4e00000, 0x00000007b4f00000, 0x00000007b4f00000|100%|HC|  |TAMS 0x00000007b4f00000, 0x00000007b4e00000| Complete 
| 847|0x00000007b4f00000, 0x00000007b5000000, 0x00000007b5000000|100%| O|  |TAMS 0x00000007b5000000, 0x00000007b4f00000| Updating 
| 848|0x00000007b5000000, 0x00000007b5100000, 0x00000007b5100000|100%| O|  |TAMS 0x00000007b5100000, 0x00000007b5000000| Untracked 
| 849|0x00000007b5100000, 0x00000007b5200000, 0x00000007b5200000|100%| O|  |TAMS 0x00000007b5200000, 0x00000007b5100000| Updating 
| 850|0x00000007b5200000, 0x00000007b5300000, 0x00000007b5300000|100%| O|  |TAMS 0x00000007b5300000, 0x00000007b5200000| Untracked 
| 851|0x00000007b5300000, 0x00000007b5400000, 0x00000007b5400000|100%| O|  |TAMS 0x00000007b5400000, 0x00000007b5300000| Untracked 
| 852|0x00000007b5400000, 0x00000007b5500000, 0x00000007b5500000|100%| O|  |TAMS 0x00000007b5500000, 0x00000007b5400000| Untracked 
| 853|0x00000007b5500000, 0x00000007b5600000, 0x00000007b5600000|100%| O|  |TAMS 0x00000007b5600000, 0x00000007b5500000| Untracked 
| 854|0x00000007b5600000, 0x00000007b5700000, 0x00000007b5700000|100%| O|  |TAMS 0x00000007b5700000, 0x00000007b5600000| Untracked 
| 855|0x00000007b5700000, 0x00000007b5800000, 0x00000007b5800000|100%| O|  |TAMS 0x00000007b5800000, 0x00000007b5700000| Untracked 
| 856|0x00000007b5800000, 0x00000007b5900000, 0x00000007b5900000|100%|HS|  |TAMS 0x00000007b5900000, 0x00000007b5800000| Complete 
| 857|0x00000007b5900000, 0x00000007b5a00000, 0x00000007b5a00000|100%|HC|  |TAMS 0x00000007b5a00000, 0x00000007b5900000| Complete 
| 858|0x00000007b5a00000, 0x00000007b5b00000, 0x00000007b5b00000|100%|HS|  |TAMS 0x00000007b5a00000, 0x00000007b5a00000| Complete 
| 859|0x00000007b5b00000, 0x00000007b5c00000, 0x00000007b5c00000|100%| O|  |TAMS 0x00000007b5c00000, 0x00000007b5b00000| Updating 
| 860|0x00000007b5c00000, 0x00000007b5d00000, 0x00000007b5d00000|100%| O|  |TAMS 0x00000007b5d00000, 0x00000007b5c00000| Untracked 
| 861|0x00000007b5d00000, 0x00000007b5e00000, 0x00000007b5e00000|100%| O|  |TAMS 0x00000007b5e00000, 0x00000007b5d00000| Untracked 
| 862|0x00000007b5e00000, 0x00000007b5f00000, 0x00000007b5f00000|100%| O|  |TAMS 0x00000007b5f00000, 0x00000007b5e00000| Untracked 
| 863|0x00000007b5f00000, 0x00000007b6000000, 0x00000007b6000000|100%| O|  |TAMS 0x00000007b6000000, 0x00000007b5f00000| Untracked 
| 864|0x00000007b6000000, 0x00000007b6100000, 0x00000007b6100000|100%| O|  |TAMS 0x00000007b6100000, 0x00000007b6000000| Updating 
| 865|0x00000007b6100000, 0x00000007b6200000, 0x00000007b6200000|100%|HS|  |TAMS 0x00000007b6200000, 0x00000007b6100000| Complete 
| 866|0x00000007b6200000, 0x00000007b6300000, 0x00000007b6300000|100%| O|  |TAMS 0x00000007b6300000, 0x00000007b6200000| Untracked 
| 867|0x00000007b6300000, 0x00000007b6400000, 0x00000007b6400000|100%| O|  |TAMS 0x00000007b6400000, 0x00000007b6300000| Untracked 
| 868|0x00000007b6400000, 0x00000007b6500000, 0x00000007b6500000|100%|HS|  |TAMS 0x00000007b6500000, 0x00000007b6400000| Complete 
| 869|0x00000007b6500000, 0x00000007b6600000, 0x00000007b6600000|100%|HC|  |TAMS 0x00000007b6600000, 0x00000007b6500000| Complete 
| 870|0x00000007b6600000, 0x00000007b6700000, 0x00000007b6700000|100%|HS|  |TAMS 0x00000007b6700000, 0x00000007b6600000| Complete 
| 871|0x00000007b6700000, 0x00000007b6800000, 0x00000007b6800000|100%|HC|  |TAMS 0x00000007b6800000, 0x00000007b6700000| Complete 
| 872|0x00000007b6800000, 0x00000007b6900000, 0x00000007b6900000|100%|HS|  |TAMS 0x00000007b6900000, 0x00000007b6800000| Complete 
| 873|0x00000007b6900000, 0x00000007b6a00000, 0x00000007b6a00000|100%|HC|  |TAMS 0x00000007b6a00000, 0x00000007b6900000| Complete 
| 874|0x00000007b6a00000, 0x00000007b6b00000, 0x00000007b6b00000|100%| O|  |TAMS 0x00000007b6b00000, 0x00000007b6a00000| Untracked 
| 875|0x00000007b6b00000, 0x00000007b6c00000, 0x00000007b6c00000|100%| O|  |TAMS 0x00000007b6c00000, 0x00000007b6b00000| Untracked 
| 876|0x00000007b6c00000, 0x00000007b6d00000, 0x00000007b6d00000|100%| O|  |TAMS 0x00000007b6d00000, 0x00000007b6c00000| Untracked 
| 877|0x00000007b6d00000, 0x00000007b6e00000, 0x00000007b6e00000|100%| O|  |TAMS 0x00000007b6e00000, 0x00000007b6d00000| Untracked 
| 878|0x00000007b6e00000, 0x00000007b6f00000, 0x00000007b6f00000|100%| O|  |TAMS 0x00000007b6f00000, 0x00000007b6e00000| Untracked 
| 879|0x00000007b6f00000, 0x00000007b7000000, 0x00000007b7000000|100%| O|  |TAMS 0x00000007b7000000, 0x00000007b6f00000| Untracked 
| 880|0x00000007b7000000, 0x00000007b7100000, 0x00000007b7100000|100%| O|  |TAMS 0x00000007b7100000, 0x00000007b7000000| Untracked 
| 881|0x00000007b7100000, 0x00000007b7200000, 0x00000007b7200000|100%| O|  |TAMS 0x00000007b7200000, 0x00000007b7100000| Untracked 
| 882|0x00000007b7200000, 0x00000007b7300000, 0x00000007b7300000|100%| O|  |TAMS 0x00000007b7300000, 0x00000007b7200000| Untracked 
| 883|0x00000007b7300000, 0x00000007b7400000, 0x00000007b7400000|100%| O|  |TAMS 0x00000007b7400000, 0x00000007b7300000| Untracked 
| 884|0x00000007b7400000, 0x00000007b7500000, 0x00000007b7500000|100%| O|  |TAMS 0x00000007b7500000, 0x00000007b7400000| Untracked 
| 885|0x00000007b7500000, 0x00000007b7600000, 0x00000007b7600000|100%|HS|  |TAMS 0x00000007b7600000, 0x00000007b7500000| Complete 
| 886|0x00000007b7600000, 0x00000007b7700000, 0x00000007b7700000|100%|HC|  |TAMS 0x00000007b7700000, 0x00000007b7600000| Complete 
| 887|0x00000007b7700000, 0x00000007b7800000, 0x00000007b7800000|100%| O|  |TAMS 0x00000007b7800000, 0x00000007b7700000| Untracked 
| 888|0x00000007b7800000, 0x00000007b7900000, 0x00000007b7900000|100%| O|  |TAMS 0x00000007b7900000, 0x00000007b7800000| Untracked 
| 889|0x00000007b7900000, 0x00000007b7a00000, 0x00000007b7a00000|100%| O|  |TAMS 0x00000007b7a00000, 0x00000007b7900000| Untracked 
| 890|0x00000007b7a00000, 0x00000007b7b00000, 0x00000007b7b00000|100%| O|  |TAMS 0x00000007b7b00000, 0x00000007b7a00000| Untracked 
| 891|0x00000007b7b00000, 0x00000007b7c00000, 0x00000007b7c00000|100%| O|  |TAMS 0x00000007b7c00000, 0x00000007b7b00000| Untracked 
| 892|0x00000007b7c00000, 0x00000007b7d00000, 0x00000007b7d00000|100%| O|  |TAMS 0x00000007b7d00000, 0x00000007b7c00000| Untracked 
| 893|0x00000007b7d00000, 0x00000007b7e00000, 0x00000007b7e00000|100%|HS|  |TAMS 0x00000007b7e00000, 0x00000007b7d00000| Complete 
| 894|0x00000007b7e00000, 0x00000007b7f00000, 0x00000007b7f00000|100%|HC|  |TAMS 0x00000007b7f00000, 0x00000007b7e00000| Complete 
| 895|0x00000007b7f00000, 0x00000007b8000000, 0x00000007b8000000|100%| O|  |TAMS 0x00000007b8000000, 0x00000007b7f00000| Untracked 
| 896|0x00000007b8000000, 0x00000007b8100000, 0x00000007b8100000|100%| O|  |TAMS 0x00000007b8100000, 0x00000007b8000000| Untracked 
| 897|0x00000007b8100000, 0x00000007b8200000, 0x00000007b8200000|100%| O|  |TAMS 0x00000007b8200000, 0x00000007b8100000| Untracked 
| 898|0x00000007b8200000, 0x00000007b8300000, 0x00000007b8300000|100%|HS|  |TAMS 0x00000007b8300000, 0x00000007b8200000| Complete 
| 899|0x00000007b8300000, 0x00000007b8400000, 0x00000007b8400000|100%|HC|  |TAMS 0x00000007b8400000, 0x00000007b8300000| Complete 
| 900|0x00000007b8400000, 0x00000007b8500000, 0x00000007b8500000|100%| O|  |TAMS 0x00000007b8500000, 0x00000007b8400000| Untracked 
| 901|0x00000007b8500000, 0x00000007b8600000, 0x00000007b8600000|100%| O|  |TAMS 0x00000007b8600000, 0x00000007b8500000| Untracked 
| 902|0x00000007b8600000, 0x00000007b8700000, 0x00000007b8700000|100%| O|  |TAMS 0x00000007b8700000, 0x00000007b8600000| Untracked 
| 903|0x00000007b8700000, 0x00000007b8800000, 0x00000007b8800000|100%|HS|  |TAMS 0x00000007b8800000, 0x00000007b8700000| Complete 
| 904|0x00000007b8800000, 0x00000007b8900000, 0x00000007b8900000|100%|HC|  |TAMS 0x00000007b8900000, 0x00000007b8800000| Complete 
| 905|0x00000007b8900000, 0x00000007b8a00000, 0x00000007b8a00000|100%| O|  |TAMS 0x00000007b8a00000, 0x00000007b8900000| Untracked 
| 906|0x00000007b8a00000, 0x00000007b8b00000, 0x00000007b8b00000|100%| O|  |TAMS 0x00000007b8b00000, 0x00000007b8a00000| Untracked 
| 907|0x00000007b8b00000, 0x00000007b8c00000, 0x00000007b8c00000|100%|HS|  |TAMS 0x00000007b8c00000, 0x00000007b8b00000| Complete 
| 908|0x00000007b8c00000, 0x00000007b8d00000, 0x00000007b8d00000|100%|HC|  |TAMS 0x00000007b8d00000, 0x00000007b8c00000| Complete 
| 909|0x00000007b8d00000, 0x00000007b8e00000, 0x00000007b8e00000|100%| O|  |TAMS 0x00000007b8e00000, 0x00000007b8d00000| Updating 
| 910|0x00000007b8e00000, 0x00000007b8f00000, 0x00000007b8f00000|100%| O|  |TAMS 0x00000007b8f00000, 0x00000007b8e00000| Untracked 
| 911|0x00000007b8f00000, 0x00000007b9000000, 0x00000007b9000000|100%| O|  |TAMS 0x00000007b9000000, 0x00000007b8f00000| Untracked 
| 912|0x00000007b9000000, 0x00000007b9100000, 0x00000007b9100000|100%| O|  |TAMS 0x00000007b9100000, 0x00000007b9000000| Updating 
| 913|0x00000007b9100000, 0x00000007b9200000, 0x00000007b9200000|100%|HS|  |TAMS 0x00000007b9100000, 0x00000007b9100000| Complete 
| 914|0x00000007b9200000, 0x00000007b9300000, 0x00000007b9300000|100%|HS|  |TAMS 0x00000007b9300000, 0x00000007b9200000| Complete 
| 915|0x00000007b9300000, 0x00000007b9400000, 0x00000007b9400000|100%| O|  |TAMS 0x00000007b9400000, 0x00000007b9300000| Untracked 
| 916|0x00000007b9400000, 0x00000007b9500000, 0x00000007b9500000|100%|HS|  |TAMS 0x00000007b9500000, 0x00000007b9400000| Complete 
| 917|0x00000007b9500000, 0x00000007b9600000, 0x00000007b9600000|100%|HC|  |TAMS 0x00000007b9600000, 0x00000007b9500000| Complete 
| 918|0x00000007b9600000, 0x00000007b9700000, 0x00000007b9700000|100%| O|  |TAMS 0x00000007b9700000, 0x00000007b9600000| Untracked 
| 919|0x00000007b9700000, 0x00000007b9800000, 0x00000007b9800000|100%| O|  |TAMS 0x00000007b9800000, 0x00000007b9700000| Untracked 
| 920|0x00000007b9800000, 0x00000007b9900000, 0x00000007b9900000|100%|HS|  |TAMS 0x00000007b9900000, 0x00000007b9800000| Complete 
| 921|0x00000007b9900000, 0x00000007b9a00000, 0x00000007b9a00000|100%|HC|  |TAMS 0x00000007b9a00000, 0x00000007b9900000| Complete 
| 922|0x00000007b9a00000, 0x00000007b9b00000, 0x00000007b9b00000|100%|HC|  |TAMS 0x00000007b9b00000, 0x00000007b9a00000| Complete 
| 923|0x00000007b9b00000, 0x00000007b9c00000, 0x00000007b9c00000|100%| O|  |TAMS 0x00000007b9c00000, 0x00000007b9b00000| Untracked 
| 924|0x00000007b9c00000, 0x00000007b9d00000, 0x00000007b9d00000|100%| O|  |TAMS 0x00000007b9d00000, 0x00000007b9c00000| Untracked 
| 925|0x00000007b9d00000, 0x00000007b9e00000, 0x00000007b9e00000|100%| O|  |TAMS 0x00000007b9e00000, 0x00000007b9d00000| Updating 
| 926|0x00000007b9e00000, 0x00000007b9f00000, 0x00000007b9f00000|100%| O|  |TAMS 0x00000007b9f00000, 0x00000007b9e00000| Updating 
| 927|0x00000007b9f00000, 0x00000007ba000000, 0x00000007ba000000|100%|HS|  |TAMS 0x00000007ba000000, 0x00000007b9f00000| Complete 
| 928|0x00000007ba000000, 0x00000007ba100000, 0x00000007ba100000|100%|HS|  |TAMS 0x00000007ba100000, 0x00000007ba000000| Complete 
| 929|0x00000007ba100000, 0x00000007ba200000, 0x00000007ba200000|100%|HC|  |TAMS 0x00000007ba200000, 0x00000007ba100000| Complete 
| 930|0x00000007ba200000, 0x00000007ba300000, 0x00000007ba300000|100%| O|  |TAMS 0x00000007ba300000, 0x00000007ba200000| Untracked 
| 931|0x00000007ba300000, 0x00000007ba400000, 0x00000007ba400000|100%| O|  |TAMS 0x00000007ba400000, 0x00000007ba300000| Untracked 
| 932|0x00000007ba400000, 0x00000007ba500000, 0x00000007ba500000|100%|HS|  |TAMS 0x00000007ba500000, 0x00000007ba400000| Complete 
| 933|0x00000007ba500000, 0x00000007ba600000, 0x00000007ba600000|100%|HS|  |TAMS 0x00000007ba600000, 0x00000007ba500000| Complete 
| 934|0x00000007ba600000, 0x00000007ba700000, 0x00000007ba700000|100%| O|  |TAMS 0x00000007ba700000, 0x00000007ba600000| Updating 
| 935|0x00000007ba700000, 0x00000007ba800000, 0x00000007ba800000|100%|HS|  |TAMS 0x00000007ba800000, 0x00000007ba700000| Complete 
| 936|0x00000007ba800000, 0x00000007ba900000, 0x00000007ba900000|100%| O|  |TAMS 0x00000007ba900000, 0x00000007ba800000| Untracked 
| 937|0x00000007ba900000, 0x00000007baa00000, 0x00000007baa00000|100%|HS|  |TAMS 0x00000007baa00000, 0x00000007ba900000| Complete 
| 938|0x00000007baa00000, 0x00000007bab00000, 0x00000007bab00000|100%| O|  |TAMS 0x00000007bab00000, 0x00000007baa00000| Untracked 
| 939|0x00000007bab00000, 0x00000007bac00000, 0x00000007bac00000|100%| O|  |TAMS 0x00000007bac00000, 0x00000007bab00000| Untracked 
| 940|0x00000007bac00000, 0x00000007bad00000, 0x00000007bad00000|100%| O|  |TAMS 0x00000007bad00000, 0x00000007bac00000| Untracked 
| 941|0x00000007bad00000, 0x00000007bae00000, 0x00000007bae00000|100%|HS|  |TAMS 0x00000007bae00000, 0x00000007bad00000| Complete 
| 942|0x00000007bae00000, 0x00000007baf00000, 0x00000007baf00000|100%| O|  |TAMS 0x00000007baf00000, 0x00000007bae00000| Untracked 
| 943|0x00000007baf00000, 0x00000007bb000000, 0x00000007bb000000|100%| O|  |TAMS 0x00000007bb000000, 0x00000007baf00000| Untracked 
| 944|0x00000007bb000000, 0x00000007bb100000, 0x00000007bb100000|100%| O|  |TAMS 0x00000007bb100000, 0x00000007bb000000| Updating 
| 945|0x00000007bb100000, 0x00000007bb200000, 0x00000007bb200000|100%| O|  |TAMS 0x00000007bb200000, 0x00000007bb100000| Untracked 
| 946|0x00000007bb200000, 0x00000007bb300000, 0x00000007bb300000|100%| O|  |TAMS 0x00000007bb200000, 0x00000007bb200000| Untracked 
| 947|0x00000007bb300000, 0x00000007bb400000, 0x00000007bb400000|100%| O|  |TAMS 0x00000007bb400000, 0x00000007bb300000| Untracked 
| 948|0x00000007bb400000, 0x00000007bb500000, 0x00000007bb500000|100%| O|  |TAMS 0x00000007bb500000, 0x00000007bb400000| Untracked 
| 949|0x00000007bb500000, 0x00000007bb600000, 0x00000007bb600000|100%| O|  |TAMS 0x00000007bb600000, 0x00000007bb500000| Untracked 
| 950|0x00000007bb600000, 0x00000007bb700000, 0x00000007bb700000|100%|HS|  |TAMS 0x00000007bb700000, 0x00000007bb600000| Complete 
| 951|0x00000007bb700000, 0x00000007bb800000, 0x00000007bb800000|100%|HC|  |TAMS 0x00000007bb800000, 0x00000007bb700000| Complete 
| 952|0x00000007bb800000, 0x00000007bb900000, 0x00000007bb900000|100%|HS|  |TAMS 0x00000007bb900000, 0x00000007bb800000| Complete 
| 953|0x00000007bb900000, 0x00000007bba00000, 0x00000007bba00000|100%|HS|  |TAMS 0x00000007bba00000, 0x00000007bb900000| Complete 
| 954|0x00000007bba00000, 0x00000007bbb00000, 0x00000007bbb00000|100%| O|  |TAMS 0x00000007bbb00000, 0x00000007bba00000| Untracked 
| 955|0x00000007bbb00000, 0x00000007bbc00000, 0x00000007bbc00000|100%| O|  |TAMS 0x00000007bbc00000, 0x00000007bbb00000| Untracked 
| 956|0x00000007bbc00000, 0x00000007bbd00000, 0x00000007bbd00000|100%| O|  |TAMS 0x00000007bbd00000, 0x00000007bbc00000| Untracked 
| 957|0x00000007bbd00000, 0x00000007bbe00000, 0x00000007bbe00000|100%| O|  |TAMS 0x00000007bbe00000, 0x00000007bbd00000| Untracked 
| 958|0x00000007bbe00000, 0x00000007bbf00000, 0x00000007bbf00000|100%| O|  |TAMS 0x00000007bbf00000, 0x00000007bbe00000| Untracked 
| 959|0x00000007bbf00000, 0x00000007bc000000, 0x00000007bc000000|100%| O|  |TAMS 0x00000007bc000000, 0x00000007bbf00000| Untracked 
| 960|0x00000007bc000000, 0x00000007bc100000, 0x00000007bc100000|100%|HS|  |TAMS 0x00000007bc100000, 0x00000007bc000000| Complete 
| 961|0x00000007bc100000, 0x00000007bc200000, 0x00000007bc200000|100%|HC|  |TAMS 0x00000007bc200000, 0x00000007bc100000| Complete 
| 962|0x00000007bc200000, 0x00000007bc300000, 0x00000007bc300000|100%| O|  |TAMS 0x00000007bc300000, 0x00000007bc200000| Untracked 
| 963|0x00000007bc300000, 0x00000007bc400000, 0x00000007bc400000|100%| O|  |TAMS 0x00000007bc400000, 0x00000007bc300000| Untracked 
| 964|0x00000007bc400000, 0x00000007bc500000, 0x00000007bc500000|100%| O|  |TAMS 0x00000007bc500000, 0x00000007bc400000| Untracked 
| 965|0x00000007bc500000, 0x00000007bc600000, 0x00000007bc600000|100%| O|  |TAMS 0x00000007bc600000, 0x00000007bc500000| Untracked 
| 966|0x00000007bc600000, 0x00000007bc700000, 0x00000007bc700000|100%| O|  |TAMS 0x00000007bc700000, 0x00000007bc600000| Untracked 
| 967|0x00000007bc700000, 0x00000007bc800000, 0x00000007bc800000|100%| O|  |TAMS 0x00000007bc800000, 0x00000007bc700000| Untracked 
| 968|0x00000007bc800000, 0x00000007bc900000, 0x00000007bc900000|100%| O|  |TAMS 0x00000007bc900000, 0x00000007bc800000| Untracked 
| 969|0x00000007bc900000, 0x00000007bca00000, 0x00000007bca00000|100%| O|  |TAMS 0x00000007bca00000, 0x00000007bc900000| Untracked 
| 970|0x00000007bca00000, 0x00000007bcb00000, 0x00000007bcb00000|100%| O|  |TAMS 0x00000007bcb00000, 0x00000007bca00000| Untracked 
| 971|0x00000007bcb00000, 0x00000007bcc00000, 0x00000007bcc00000|100%| O|  |TAMS 0x00000007bcc00000, 0x00000007bcb00000| Untracked 
| 972|0x00000007bcc00000, 0x00000007bcd00000, 0x00000007bcd00000|100%|HS|  |TAMS 0x00000007bcd00000, 0x00000007bcc00000| Complete 
| 973|0x00000007bcd00000, 0x00000007bce00000, 0x00000007bce00000|100%| O|  |TAMS 0x00000007bce00000, 0x00000007bcd00000| Untracked 
| 974|0x00000007bce00000, 0x00000007bcf00000, 0x00000007bcf00000|100%| O|  |TAMS 0x00000007bcf00000, 0x00000007bce00000| Untracked 
| 975|0x00000007bcf00000, 0x00000007bd000000, 0x00000007bd000000|100%| O|  |TAMS 0x00000007bd000000, 0x00000007bcf00000| Untracked 
| 976|0x00000007bd000000, 0x00000007bd100000, 0x00000007bd100000|100%| O|  |TAMS 0x00000007bd000000, 0x00000007bd000000| Untracked 
| 977|0x00000007bd100000, 0x00000007bd200000, 0x00000007bd200000|100%|HS|  |TAMS 0x00000007bd200000, 0x00000007bd100000| Complete 
| 978|0x00000007bd200000, 0x00000007bd300000, 0x00000007bd300000|100%| O|  |TAMS 0x00000007bd300000, 0x00000007bd200000| Untracked 
| 979|0x00000007bd300000, 0x00000007bd400000, 0x00000007bd400000|100%| O|  |TAMS 0x00000007bd400000, 0x00000007bd300000| Untracked 
| 980|0x00000007bd400000, 0x00000007bd500000, 0x00000007bd500000|100%| O|  |TAMS 0x00000007bd500000, 0x00000007bd400000| Untracked 
| 981|0x00000007bd500000, 0x00000007bd600000, 0x00000007bd600000|100%| O|  |TAMS 0x00000007bd600000, 0x00000007bd500000| Untracked 
| 982|0x00000007bd600000, 0x00000007bd700000, 0x00000007bd700000|100%| O|  |TAMS 0x00000007bd700000, 0x00000007bd600000| Untracked 
| 983|0x00000007bd700000, 0x00000007bd800000, 0x00000007bd800000|100%| O|  |TAMS 0x00000007bd800000, 0x00000007bd700000| Updating 
| 984|0x00000007bd800000, 0x00000007bd900000, 0x00000007bd900000|100%| O|  |TAMS 0x00000007bd900000, 0x00000007bd800000| Untracked 
| 985|0x00000007bd900000, 0x00000007bda00000, 0x00000007bda00000|100%| O|  |TAMS 0x00000007bda00000, 0x00000007bd900000| Untracked 
| 986|0x00000007bda00000, 0x00000007bdb00000, 0x00000007bdb00000|100%| O|  |TAMS 0x00000007bdb00000, 0x00000007bda00000| Untracked 
| 987|0x00000007bdb00000, 0x00000007bdc00000, 0x00000007bdc00000|100%| O|  |TAMS 0x00000007bdc00000, 0x00000007bdb00000| Untracked 
| 988|0x00000007bdc00000, 0x00000007bdd00000, 0x00000007bdd00000|100%| O|  |TAMS 0x00000007bdd00000, 0x00000007bdc00000| Updating 
| 989|0x00000007bdd00000, 0x00000007bde00000, 0x00000007bde00000|100%| O|  |TAMS 0x00000007bde00000, 0x00000007bdd00000| Updating 
| 990|0x00000007bde00000, 0x00000007bdf00000, 0x00000007bdf00000|100%| O|  |TAMS 0x00000007bdf00000, 0x00000007bde00000| Updating 
| 991|0x00000007bdf00000, 0x00000007be000000, 0x00000007be000000|100%| O|  |TAMS 0x00000007be000000, 0x00000007bdf00000| Updating 
| 992|0x00000007be000000, 0x00000007be100000, 0x00000007be100000|100%| O|  |TAMS 0x00000007be100000, 0x00000007be000000| Updating 
| 993|0x00000007be100000, 0x00000007be200000, 0x00000007be200000|100%| O|  |TAMS 0x00000007be200000, 0x00000007be100000| Updating 
| 994|0x00000007be200000, 0x00000007be300000, 0x00000007be300000|100%| O|  |TAMS 0x00000007be300000, 0x00000007be200000| Updating 
| 995|0x00000007be300000, 0x00000007be400000, 0x00000007be400000|100%| O|  |TAMS 0x00000007be400000, 0x00000007be300000| Updating 
| 996|0x00000007be400000, 0x00000007be500000, 0x00000007be500000|100%| O|  |TAMS 0x00000007be500000, 0x00000007be400000| Updating 
| 997|0x00000007be500000, 0x00000007be600000, 0x00000007be600000|100%| O|  |TAMS 0x00000007be600000, 0x00000007be500000| Updating 
| 998|0x00000007be600000, 0x00000007be700000, 0x00000007be700000|100%| O|  |TAMS 0x00000007be700000, 0x00000007be600000| Updating 
| 999|0x00000007be700000, 0x00000007be800000, 0x00000007be800000|100%| O|  |TAMS 0x00000007be800000, 0x00000007be700000| Updating 
|1000|0x00000007be800000, 0x00000007be900000, 0x00000007be900000|100%| O|  |TAMS 0x00000007be900000, 0x00000007be800000| Updating 
|1001|0x00000007be900000, 0x00000007bea00000, 0x00000007bea00000|100%| O|  |TAMS 0x00000007bea00000, 0x00000007be900000| Updating 
|1002|0x00000007bea00000, 0x00000007beb00000, 0x00000007beb00000|100%| O|  |TAMS 0x00000007beb00000, 0x00000007bea00000| Updating 
|1003|0x00000007beb00000, 0x00000007bec00000, 0x00000007bec00000|100%| O|  |TAMS 0x00000007bec00000, 0x00000007beb00000| Updating 
|1004|0x00000007bec00000, 0x00000007bed00000, 0x00000007bed00000|100%| O|  |TAMS 0x00000007bed00000, 0x00000007bec00000| Untracked 
|1005|0x00000007bed00000, 0x00000007bee00000, 0x00000007bee00000|100%| O|  |TAMS 0x00000007bee00000, 0x00000007bed00000| Untracked 
|1006|0x00000007bee00000, 0x00000007bef00000, 0x00000007bef00000|100%| O|  |TAMS 0x00000007bef00000, 0x00000007bee00000| Untracked 
|1007|0x00000007bef00000, 0x00000007bf000000, 0x00000007bf000000|100%| O|  |TAMS 0x00000007bf000000, 0x00000007bef00000| Updating 
|1008|0x00000007bf000000, 0x00000007bf100000, 0x00000007bf100000|100%| O|  |TAMS 0x00000007bf100000, 0x00000007bf000000| Updating 
|1009|0x00000007bf100000, 0x00000007bf200000, 0x00000007bf200000|100%| O|  |TAMS 0x00000007bf200000, 0x00000007bf100000| Untracked 
|1010|0x00000007bf200000, 0x00000007bf300000, 0x00000007bf300000|100%| O|  |TAMS 0x00000007bf300000, 0x00000007bf200000| Untracked 
|1011|0x00000007bf300000, 0x00000007bf400000, 0x00000007bf400000|100%| O|  |TAMS 0x00000007bf400000, 0x00000007bf300000| Untracked 
|1012|0x00000007bf400000, 0x00000007bf500000, 0x00000007bf500000|100%| O|  |TAMS 0x00000007bf500000, 0x00000007bf400000| Updating 
|1013|0x00000007bf500000, 0x00000007bf600000, 0x00000007bf600000|100%| O|  |TAMS 0x00000007bf600000, 0x00000007bf500000| Untracked 
|1014|0x00000007bf600000, 0x00000007bf700000, 0x00000007bf700000|100%| O|  |TAMS 0x00000007bf700000, 0x00000007bf600000| Untracked 
|1015|0x00000007bf700000, 0x00000007bf800000, 0x00000007bf800000|100%| O|  |TAMS 0x00000007bf800000, 0x00000007bf700000| Untracked 
|1016|0x00000007bf800000, 0x00000007bf900000, 0x00000007bf900000|100%| O|  |TAMS 0x00000007bf900000, 0x00000007bf800000| Untracked 
|1017|0x00000007bf900000, 0x00000007bfa00000, 0x00000007bfa00000|100%| O|  |TAMS 0x00000007bfa00000, 0x00000007bf900000| Untracked 
|1018|0x00000007bfa00000, 0x00000007bfb00000, 0x00000007bfb00000|100%| O|  |TAMS 0x00000007bfb00000, 0x00000007bfa00000| Untracked 
|1019|0x00000007bfb00000, 0x00000007bfc00000, 0x00000007bfc00000|100%|HS|  |TAMS 0x00000007bfc00000, 0x00000007bfb00000| Complete 
|1020|0x00000007bfc00000, 0x00000007bfd00000, 0x00000007bfd00000|100%|HC|  |TAMS 0x00000007bfd00000, 0x00000007bfc00000| Complete 
|1021|0x00000007bfd00000, 0x00000007bfe00000, 0x00000007bfe00000|100%|HS|  |TAMS 0x00000007bfe00000, 0x00000007bfd00000| Complete 
|1022|0x00000007bfe00000, 0x00000007bff00000, 0x00000007bff00000|100%|HS|  |TAMS 0x00000007bff00000, 0x00000007bfe00000| Complete 
|1023|0x00000007bff00000, 0x00000007c0000000, 0x00000007c0000000|100%| O|  |TAMS 0x00000007c0000000, 0x00000007bff00000| Updating 
|1024|0x00000007c0000000, 0x00000007c0100000, 0x00000007c0100000|100%| O|  |TAMS 0x00000007c0100000, 0x00000007c0000000| Untracked 
|1025|0x00000007c0100000, 0x00000007c0200000, 0x00000007c0200000|100%| O|  |TAMS 0x00000007c0200000, 0x00000007c0100000| Untracked 
|1026|0x00000007c0200000, 0x00000007c0300000, 0x00000007c0300000|100%| O|  |TAMS 0x00000007c0300000, 0x00000007c0200000| Untracked 
|1027|0x00000007c0300000, 0x00000007c0400000, 0x00000007c0400000|100%| O|  |TAMS 0x00000007c0400000, 0x00000007c0300000| Untracked 
|1028|0x00000007c0400000, 0x00000007c0500000, 0x00000007c0500000|100%| O|  |TAMS 0x00000007c0500000, 0x00000007c0400000| Untracked 
|1029|0x00000007c0500000, 0x00000007c0600000, 0x00000007c0600000|100%| O|  |TAMS 0x00000007c0600000, 0x00000007c0500000| Untracked 
|1030|0x00000007c0600000, 0x00000007c0700000, 0x00000007c0700000|100%| O|  |TAMS 0x00000007c0700000, 0x00000007c0600000| Untracked 
|1031|0x00000007c0700000, 0x00000007c0800000, 0x00000007c0800000|100%| O|  |TAMS 0x00000007c0800000, 0x00000007c0700000| Untracked 
|1032|0x00000007c0800000, 0x00000007c0900000, 0x00000007c0900000|100%| O|  |TAMS 0x00000007c0900000, 0x00000007c0800000| Untracked 
|1033|0x00000007c0900000, 0x00000007c0a00000, 0x00000007c0a00000|100%| O|  |TAMS 0x00000007c0a00000, 0x00000007c0900000| Untracked 
|1034|0x00000007c0a00000, 0x00000007c0b00000, 0x00000007c0b00000|100%| O|  |TAMS 0x00000007c0b00000, 0x00000007c0a00000| Untracked 
|1035|0x00000007c0b00000, 0x00000007c0c00000, 0x00000007c0c00000|100%|HS|  |TAMS 0x00000007c0c00000, 0x00000007c0b00000| Complete 
|1036|0x00000007c0c00000, 0x00000007c0d00000, 0x00000007c0d00000|100%|HC|  |TAMS 0x00000007c0d00000, 0x00000007c0c00000| Complete 
|1037|0x00000007c0d00000, 0x00000007c0e00000, 0x00000007c0e00000|100%|HS|  |TAMS 0x00000007c0e00000, 0x00000007c0d00000| Complete 
|1038|0x00000007c0e00000, 0x00000007c0f00000, 0x00000007c0f00000|100%| O|  |TAMS 0x00000007c0f00000, 0x00000007c0e00000| Untracked 
|1039|0x00000007c0f00000, 0x00000007c1000000, 0x00000007c1000000|100%| O|  |TAMS 0x00000007c1000000, 0x00000007c0f00000| Untracked 
|1040|0x00000007c1000000, 0x00000007c1100000, 0x00000007c1100000|100%| O|  |TAMS 0x00000007c1100000, 0x00000007c1000000| Untracked 
|1041|0x00000007c1100000, 0x00000007c1200000, 0x00000007c1200000|100%| O|  |TAMS 0x00000007c1200000, 0x00000007c1100000| Untracked 
|1042|0x00000007c1200000, 0x00000007c1300000, 0x00000007c1300000|100%| O|  |TAMS 0x00000007c1300000, 0x00000007c1200000| Untracked 
|1043|0x00000007c1300000, 0x00000007c1400000, 0x00000007c1400000|100%| O|  |TAMS 0x00000007c1400000, 0x00000007c1300000| Untracked 
|1044|0x00000007c1400000, 0x00000007c1500000, 0x00000007c1500000|100%| O|  |TAMS 0x00000007c1500000, 0x00000007c1400000| Untracked 
|1045|0x00000007c1500000, 0x00000007c1600000, 0x00000007c1600000|100%|HS|  |TAMS 0x00000007c1600000, 0x00000007c1500000| Complete 
|1046|0x00000007c1600000, 0x00000007c1700000, 0x00000007c1700000|100%|HS|  |TAMS 0x00000007c1700000, 0x00000007c1600000| Complete 
|1047|0x00000007c1700000, 0x00000007c1800000, 0x00000007c1800000|100%| O|  |TAMS 0x00000007c1800000, 0x00000007c1700000| Untracked 
|1048|0x00000007c1800000, 0x00000007c1900000, 0x00000007c1900000|100%| O|  |TAMS 0x00000007c1900000, 0x00000007c1800000| Updating 
|1049|0x00000007c1900000, 0x00000007c1a00000, 0x00000007c1a00000|100%| O|  |TAMS 0x00000007c1a00000, 0x00000007c1900000| Updating 
|1050|0x00000007c1a00000, 0x00000007c1b00000, 0x00000007c1b00000|100%|HS|  |TAMS 0x00000007c1b00000, 0x00000007c1a00000| Complete 
|1051|0x00000007c1b00000, 0x00000007c1c00000, 0x00000007c1c00000|100%| O|  |TAMS 0x00000007c1c00000, 0x00000007c1b00000| Untracked 
|1052|0x00000007c1c00000, 0x00000007c1d00000, 0x00000007c1d00000|100%| O|  |TAMS 0x00000007c1d00000, 0x00000007c1c00000| Untracked 
|1053|0x00000007c1d00000, 0x00000007c1e00000, 0x00000007c1e00000|100%| O|  |TAMS 0x00000007c1e00000, 0x00000007c1d00000| Updating 
|1054|0x00000007c1e00000, 0x00000007c1f00000, 0x00000007c1f00000|100%| O|  |TAMS 0x00000007c1f00000, 0x00000007c1e00000| Untracked 
|1055|0x00000007c1f00000, 0x00000007c2000000, 0x00000007c2000000|100%| O|  |TAMS 0x00000007c2000000, 0x00000007c1f00000| Updating 
|1056|0x00000007c2000000, 0x00000007c2100000, 0x00000007c2100000|100%| O|  |TAMS 0x00000007c2100000, 0x00000007c2000000| Untracked 
|1057|0x00000007c2100000, 0x00000007c2200000, 0x00000007c2200000|100%|HS|  |TAMS 0x00000007c2200000, 0x00000007c2100000| Complete 
|1058|0x00000007c2200000, 0x00000007c2300000, 0x00000007c2300000|100%| O|  |TAMS 0x00000007c2300000, 0x00000007c2200000| Untracked 
|1059|0x00000007c2300000, 0x00000007c2400000, 0x00000007c2400000|100%|HS|  |TAMS 0x00000007c2400000, 0x00000007c2300000| Complete 
|1060|0x00000007c2400000, 0x00000007c2500000, 0x00000007c2500000|100%| O|  |TAMS 0x00000007c2500000, 0x00000007c2400000| Untracked 
|1061|0x00000007c2500000, 0x00000007c2600000, 0x00000007c2600000|100%|HS|  |TAMS 0x00000007c2500000, 0x00000007c2500000| Complete 
|1062|0x00000007c2600000, 0x00000007c2700000, 0x00000007c2700000|100%| O|  |TAMS 0x00000007c2700000, 0x00000007c2600000| Untracked 
|1063|0x00000007c2700000, 0x00000007c2800000, 0x00000007c2800000|100%| O|  |TAMS 0x00000007c2800000, 0x00000007c2700000| Untracked 
|1064|0x00000007c2800000, 0x00000007c2900000, 0x00000007c2900000|100%|HS|  |TAMS 0x00000007c2900000, 0x00000007c2800000| Complete 
|1065|0x00000007c2900000, 0x00000007c2a00000, 0x00000007c2a00000|100%|HC|  |TAMS 0x00000007c2a00000, 0x00000007c2900000| Complete 
|1066|0x00000007c2a00000, 0x00000007c2b00000, 0x00000007c2b00000|100%|HS|  |TAMS 0x00000007c2b00000, 0x00000007c2a00000| Complete 
|1067|0x00000007c2b00000, 0x00000007c2c00000, 0x00000007c2c00000|100%| O|  |TAMS 0x00000007c2c00000, 0x00000007c2b00000| Untracked 
|1068|0x00000007c2c00000, 0x00000007c2d00000, 0x00000007c2d00000|100%| O|  |TAMS 0x00000007c2d00000, 0x00000007c2c00000| Untracked 
|1069|0x00000007c2d00000, 0x00000007c2e00000, 0x00000007c2e00000|100%| O|  |TAMS 0x00000007c2e00000, 0x00000007c2d00000| Untracked 
|1070|0x00000007c2e00000, 0x00000007c2f00000, 0x00000007c2f00000|100%| O|  |TAMS 0x00000007c2f00000, 0x00000007c2e00000| Untracked 
|1071|0x00000007c2f00000, 0x00000007c3000000, 0x00000007c3000000|100%| O|  |TAMS 0x00000007c3000000, 0x00000007c2f00000| Untracked 
|1072|0x00000007c3000000, 0x00000007c3100000, 0x00000007c3100000|100%| O|  |TAMS 0x00000007c3100000, 0x00000007c3000000| Untracked 
|1073|0x00000007c3100000, 0x00000007c3200000, 0x00000007c3200000|100%| O|  |TAMS 0x00000007c3200000, 0x00000007c3100000| Untracked 
|1074|0x00000007c3200000, 0x00000007c3300000, 0x00000007c3300000|100%| O|  |TAMS 0x00000007c3300000, 0x00000007c3200000| Untracked 
|1075|0x00000007c3300000, 0x00000007c3400000, 0x00000007c3400000|100%|HS|  |TAMS 0x00000007c3400000, 0x00000007c3300000| Complete 
|1076|0x00000007c3400000, 0x00000007c3500000, 0x00000007c3500000|100%|HC|  |TAMS 0x00000007c3500000, 0x00000007c3400000| Complete 
|1077|0x00000007c3500000, 0x00000007c3600000, 0x00000007c3600000|100%|HS|  |TAMS 0x00000007c3600000, 0x00000007c3500000| Complete 
|1078|0x00000007c3600000, 0x00000007c3700000, 0x00000007c3700000|100%|HS|  |TAMS 0x00000007c3700000, 0x00000007c3600000| Complete 
|1079|0x00000007c3700000, 0x00000007c3800000, 0x00000007c3800000|100%|HC|  |TAMS 0x00000007c3800000, 0x00000007c3700000| Complete 
|1080|0x00000007c3800000, 0x00000007c3900000, 0x00000007c3900000|100%|HS|  |TAMS 0x00000007c3900000, 0x00000007c3800000| Complete 
|1081|0x00000007c3900000, 0x00000007c3a00000, 0x00000007c3a00000|100%| O|  |TAMS 0x00000007c3a00000, 0x00000007c3900000| Untracked 
|1082|0x00000007c3a00000, 0x00000007c3b00000, 0x00000007c3b00000|100%|HS|  |TAMS 0x00000007c3b00000, 0x00000007c3a00000| Complete 
|1083|0x00000007c3b00000, 0x00000007c3c00000, 0x00000007c3c00000|100%|HC|  |TAMS 0x00000007c3c00000, 0x00000007c3b00000| Complete 
|1084|0x00000007c3c00000, 0x00000007c3d00000, 0x00000007c3d00000|100%|HC|  |TAMS 0x00000007c3d00000, 0x00000007c3c00000| Complete 
|1085|0x00000007c3d00000, 0x00000007c3e00000, 0x00000007c3e00000|100%| O|  |TAMS 0x00000007c3e00000, 0x00000007c3d00000| Untracked 
|1086|0x00000007c3e00000, 0x00000007c3f00000, 0x00000007c3f00000|100%| O|  |TAMS 0x00000007c3f00000, 0x00000007c3e00000| Untracked 
|1087|0x00000007c3f00000, 0x00000007c4000000, 0x00000007c4000000|100%|HS|  |TAMS 0x00000007c4000000, 0x00000007c3f00000| Complete 
|1088|0x00000007c4000000, 0x00000007c4100000, 0x00000007c4100000|100%|HS|  |TAMS 0x00000007c4100000, 0x00000007c4000000| Complete 
|1089|0x00000007c4100000, 0x00000007c4200000, 0x00000007c4200000|100%| O|  |TAMS 0x00000007c4200000, 0x00000007c4100000| Untracked 
|1090|0x00000007c4200000, 0x00000007c4300000, 0x00000007c4300000|100%| O|  |TAMS 0x00000007c4300000, 0x00000007c4200000| Untracked 
|1091|0x00000007c4300000, 0x00000007c4400000, 0x00000007c4400000|100%| O|  |TAMS 0x00000007c4400000, 0x00000007c4300000| Untracked 
|1092|0x00000007c4400000, 0x00000007c4500000, 0x00000007c4500000|100%| O|  |TAMS 0x00000007c4500000, 0x00000007c4400000| Untracked 
|1093|0x00000007c4500000, 0x00000007c4600000, 0x00000007c4600000|100%| O|  |TAMS 0x00000007c4600000, 0x00000007c4500000| Untracked 
|1094|0x00000007c4600000, 0x00000007c4700000, 0x00000007c4700000|100%|HS|  |TAMS 0x00000007c4700000, 0x00000007c4600000| Complete 
|1095|0x00000007c4700000, 0x00000007c4800000, 0x00000007c4800000|100%|HC|  |TAMS 0x00000007c4800000, 0x00000007c4700000| Complete 
|1096|0x00000007c4800000, 0x00000007c4900000, 0x00000007c4900000|100%| O|  |TAMS 0x00000007c4900000, 0x00000007c4800000| Untracked 
|1097|0x00000007c4900000, 0x00000007c4a00000, 0x00000007c4a00000|100%|HS|  |TAMS 0x00000007c4a00000, 0x00000007c4900000| Complete 
|1098|0x00000007c4a00000, 0x00000007c4b00000, 0x00000007c4b00000|100%|HS|  |TAMS 0x00000007c4b00000, 0x00000007c4a00000| Complete 
|1099|0x00000007c4b00000, 0x00000007c4c00000, 0x00000007c4c00000|100%|HS|  |TAMS 0x00000007c4c00000, 0x00000007c4b00000| Complete 
|1100|0x00000007c4c00000, 0x00000007c4d00000, 0x00000007c4d00000|100%|HC|  |TAMS 0x00000007c4d00000, 0x00000007c4c00000| Complete 
|1101|0x00000007c4d00000, 0x00000007c4e00000, 0x00000007c4e00000|100%| O|  |TAMS 0x00000007c4e00000, 0x00000007c4d00000| Untracked 
|1102|0x00000007c4e00000, 0x00000007c4f00000, 0x00000007c4f00000|100%| O|  |TAMS 0x00000007c4f00000, 0x00000007c4e00000| Untracked 
|1103|0x00000007c4f00000, 0x00000007c5000000, 0x00000007c5000000|100%| O|  |TAMS 0x00000007c5000000, 0x00000007c4f00000| Untracked 
|1104|0x00000007c5000000, 0x00000007c5100000, 0x00000007c5100000|100%| O|  |TAMS 0x00000007c5100000, 0x00000007c5000000| Untracked 
|1105|0x00000007c5100000, 0x00000007c5200000, 0x00000007c5200000|100%| O|  |TAMS 0x00000007c5200000, 0x00000007c5100000| Untracked 
|1106|0x00000007c5200000, 0x00000007c5300000, 0x00000007c5300000|100%| O|  |TAMS 0x00000007c5300000, 0x00000007c5200000| Untracked 
|1107|0x00000007c5300000, 0x00000007c5400000, 0x00000007c5400000|100%| O|  |TAMS 0x00000007c5400000, 0x00000007c5300000| Untracked 
|1108|0x00000007c5400000, 0x00000007c5500000, 0x00000007c5500000|100%| O|  |TAMS 0x00000007c5500000, 0x00000007c5400000| Untracked 
|1109|0x00000007c5500000, 0x00000007c5600000, 0x00000007c5600000|100%| O|  |TAMS 0x00000007c5600000, 0x00000007c5500000| Untracked 
|1110|0x00000007c5600000, 0x00000007c5700000, 0x00000007c5700000|100%| O|  |TAMS 0x00000007c5700000, 0x00000007c5600000| Untracked 
|1111|0x00000007c5700000, 0x00000007c5800000, 0x00000007c5800000|100%| O|  |TAMS 0x00000007c5800000, 0x00000007c5700000| Untracked 
|1112|0x00000007c5800000, 0x00000007c5900000, 0x00000007c5900000|100%| O|  |TAMS 0x00000007c5900000, 0x00000007c5800000| Untracked 
|1113|0x00000007c5900000, 0x00000007c5a00000, 0x00000007c5a00000|100%| O|  |TAMS 0x00000007c5a00000, 0x00000007c5900000| Untracked 
|1114|0x00000007c5a00000, 0x00000007c5b00000, 0x00000007c5b00000|100%| O|  |TAMS 0x00000007c5b00000, 0x00000007c5a00000| Untracked 
|1115|0x00000007c5b00000, 0x00000007c5c00000, 0x00000007c5c00000|100%| O|  |TAMS 0x00000007c5c00000, 0x00000007c5b00000| Untracked 
|1116|0x00000007c5c00000, 0x00000007c5d00000, 0x00000007c5d00000|100%| O|  |TAMS 0x00000007c5d00000, 0x00000007c5c00000| Updating 
|1117|0x00000007c5d00000, 0x00000007c5e00000, 0x00000007c5e00000|100%| O|  |TAMS 0x00000007c5e00000, 0x00000007c5d00000| Updating 
|1118|0x00000007c5e00000, 0x00000007c5f00000, 0x00000007c5f00000|100%|HS|  |TAMS 0x00000007c5f00000, 0x00000007c5e00000| Complete 
|1119|0x00000007c5f00000, 0x00000007c6000000, 0x00000007c6000000|100%| O|  |TAMS 0x00000007c5f00000, 0x00000007c5f00000| Untracked 
|1120|0x00000007c6000000, 0x00000007c6100000, 0x00000007c6100000|100%| O|  |TAMS 0x00000007c6000000, 0x00000007c6000000| Untracked 
|1121|0x00000007c6100000, 0x00000007c6200000, 0x00000007c6200000|100%| O|  |TAMS 0x00000007c6100000, 0x00000007c6100000| Untracked 
|1122|0x00000007c6200000, 0x00000007c6300000, 0x00000007c6300000|100%| O|  |TAMS 0x00000007c6200000, 0x00000007c6200000| Untracked 
|1123|0x00000007c6300000, 0x00000007c6400000, 0x00000007c6400000|100%| O|  |TAMS 0x00000007c6300000, 0x00000007c6300000| Untracked 
|1124|0x00000007c6400000, 0x00000007c6500000, 0x00000007c6500000|100%| O|  |TAMS 0x00000007c6400000, 0x00000007c6400000| Untracked 
|1125|0x00000007c6500000, 0x00000007c6600000, 0x00000007c6600000|100%| O|  |TAMS 0x00000007c6600000, 0x00000007c6500000| Untracked 
|1126|0x00000007c6600000, 0x00000007c6700000, 0x00000007c6700000|100%| O|  |TAMS 0x00000007c6700000, 0x00000007c6600000| Untracked 
|1127|0x00000007c6700000, 0x00000007c6800000, 0x00000007c6800000|100%| O|  |TAMS 0x00000007c6800000, 0x00000007c6700000| Untracked 
|1128|0x00000007c6800000, 0x00000007c6900000, 0x00000007c6900000|100%| O|  |TAMS 0x00000007c6900000, 0x00000007c6800000| Untracked 
|1129|0x00000007c6900000, 0x00000007c6a00000, 0x00000007c6a00000|100%| O|  |TAMS 0x00000007c6a00000, 0x00000007c6900000| Untracked 
|1130|0x00000007c6a00000, 0x00000007c6b00000, 0x00000007c6b00000|100%| O|  |TAMS 0x00000007c6b00000, 0x00000007c6a00000| Untracked 
|1131|0x00000007c6b00000, 0x00000007c6c00000, 0x00000007c6c00000|100%| O|  |TAMS 0x00000007c6c00000, 0x00000007c6b00000| Untracked 
|1132|0x00000007c6c00000, 0x00000007c6d00000, 0x00000007c6d00000|100%|HS|  |TAMS 0x00000007c6d00000, 0x00000007c6c00000| Complete 
|1133|0x00000007c6d00000, 0x00000007c6e00000, 0x00000007c6e00000|100%|HC|  |TAMS 0x00000007c6e00000, 0x00000007c6d00000| Complete 
|1134|0x00000007c6e00000, 0x00000007c6f00000, 0x00000007c6f00000|100%| O|  |TAMS 0x00000007c6f00000, 0x00000007c6e00000| Untracked 
|1135|0x00000007c6f00000, 0x00000007c7000000, 0x00000007c7000000|100%| O|  |TAMS 0x00000007c7000000, 0x00000007c6f00000| Untracked 
|1136|0x00000007c7000000, 0x00000007c7100000, 0x00000007c7100000|100%| O|  |TAMS 0x00000007c7100000, 0x00000007c7000000| Untracked 
|1137|0x00000007c7100000, 0x00000007c7200000, 0x00000007c7200000|100%|HS|  |TAMS 0x00000007c7200000, 0x00000007c7100000| Complete 
|1138|0x00000007c7200000, 0x00000007c7300000, 0x00000007c7300000|100%| O|  |TAMS 0x00000007c7300000, 0x00000007c7200000| Untracked 
|1139|0x00000007c7300000, 0x00000007c7400000, 0x00000007c7400000|100%| O|  |TAMS 0x00000007c7400000, 0x00000007c7300000| Untracked 
|1140|0x00000007c7400000, 0x00000007c7500000, 0x00000007c7500000|100%| O|  |TAMS 0x00000007c7500000, 0x00000007c7400000| Updating 
|1141|0x00000007c7500000, 0x00000007c7600000, 0x00000007c7600000|100%| O|  |TAMS 0x00000007c7600000, 0x00000007c7500000| Untracked 
|1142|0x00000007c7600000, 0x00000007c7700000, 0x00000007c7700000|100%|HS|  |TAMS 0x00000007c7700000, 0x00000007c7600000| Complete 
|1143|0x00000007c7700000, 0x00000007c7800000, 0x00000007c7800000|100%| O|  |TAMS 0x00000007c7800000, 0x00000007c7700000| Untracked 
|1144|0x00000007c7800000, 0x00000007c7900000, 0x00000007c7900000|100%|HS|  |TAMS 0x00000007c7900000, 0x00000007c7800000| Complete 
|1145|0x00000007c7900000, 0x00000007c7a00000, 0x00000007c7a00000|100%| O|  |TAMS 0x00000007c7a00000, 0x00000007c7900000| Untracked 
|1146|0x00000007c7a00000, 0x00000007c7b00000, 0x00000007c7b00000|100%| O|  |TAMS 0x00000007c7b00000, 0x00000007c7a00000| Untracked 
|1147|0x00000007c7b00000, 0x00000007c7c00000, 0x00000007c7c00000|100%| O|  |TAMS 0x00000007c7c00000, 0x00000007c7b00000| Updating 
|1148|0x00000007c7c00000, 0x00000007c7d00000, 0x00000007c7d00000|100%|HS|  |TAMS 0x00000007c7d00000, 0x00000007c7c00000| Complete 
|1149|0x00000007c7d00000, 0x00000007c7e00000, 0x00000007c7e00000|100%| O|  |TAMS 0x00000007c7e00000, 0x00000007c7d00000| Untracked 
|1150|0x00000007c7e00000, 0x00000007c7f00000, 0x00000007c7f00000|100%| O|  |TAMS 0x00000007c7f00000, 0x00000007c7e00000| Updating 
|1151|0x00000007c7f00000, 0x00000007c8000000, 0x00000007c8000000|100%| O|  |TAMS 0x00000007c8000000, 0x00000007c7f00000| Untracked 
|1152|0x00000007c8000000, 0x00000007c8100000, 0x00000007c8100000|100%| O|  |TAMS 0x00000007c8100000, 0x00000007c8000000| Untracked 
|1153|0x00000007c8100000, 0x00000007c8200000, 0x00000007c8200000|100%|HS|  |TAMS 0x00000007c8200000, 0x00000007c8100000| Complete 
|1154|0x00000007c8200000, 0x00000007c8300000, 0x00000007c8300000|100%|HC|  |TAMS 0x00000007c8300000, 0x00000007c8200000| Complete 
|1155|0x00000007c8300000, 0x00000007c8400000, 0x00000007c8400000|100%|HC|  |TAMS 0x00000007c8400000, 0x00000007c8300000| Complete 
|1156|0x00000007c8400000, 0x00000007c8500000, 0x00000007c8500000|100%|HC|  |TAMS 0x00000007c8500000, 0x00000007c8400000| Complete 
|1157|0x00000007c8500000, 0x00000007c8600000, 0x00000007c8600000|100%|HC|  |TAMS 0x00000007c8600000, 0x00000007c8500000| Complete 
|1158|0x00000007c8600000, 0x00000007c8700000, 0x00000007c8700000|100%|HS|  |TAMS 0x00000007c8700000, 0x00000007c8600000| Complete 
|1159|0x00000007c8700000, 0x00000007c8800000, 0x00000007c8800000|100%|HC|  |TAMS 0x00000007c8800000, 0x00000007c8700000| Complete 
|1160|0x00000007c8800000, 0x00000007c8900000, 0x00000007c8900000|100%|HC|  |TAMS 0x00000007c8900000, 0x00000007c8800000| Complete 
|1161|0x00000007c8900000, 0x00000007c8a00000, 0x00000007c8a00000|100%|HC|  |TAMS 0x00000007c8a00000, 0x00000007c8900000| Complete 
|1162|0x00000007c8a00000, 0x00000007c8b00000, 0x00000007c8b00000|100%|HC|  |TAMS 0x00000007c8b00000, 0x00000007c8a00000| Complete 
|1163|0x00000007c8b00000, 0x00000007c8c00000, 0x00000007c8c00000|100%| O|  |TAMS 0x00000007c8c00000, 0x00000007c8b00000| Untracked 
|1164|0x00000007c8c00000, 0x00000007c8d00000, 0x00000007c8d00000|100%| O|  |TAMS 0x00000007c8d00000, 0x00000007c8c00000| Untracked 
|1165|0x00000007c8d00000, 0x00000007c8e00000, 0x00000007c8e00000|100%| O|  |TAMS 0x00000007c8e00000, 0x00000007c8d00000| Untracked 
|1166|0x00000007c8e00000, 0x00000007c8f00000, 0x00000007c8f00000|100%| O|  |TAMS 0x00000007c8f00000, 0x00000007c8e00000| Untracked 
|1167|0x00000007c8f00000, 0x00000007c9000000, 0x00000007c9000000|100%| O|  |TAMS 0x00000007c9000000, 0x00000007c8f00000| Untracked 
|1168|0x00000007c9000000, 0x00000007c9100000, 0x00000007c9100000|100%| O|  |TAMS 0x00000007c9100000, 0x00000007c9000000| Untracked 
|1169|0x00000007c9100000, 0x00000007c9200000, 0x00000007c9200000|100%| O|  |TAMS 0x00000007c9200000, 0x00000007c9100000| Untracked 
|1170|0x00000007c9200000, 0x00000007c9300000, 0x00000007c9300000|100%| O|  |TAMS 0x00000007c9300000, 0x00000007c9200000| Updating 
|1171|0x00000007c9300000, 0x00000007c9400000, 0x00000007c9400000|100%| O|  |TAMS 0x00000007c9400000, 0x00000007c9300000| Untracked 
|1172|0x00000007c9400000, 0x00000007c9500000, 0x00000007c9500000|100%| O|  |TAMS 0x00000007c9500000, 0x00000007c9400000| Untracked 
|1173|0x00000007c9500000, 0x00000007c9600000, 0x00000007c9600000|100%| O|  |TAMS 0x00000007c9600000, 0x00000007c9500000| Untracked 
|1174|0x00000007c9600000, 0x00000007c9700000, 0x00000007c9700000|100%| O|  |TAMS 0x00000007c9700000, 0x00000007c9600000| Untracked 
|1175|0x00000007c9700000, 0x00000007c9800000, 0x00000007c9800000|100%| O|  |TAMS 0x00000007c9800000, 0x00000007c9700000| Untracked 
|1176|0x00000007c9800000, 0x00000007c9900000, 0x00000007c9900000|100%| O|  |TAMS 0x00000007c9900000, 0x00000007c9800000| Untracked 
|1177|0x00000007c9900000, 0x00000007c9a00000, 0x00000007c9a00000|100%| O|  |TAMS 0x00000007c9a00000, 0x00000007c9900000| Untracked 
|1178|0x00000007c9a00000, 0x00000007c9b00000, 0x00000007c9b00000|100%| O|  |TAMS 0x00000007c9b00000, 0x00000007c9a00000| Untracked 
|1179|0x00000007c9b00000, 0x00000007c9c00000, 0x00000007c9c00000|100%| O|  |TAMS 0x00000007c9c00000, 0x00000007c9b00000| Untracked 
|1180|0x00000007c9c00000, 0x00000007c9d00000, 0x00000007c9d00000|100%| O|  |TAMS 0x00000007c9d00000, 0x00000007c9c00000| Untracked 
|1181|0x00000007c9d00000, 0x00000007c9e00000, 0x00000007c9e00000|100%| O|  |TAMS 0x00000007c9e00000, 0x00000007c9d00000| Untracked 
|1182|0x00000007c9e00000, 0x00000007c9f00000, 0x00000007c9f00000|100%| O|  |TAMS 0x00000007c9f00000, 0x00000007c9e00000| Untracked 
|1183|0x00000007c9f00000, 0x00000007ca000000, 0x00000007ca000000|100%| O|  |TAMS 0x00000007ca000000, 0x00000007c9f00000| Untracked 
|1184|0x00000007ca000000, 0x00000007ca100000, 0x00000007ca100000|100%| O|  |TAMS 0x00000007ca100000, 0x00000007ca000000| Untracked 
|1185|0x00000007ca100000, 0x00000007ca200000, 0x00000007ca200000|100%| O|  |TAMS 0x00000007ca200000, 0x00000007ca100000| Untracked 
|1186|0x00000007ca200000, 0x00000007ca300000, 0x00000007ca300000|100%| O|  |TAMS 0x00000007ca300000, 0x00000007ca200000| Untracked 
|1187|0x00000007ca300000, 0x00000007ca400000, 0x00000007ca400000|100%| O|  |TAMS 0x00000007ca400000, 0x00000007ca300000| Untracked 
|1188|0x00000007ca400000, 0x00000007ca500000, 0x00000007ca500000|100%| O|  |TAMS 0x00000007ca500000, 0x00000007ca400000| Untracked 
|1189|0x00000007ca500000, 0x00000007ca600000, 0x00000007ca600000|100%| O|  |TAMS 0x00000007ca600000, 0x00000007ca500000| Untracked 
|1190|0x00000007ca600000, 0x00000007ca700000, 0x00000007ca700000|100%| O|  |TAMS 0x00000007ca700000, 0x00000007ca600000| Updating 
|1191|0x00000007ca700000, 0x00000007ca800000, 0x00000007ca800000|100%| O|  |TAMS 0x00000007ca800000, 0x00000007ca700000| Updating 
|1192|0x00000007ca800000, 0x00000007ca900000, 0x00000007ca900000|100%| O|  |TAMS 0x00000007ca900000, 0x00000007ca800000| Untracked 
|1193|0x00000007ca900000, 0x00000007caa00000, 0x00000007caa00000|100%| O|  |TAMS 0x00000007caa00000, 0x00000007ca900000| Updating 
|1194|0x00000007caa00000, 0x00000007cab00000, 0x00000007cab00000|100%| O|  |TAMS 0x00000007cab00000, 0x00000007caa00000| Untracked 
|1195|0x00000007cab00000, 0x00000007cac00000, 0x00000007cac00000|100%| O|  |TAMS 0x00000007cac00000, 0x00000007cab00000| Updating 
|1196|0x00000007cac00000, 0x00000007cad00000, 0x00000007cad00000|100%| O|  |TAMS 0x00000007cad00000, 0x00000007cac00000| Untracked 
|1197|0x00000007cad00000, 0x00000007cae00000, 0x00000007cae00000|100%| O|  |TAMS 0x00000007cae00000, 0x00000007cad00000| Untracked 
|1198|0x00000007cae00000, 0x00000007caf00000, 0x00000007caf00000|100%| O|  |TAMS 0x00000007caf00000, 0x00000007cae00000| Untracked 
|1199|0x00000007caf00000, 0x00000007cb000000, 0x00000007cb000000|100%| O|  |TAMS 0x00000007cb000000, 0x00000007caf00000| Untracked 
|1200|0x00000007cb000000, 0x00000007cb100000, 0x00000007cb100000|100%| O|  |TAMS 0x00000007cb100000, 0x00000007cb000000| Untracked 
|1201|0x00000007cb100000, 0x00000007cb200000, 0x00000007cb200000|100%| O|  |TAMS 0x00000007cb200000, 0x00000007cb100000| Updating 
|1202|0x00000007cb200000, 0x00000007cb300000, 0x00000007cb300000|100%| O|  |TAMS 0x00000007cb300000, 0x00000007cb200000| Untracked 
|1203|0x00000007cb300000, 0x00000007cb400000, 0x00000007cb400000|100%| O|  |TAMS 0x00000007cb400000, 0x00000007cb300000| Untracked 
|1204|0x00000007cb400000, 0x00000007cb500000, 0x00000007cb500000|100%| O|  |TAMS 0x00000007cb500000, 0x00000007cb400000| Untracked 
|1205|0x00000007cb500000, 0x00000007cb600000, 0x00000007cb600000|100%| O|  |TAMS 0x00000007cb600000, 0x00000007cb500000| Untracked 
|1206|0x00000007cb600000, 0x00000007cb700000, 0x00000007cb700000|100%| O|  |TAMS 0x00000007cb700000, 0x00000007cb600000| Untracked 
|1207|0x00000007cb700000, 0x00000007cb800000, 0x00000007cb800000|100%| O|  |TAMS 0x00000007cb800000, 0x00000007cb700000| Untracked 
|1208|0x00000007cb800000, 0x00000007cb900000, 0x00000007cb900000|100%| O|  |TAMS 0x00000007cb900000, 0x00000007cb800000| Untracked 
|1209|0x00000007cb900000, 0x00000007cba00000, 0x00000007cba00000|100%| O|  |TAMS 0x00000007cb9cfc00, 0x00000007cb900000| Untracked 
|1210|0x00000007cba00000, 0x00000007cbb00000, 0x00000007cbb00000|100%|HS|  |TAMS 0x00000007cba00000, 0x00000007cba00000| Complete 
|1211|0x00000007cbb00000, 0x00000007cbc00000, 0x00000007cbc00000|100%|HC|  |TAMS 0x00000007cbb00000, 0x00000007cbb00000| Complete 
|1212|0x00000007cbc00000, 0x00000007cbd00000, 0x00000007cbd00000|100%|HC|  |TAMS 0x00000007cbc00000, 0x00000007cbc00000| Complete 
|1213|0x00000007cbd00000, 0x00000007cbe00000, 0x00000007cbe00000|100%|HC|  |TAMS 0x00000007cbd00000, 0x00000007cbd00000| Complete 
|1214|0x00000007cbe00000, 0x00000007cbf00000, 0x00000007cbf00000|100%|HC|  |TAMS 0x00000007cbe00000, 0x00000007cbe00000| Complete 
|1215|0x00000007cbf00000, 0x00000007cc000000, 0x00000007cc000000|100%|HC|  |TAMS 0x00000007cbf00000, 0x00000007cbf00000| Complete 
|1216|0x00000007cc000000, 0x00000007cc100000, 0x00000007cc100000|100%|HC|  |TAMS 0x00000007cc000000, 0x00000007cc000000| Complete 
|1217|0x00000007cc100000, 0x00000007cc200000, 0x00000007cc200000|100%|HC|  |TAMS 0x00000007cc100000, 0x00000007cc100000| Complete 
|1218|0x00000007cc200000, 0x00000007cc300000, 0x00000007cc300000|100%|HS|  |TAMS 0x00000007cc200000, 0x00000007cc200000| Complete 
|1219|0x00000007cc300000, 0x00000007cc400000, 0x00000007cc400000|100%|HC|  |TAMS 0x00000007cc300000, 0x00000007cc300000| Complete 
|1220|0x00000007cc400000, 0x00000007cc500000, 0x00000007cc500000|100%|HC|  |TAMS 0x00000007cc400000, 0x00000007cc400000| Complete 
|1221|0x00000007cc500000, 0x00000007cc600000, 0x00000007cc600000|100%|HC|  |TAMS 0x00000007cc500000, 0x00000007cc500000| Complete 
|1222|0x00000007cc600000, 0x00000007cc700000, 0x00000007cc700000|100%|HC|  |TAMS 0x00000007cc600000, 0x00000007cc600000| Complete 
|1223|0x00000007cc700000, 0x00000007cc800000, 0x00000007cc800000|100%|HC|  |TAMS 0x00000007cc700000, 0x00000007cc700000| Complete 
|1224|0x00000007cc800000, 0x00000007cc900000, 0x00000007cc900000|100%|HC|  |TAMS 0x00000007cc800000, 0x00000007cc800000| Complete 
|1225|0x00000007cc900000, 0x00000007cca00000, 0x00000007cca00000|100%|HC|  |TAMS 0x00000007cc900000, 0x00000007cc900000| Complete 
|1226|0x00000007cca00000, 0x00000007ccb00000, 0x00000007ccb00000|100%|HC|  |TAMS 0x00000007cca00000, 0x00000007cca00000| Complete 
|1227|0x00000007ccb00000, 0x00000007ccc00000, 0x00000007ccc00000|100%|HC|  |TAMS 0x00000007ccb00000, 0x00000007ccb00000| Complete 
|1228|0x00000007ccc00000, 0x00000007ccd00000, 0x00000007ccd00000|100%|HC|  |TAMS 0x00000007ccc00000, 0x00000007ccc00000| Complete 
|1229|0x00000007ccd00000, 0x00000007cce00000, 0x00000007cce00000|100%|HS|  |TAMS 0x00000007ccd00000, 0x00000007ccd00000| Complete 
|1230|0x00000007cce00000, 0x00000007ccf00000, 0x00000007ccf00000|100%|HC|  |TAMS 0x00000007cce00000, 0x00000007cce00000| Complete 
|1231|0x00000007ccf00000, 0x00000007cd000000, 0x00000007cd000000|100%|HS|  |TAMS 0x00000007ccf00000, 0x00000007ccf00000| Complete 
|1232|0x00000007cd000000, 0x00000007cd100000, 0x00000007cd100000|100%|HC|  |TAMS 0x00000007cd000000, 0x00000007cd000000| Complete 
|1233|0x00000007cd100000, 0x00000007cd200000, 0x00000007cd200000|100%|HC|  |TAMS 0x00000007cd100000, 0x00000007cd100000| Complete 
|1234|0x00000007cd200000, 0x00000007cd300000, 0x00000007cd300000|100%|HC|  |TAMS 0x00000007cd200000, 0x00000007cd200000| Complete 
|1235|0x00000007cd300000, 0x00000007cd400000, 0x00000007cd400000|100%|HC|  |TAMS 0x00000007cd300000, 0x00000007cd300000| Complete 
|1236|0x00000007cd400000, 0x00000007cd500000, 0x00000007cd500000|100%|HC|  |TAMS 0x00000007cd400000, 0x00000007cd400000| Complete 
|1237|0x00000007cd500000, 0x00000007cd600000, 0x00000007cd600000|100%|HC|  |TAMS 0x00000007cd500000, 0x00000007cd500000| Complete 
|1238|0x00000007cd600000, 0x00000007cd700000, 0x00000007cd700000|100%|HC|  |TAMS 0x00000007cd600000, 0x00000007cd600000| Complete 
|1239|0x00000007cd700000, 0x00000007cd800000, 0x00000007cd800000|100%|HC|  |TAMS 0x00000007cd700000, 0x00000007cd700000| Complete 
|1240|0x00000007cd800000, 0x00000007cd900000, 0x00000007cd900000|100%|HC|  |TAMS 0x00000007cd800000, 0x00000007cd800000| Complete 
|1241|0x00000007cd900000, 0x00000007cda00000, 0x00000007cda00000|100%| O|  |TAMS 0x00000007cd900000, 0x00000007cd900000| Untracked 
|1242|0x00000007cda00000, 0x00000007cdb00000, 0x00000007cdb00000|100%| O|  |TAMS 0x00000007cda00000, 0x00000007cda00000| Untracked 
|1243|0x00000007cdb00000, 0x00000007cdc00000, 0x00000007cdc00000|100%| O|  |TAMS 0x00000007cdb00000, 0x00000007cdb00000| Untracked 
|1244|0x00000007cdc00000, 0x00000007cdd00000, 0x00000007cdd00000|100%|HS|  |TAMS 0x00000007cdc00000, 0x00000007cdc00000| Complete 
|1245|0x00000007cdd00000, 0x00000007cde00000, 0x00000007cde00000|100%|HC|  |TAMS 0x00000007cdd00000, 0x00000007cdd00000| Complete 
|1246|0x00000007cde00000, 0x00000007cdf00000, 0x00000007cdf00000|100%|HC|  |TAMS 0x00000007cde00000, 0x00000007cde00000| Complete 
|1247|0x00000007cdf00000, 0x00000007ce000000, 0x00000007ce000000|100%|HC|  |TAMS 0x00000007cdf00000, 0x00000007cdf00000| Complete 
|1248|0x00000007ce000000, 0x00000007ce100000, 0x00000007ce100000|100%|HC|  |TAMS 0x00000007ce000000, 0x00000007ce000000| Complete 
|1249|0x00000007ce100000, 0x00000007ce200000, 0x00000007ce200000|100%|HC|  |TAMS 0x00000007ce100000, 0x00000007ce100000| Complete 
|1250|0x00000007ce200000, 0x00000007ce300000, 0x00000007ce300000|100%|HC|  |TAMS 0x00000007ce200000, 0x00000007ce200000| Complete 
|1251|0x00000007ce300000, 0x00000007ce400000, 0x00000007ce400000|100%|HC|  |TAMS 0x00000007ce300000, 0x00000007ce300000| Complete 
|1252|0x00000007ce400000, 0x00000007ce500000, 0x00000007ce500000|100%|HC|  |TAMS 0x00000007ce400000, 0x00000007ce400000| Complete 
|1253|0x00000007ce500000, 0x00000007ce600000, 0x00000007ce600000|100%|HC|  |TAMS 0x00000007ce500000, 0x00000007ce500000| Complete 
|1254|0x00000007ce600000, 0x00000007ce700000, 0x00000007ce700000|100%|HC|  |TAMS 0x00000007ce600000, 0x00000007ce600000| Complete 
|1255|0x00000007ce700000, 0x00000007ce800000, 0x00000007ce800000|100%|HS|  |TAMS 0x00000007ce700000, 0x00000007ce700000| Complete 
|1256|0x00000007ce800000, 0x00000007ce900000, 0x00000007ce900000|100%|HC|  |TAMS 0x00000007ce800000, 0x00000007ce800000| Complete 
|1257|0x00000007ce900000, 0x00000007cea00000, 0x00000007cea00000|100%| O|  |TAMS 0x00000007ce900000, 0x00000007ce900000| Untracked 
|1258|0x00000007cea00000, 0x00000007ceb00000, 0x00000007ceb00000|100%| O|  |TAMS 0x00000007ceb00000, 0x00000007cea00000| Updating 
|1259|0x00000007ceb00000, 0x00000007cec00000, 0x00000007cec00000|100%| O|  |TAMS 0x00000007cec00000, 0x00000007ceb00000| Updating 
|1260|0x00000007cec00000, 0x00000007ced00000, 0x00000007ced00000|100%|HS|  |TAMS 0x00000007cec00000, 0x00000007cec00000| Complete 
|1261|0x00000007ced00000, 0x00000007cee00000, 0x00000007cee00000|100%|HC|  |TAMS 0x00000007ced00000, 0x00000007ced00000| Complete 
|1262|0x00000007cee00000, 0x00000007cef00000, 0x00000007cef00000|100%|HC|  |TAMS 0x00000007cee00000, 0x00000007cee00000| Complete 
|1263|0x00000007cef00000, 0x00000007cf000000, 0x00000007cf000000|100%|HC|  |TAMS 0x00000007cef00000, 0x00000007cef00000| Complete 
|1264|0x00000007cf000000, 0x00000007cf100000, 0x00000007cf100000|100%|HC|  |TAMS 0x00000007cf000000, 0x00000007cf000000| Complete 
|1265|0x00000007cf100000, 0x00000007cf200000, 0x00000007cf200000|100%|HC|  |TAMS 0x00000007cf100000, 0x00000007cf100000| Complete 
|1266|0x00000007cf200000, 0x00000007cf300000, 0x00000007cf300000|100%|HC|  |TAMS 0x00000007cf200000, 0x00000007cf200000| Complete 
|1267|0x00000007cf300000, 0x00000007cf400000, 0x00000007cf400000|100%|HC|  |TAMS 0x00000007cf300000, 0x00000007cf300000| Complete 
|1268|0x00000007cf400000, 0x00000007cf500000, 0x00000007cf500000|100%|HC|  |TAMS 0x00000007cf400000, 0x00000007cf400000| Complete 
|1269|0x00000007cf500000, 0x00000007cf600000, 0x00000007cf600000|100%|HC|  |TAMS 0x00000007cf500000, 0x00000007cf500000| Complete 
|1270|0x00000007cf600000, 0x00000007cf700000, 0x00000007cf700000|100%|HC|  |TAMS 0x00000007cf600000, 0x00000007cf600000| Complete 
|1271|0x00000007cf700000, 0x00000007cf800000, 0x00000007cf800000|100%|HS|  |TAMS 0x00000007cf700000, 0x00000007cf700000| Complete 
|1272|0x00000007cf800000, 0x00000007cf900000, 0x00000007cf900000|100%|HC|  |TAMS 0x00000007cf800000, 0x00000007cf800000| Complete 
|1273|0x00000007cf900000, 0x00000007cfa00000, 0x00000007cfa00000|100%|HS|  |TAMS 0x00000007cf900000, 0x00000007cf900000| Complete 
|1274|0x00000007cfa00000, 0x00000007cfb00000, 0x00000007cfb00000|100%|HC|  |TAMS 0x00000007cfa00000, 0x00000007cfa00000| Complete 
|1275|0x00000007cfb00000, 0x00000007cfc00000, 0x00000007cfc00000|100%|HC|  |TAMS 0x00000007cfb00000, 0x00000007cfb00000| Complete 
|1276|0x00000007cfc00000, 0x00000007cfd00000, 0x00000007cfd00000|100%|HS|  |TAMS 0x00000007cfc00000, 0x00000007cfc00000| Complete 
|1277|0x00000007cfd00000, 0x00000007cfe00000, 0x00000007cfe00000|100%|HC|  |TAMS 0x00000007cfd00000, 0x00000007cfd00000| Complete 
|1278|0x00000007cfe00000, 0x00000007cff00000, 0x00000007cff00000|100%|HC|  |TAMS 0x00000007cfe00000, 0x00000007cfe00000| Complete 
|1279|0x00000007cff00000, 0x00000007d0000000, 0x00000007d0000000|100%|HC|  |TAMS 0x00000007cff00000, 0x00000007cff00000| Complete 
|1280|0x00000007d0000000, 0x00000007d0100000, 0x00000007d0100000|100%|HC|  |TAMS 0x00000007d0000000, 0x00000007d0000000| Complete 
|1281|0x00000007d0100000, 0x00000007d0200000, 0x00000007d0200000|100%|HC|  |TAMS 0x00000007d0100000, 0x00000007d0100000| Complete 
|1282|0x00000007d0200000, 0x00000007d0300000, 0x00000007d0300000|100%|HC|  |TAMS 0x00000007d0200000, 0x00000007d0200000| Complete 
|1283|0x00000007d0300000, 0x00000007d0400000, 0x00000007d0400000|100%|HC|  |TAMS 0x00000007d0300000, 0x00000007d0300000| Complete 
|1284|0x00000007d0400000, 0x00000007d0500000, 0x00000007d0500000|100%|HC|  |TAMS 0x00000007d0400000, 0x00000007d0400000| Complete 
|1285|0x00000007d0500000, 0x00000007d0600000, 0x00000007d0600000|100%|HC|  |TAMS 0x00000007d0500000, 0x00000007d0500000| Complete 
|1286|0x00000007d0600000, 0x00000007d0700000, 0x00000007d0700000|100%|HC|  |TAMS 0x00000007d0600000, 0x00000007d0600000| Complete 
|1287|0x00000007d0700000, 0x00000007d0800000, 0x00000007d0800000|100%|HC|  |TAMS 0x00000007d0700000, 0x00000007d0700000| Complete 
|1288|0x00000007d0800000, 0x00000007d0900000, 0x00000007d0900000|100%| O|  |TAMS 0x00000007d0800000, 0x00000007d0800000| Untracked 
|1289|0x00000007d0900000, 0x00000007d0a00000, 0x00000007d0a00000|100%| O|  |TAMS 0x00000007d0900000, 0x00000007d0900000| Untracked 
|1290|0x00000007d0a00000, 0x00000007d0b00000, 0x00000007d0b00000|100%| O|  |TAMS 0x00000007d0a00000, 0x00000007d0a00000| Untracked 
|1291|0x00000007d0b00000, 0x00000007d0c00000, 0x00000007d0c00000|100%| O|  |TAMS 0x00000007d0b00000, 0x00000007d0b00000| Untracked 
|1292|0x00000007d0c00000, 0x00000007d0d00000, 0x00000007d0d00000|100%| O|  |TAMS 0x00000007d0c00000, 0x00000007d0c00000| Untracked 
|1293|0x00000007d0d00000, 0x00000007d0e00000, 0x00000007d0e00000|100%| O|  |TAMS 0x00000007d0d00000, 0x00000007d0d00000| Untracked 
|1294|0x00000007d0e00000, 0x00000007d0f00000, 0x00000007d0f00000|100%| O|  |TAMS 0x00000007d0e00000, 0x00000007d0e00000| Untracked 
|1295|0x00000007d0f00000, 0x00000007d1000000, 0x00000007d1000000|100%| O|  |TAMS 0x00000007d0f00000, 0x00000007d0f00000| Untracked 
|1296|0x00000007d1000000, 0x00000007d1100000, 0x00000007d1100000|100%| O|  |TAMS 0x00000007d1000000, 0x00000007d1000000| Untracked 
|1297|0x00000007d1100000, 0x00000007d1200000, 0x00000007d1200000|100%| O|  |TAMS 0x00000007d1100000, 0x00000007d1100000| Untracked 
|1298|0x00000007d1200000, 0x00000007d1300000, 0x00000007d1300000|100%| O|  |TAMS 0x00000007d1200000, 0x00000007d1200000| Untracked 
|1299|0x00000007d1300000, 0x00000007d1400000, 0x00000007d1400000|100%| O|  |TAMS 0x00000007d1300000, 0x00000007d1300000| Untracked 
|1300|0x00000007d1400000, 0x00000007d1500000, 0x00000007d1500000|100%| O|  |TAMS 0x00000007d1400000, 0x00000007d1400000| Untracked 
|1301|0x00000007d1500000, 0x00000007d1600000, 0x00000007d1600000|100%| O|  |TAMS 0x00000007d1500000, 0x00000007d1500000| Untracked 
|1302|0x00000007d1600000, 0x00000007d1700000, 0x00000007d1700000|100%| O|  |TAMS 0x00000007d1700000, 0x00000007d1600000| Updating 
|1303|0x00000007d1700000, 0x00000007d1800000, 0x00000007d1800000|100%|HS|  |TAMS 0x00000007d1700000, 0x00000007d1700000| Complete 
|1304|0x00000007d1800000, 0x00000007d1900000, 0x00000007d1900000|100%|HC|  |TAMS 0x00000007d1800000, 0x00000007d1800000| Complete 
|1305|0x00000007d1900000, 0x00000007d1a00000, 0x00000007d1a00000|100%|HC|  |TAMS 0x00000007d1900000, 0x00000007d1900000| Complete 
|1306|0x00000007d1a00000, 0x00000007d1b00000, 0x00000007d1b00000|100%|HC|  |TAMS 0x00000007d1a00000, 0x00000007d1a00000| Complete 
|1307|0x00000007d1b00000, 0x00000007d1c00000, 0x00000007d1c00000|100%|HC|  |TAMS 0x00000007d1b00000, 0x00000007d1b00000| Complete 
|1308|0x00000007d1c00000, 0x00000007d1d00000, 0x00000007d1d00000|100%|HC|  |TAMS 0x00000007d1c00000, 0x00000007d1c00000| Complete 
|1309|0x00000007d1d00000, 0x00000007d1e00000, 0x00000007d1e00000|100%|HC|  |TAMS 0x00000007d1d00000, 0x00000007d1d00000| Complete 
|1310|0x00000007d1e00000, 0x00000007d1f00000, 0x00000007d1f00000|100%|HC|  |TAMS 0x00000007d1e00000, 0x00000007d1e00000| Complete 
|1311|0x00000007d1f00000, 0x00000007d2000000, 0x00000007d2000000|100%|HC|  |TAMS 0x00000007d1f00000, 0x00000007d1f00000| Complete 
|1312|0x00000007d2000000, 0x00000007d2100000, 0x00000007d2100000|100%|HC|  |TAMS 0x00000007d2000000, 0x00000007d2000000| Complete 
|1313|0x00000007d2100000, 0x00000007d2200000, 0x00000007d2200000|100%|HC|  |TAMS 0x00000007d2100000, 0x00000007d2100000| Complete 
|1314|0x00000007d2200000, 0x00000007d2300000, 0x00000007d2300000|100%|HC|  |TAMS 0x00000007d2200000, 0x00000007d2200000| Complete 
|1315|0x00000007d2300000, 0x00000007d2400000, 0x00000007d2400000|100%|HC|  |TAMS 0x00000007d2300000, 0x00000007d2300000| Complete 
|1316|0x00000007d2400000, 0x00000007d2500000, 0x00000007d2500000|100%|HC|  |TAMS 0x00000007d2400000, 0x00000007d2400000| Complete 
|1317|0x00000007d2500000, 0x00000007d2600000, 0x00000007d2600000|100%|HC|  |TAMS 0x00000007d2500000, 0x00000007d2500000| Complete 
|1318|0x00000007d2600000, 0x00000007d2700000, 0x00000007d2700000|100%|HC|  |TAMS 0x00000007d2600000, 0x00000007d2600000| Complete 
|1319|0x00000007d2700000, 0x00000007d2800000, 0x00000007d2800000|100%|HC|  |TAMS 0x00000007d2700000, 0x00000007d2700000| Complete 
|1320|0x00000007d2800000, 0x00000007d2900000, 0x00000007d2900000|100%|HC|  |TAMS 0x00000007d2800000, 0x00000007d2800000| Complete 
|1321|0x00000007d2900000, 0x00000007d2a00000, 0x00000007d2a00000|100%|HC|  |TAMS 0x00000007d2900000, 0x00000007d2900000| Complete 
|1322|0x00000007d2a00000, 0x00000007d2b00000, 0x00000007d2b00000|100%|HC|  |TAMS 0x00000007d2a00000, 0x00000007d2a00000| Complete 
|1323|0x00000007d2b00000, 0x00000007d2c00000, 0x00000007d2c00000|100%|HC|  |TAMS 0x00000007d2b00000, 0x00000007d2b00000| Complete 
|1324|0x00000007d2c00000, 0x00000007d2d00000, 0x00000007d2d00000|100%|HC|  |TAMS 0x00000007d2c00000, 0x00000007d2c00000| Complete 
|1325|0x00000007d2d00000, 0x00000007d2e00000, 0x00000007d2e00000|100%|HC|  |TAMS 0x00000007d2d00000, 0x00000007d2d00000| Complete 
|1326|0x00000007d2e00000, 0x00000007d2f00000, 0x00000007d2f00000|100%|HC|  |TAMS 0x00000007d2e00000, 0x00000007d2e00000| Complete 
|1327|0x00000007d2f00000, 0x00000007d3000000, 0x00000007d3000000|100%|HC|  |TAMS 0x00000007d2f00000, 0x00000007d2f00000| Complete 
|1328|0x00000007d3000000, 0x00000007d3100000, 0x00000007d3100000|100%|HC|  |TAMS 0x00000007d3000000, 0x00000007d3000000| Complete 
|1329|0x00000007d3100000, 0x00000007d3200000, 0x00000007d3200000|100%|HC|  |TAMS 0x00000007d3100000, 0x00000007d3100000| Complete 
|1330|0x00000007d3200000, 0x00000007d3300000, 0x00000007d3300000|100%|HC|  |TAMS 0x00000007d3200000, 0x00000007d3200000| Complete 
|1331|0x00000007d3300000, 0x00000007d3400000, 0x00000007d3400000|100%|HC|  |TAMS 0x00000007d3300000, 0x00000007d3300000| Complete 
|1332|0x00000007d3400000, 0x00000007d3500000, 0x00000007d3500000|100%|HC|  |TAMS 0x00000007d3400000, 0x00000007d3400000| Complete 
|1333|0x00000007d3500000, 0x00000007d3600000, 0x00000007d3600000|100%|HC|  |TAMS 0x00000007d3500000, 0x00000007d3500000| Complete 
|1334|0x00000007d3600000, 0x00000007d3700000, 0x00000007d3700000|100%|HC|  |TAMS 0x00000007d3600000, 0x00000007d3600000| Complete 
|1335|0x00000007d3700000, 0x00000007d3800000, 0x00000007d3800000|100%|HC|  |TAMS 0x00000007d3700000, 0x00000007d3700000| Complete 
|1336|0x00000007d3800000, 0x00000007d3900000, 0x00000007d3900000|100%|HS|  |TAMS 0x00000007d3800000, 0x00000007d3800000| Complete 
|1337|0x00000007d3900000, 0x00000007d3a00000, 0x00000007d3a00000|100%|HC|  |TAMS 0x00000007d3900000, 0x00000007d3900000| Complete 
|1338|0x00000007d3a00000, 0x00000007d3abb800, 0x00000007d3b00000| 73%| O|  |TAMS 0x00000007d3a00000, 0x00000007d3a00000| Untracked 
|1339|0x00000007d3b00000, 0x00000007d3b00000, 0x00000007d3c00000|  0%| F|  |TAMS 0x00000007d3b00000, 0x00000007d3b00000| Untracked 
|1340|0x00000007d3c00000, 0x00000007d3c00000, 0x00000007d3d00000|  0%| F|  |TAMS 0x00000007d3c00000, 0x00000007d3c00000| Untracked 
|1341|0x00000007d3d00000, 0x00000007d3d00000, 0x00000007d3e00000|  0%| F|  |TAMS 0x00000007d3d00000, 0x00000007d3d00000| Untracked 
|1342|0x00000007d3e00000, 0x00000007d3e00000, 0x00000007d3f00000|  0%| F|  |TAMS 0x00000007d3e00000, 0x00000007d3e00000| Untracked 
|1343|0x00000007d3f00000, 0x00000007d3f00000, 0x00000007d4000000|  0%| F|  |TAMS 0x00000007d3f00000, 0x00000007d3f00000| Untracked 
|1344|0x00000007d4000000, 0x00000007d4000000, 0x00000007d4100000|  0%| F|  |TAMS 0x00000007d4000000, 0x00000007d4000000| Untracked 
|1345|0x00000007d4100000, 0x00000007d4100000, 0x00000007d4200000|  0%| F|  |TAMS 0x00000007d4100000, 0x00000007d4100000| Untracked 
|1346|0x00000007d4200000, 0x00000007d4200000, 0x00000007d4300000|  0%| F|  |TAMS 0x00000007d4200000, 0x00000007d4200000| Untracked 
|1347|0x00000007d4300000, 0x00000007d4300000, 0x00000007d4400000|  0%| F|  |TAMS 0x00000007d4300000, 0x00000007d4300000| Untracked 
|1348|0x00000007d4400000, 0x00000007d4400000, 0x00000007d4500000|  0%| F|  |TAMS 0x00000007d4400000, 0x00000007d4400000| Untracked 
|1349|0x00000007d4500000, 0x00000007d4500000, 0x00000007d4600000|  0%| F|  |TAMS 0x00000007d4500000, 0x00000007d4500000| Untracked 
|1350|0x00000007d4600000, 0x00000007d4600000, 0x00000007d4700000|  0%| F|  |TAMS 0x00000007d4600000, 0x00000007d4600000| Untracked 
|1351|0x00000007d4700000, 0x00000007d4700000, 0x00000007d4800000|  0%| F|  |TAMS 0x00000007d4700000, 0x00000007d4700000| Untracked 
|1352|0x00000007d4800000, 0x00000007d4800000, 0x00000007d4900000|  0%| F|  |TAMS 0x00000007d4800000, 0x00000007d4800000| Untracked 
|1353|0x00000007d4900000, 0x00000007d4900000, 0x00000007d4a00000|  0%| F|  |TAMS 0x00000007d4900000, 0x00000007d4900000| Untracked 
|1354|0x00000007d4a00000, 0x00000007d4a00000, 0x00000007d4b00000|  0%| F|  |TAMS 0x00000007d4a00000, 0x00000007d4a00000| Untracked 
|1355|0x00000007d4b00000, 0x00000007d4b00000, 0x00000007d4c00000|  0%| F|  |TAMS 0x00000007d4b00000, 0x00000007d4b00000| Untracked 
|1356|0x00000007d4c00000, 0x00000007d4c00000, 0x00000007d4d00000|  0%| F|  |TAMS 0x00000007d4c00000, 0x00000007d4c00000| Untracked 
|1357|0x00000007d4d00000, 0x00000007d4d00000, 0x00000007d4e00000|  0%| F|  |TAMS 0x00000007d4d00000, 0x00000007d4d00000| Untracked 
|1358|0x00000007d4e00000, 0x00000007d4e00000, 0x00000007d4f00000|  0%| F|  |TAMS 0x00000007d4e00000, 0x00000007d4e00000| Untracked 
|1359|0x00000007d4f00000, 0x00000007d4f00000, 0x00000007d5000000|  0%| F|  |TAMS 0x00000007d4f00000, 0x00000007d4f00000| Untracked 
|1360|0x00000007d5000000, 0x00000007d5100000, 0x00000007d5100000|100%| O|  |TAMS 0x00000007d5000000, 0x00000007d5000000| Untracked 
|1361|0x00000007d5100000, 0x00000007d5200000, 0x00000007d5200000|100%| O|  |TAMS 0x00000007d5100000, 0x00000007d5100000| Untracked 
|1362|0x00000007d5200000, 0x00000007d5300000, 0x00000007d5300000|100%| O|  |TAMS 0x00000007d5200000, 0x00000007d5200000| Untracked 
|1363|0x00000007d5300000, 0x00000007d5400000, 0x00000007d5400000|100%| O|  |TAMS 0x00000007d5300000, 0x00000007d5300000| Untracked 
|1364|0x00000007d5400000, 0x00000007d5500000, 0x00000007d5500000|100%| O|  |TAMS 0x00000007d5400000, 0x00000007d5400000| Untracked 
|1365|0x00000007d5500000, 0x00000007d5600000, 0x00000007d5600000|100%| O|  |TAMS 0x00000007d5500000, 0x00000007d5500000| Untracked 
|1366|0x00000007d5600000, 0x00000007d5700000, 0x00000007d5700000|100%| O|  |TAMS 0x00000007d5600000, 0x00000007d5600000| Untracked 
|1367|0x00000007d5700000, 0x00000007d5800000, 0x00000007d5800000|100%| O|  |TAMS 0x00000007d5700000, 0x00000007d5700000| Untracked 
|1368|0x00000007d5800000, 0x00000007d5900000, 0x00000007d5900000|100%| O|  |TAMS 0x00000007d5800000, 0x00000007d5800000| Untracked 
|1369|0x00000007d5900000, 0x00000007d5a00000, 0x00000007d5a00000|100%| O|  |TAMS 0x00000007d5900000, 0x00000007d5900000| Untracked 
|1370|0x00000007d5a00000, 0x00000007d5b00000, 0x00000007d5b00000|100%| O|  |TAMS 0x00000007d5a00000, 0x00000007d5a00000| Untracked 
|1371|0x00000007d5b00000, 0x00000007d5c00000, 0x00000007d5c00000|100%| O|  |TAMS 0x00000007d5b00000, 0x00000007d5b00000| Untracked 
|1372|0x00000007d5c00000, 0x00000007d5d00000, 0x00000007d5d00000|100%| O|  |TAMS 0x00000007d5c00000, 0x00000007d5c00000| Untracked 
|1373|0x00000007d5d00000, 0x00000007d5e00000, 0x00000007d5e00000|100%| O|  |TAMS 0x00000007d5d00000, 0x00000007d5d00000| Untracked 
|1374|0x00000007d5e00000, 0x00000007d5f00000, 0x00000007d5f00000|100%| O|  |TAMS 0x00000007d5e00000, 0x00000007d5e00000| Untracked 
|1375|0x00000007d5f00000, 0x00000007d6000000, 0x00000007d6000000|100%| O|  |TAMS 0x00000007d5f00000, 0x00000007d5f00000| Untracked 
|1376|0x00000007d6000000, 0x00000007d6100000, 0x00000007d6100000|100%| O|  |TAMS 0x00000007d6000000, 0x00000007d6000000| Untracked 
|1377|0x00000007d6100000, 0x00000007d6200000, 0x00000007d6200000|100%| O|  |TAMS 0x00000007d6100000, 0x00000007d6100000| Untracked 
|1378|0x00000007d6200000, 0x00000007d6300000, 0x00000007d6300000|100%| O|  |TAMS 0x00000007d6200000, 0x00000007d6200000| Untracked 
|1379|0x00000007d6300000, 0x00000007d6400000, 0x00000007d6400000|100%| O|  |TAMS 0x00000007d6300000, 0x00000007d6300000| Untracked 
|1380|0x00000007d6400000, 0x00000007d6500000, 0x00000007d6500000|100%| O|  |TAMS 0x00000007d6400000, 0x00000007d6400000| Untracked 
|1381|0x00000007d6500000, 0x00000007d6600000, 0x00000007d6600000|100%| O|  |TAMS 0x00000007d6500000, 0x00000007d6500000| Untracked 
|1382|0x00000007d6600000, 0x00000007d6700000, 0x00000007d6700000|100%| O|  |TAMS 0x00000007d6600000, 0x00000007d6600000| Untracked 
|1383|0x00000007d6700000, 0x00000007d6800000, 0x00000007d6800000|100%| O|  |TAMS 0x00000007d6700000, 0x00000007d6700000| Untracked 
|1384|0x00000007d6800000, 0x00000007d6900000, 0x00000007d6900000|100%| O|  |TAMS 0x00000007d6800000, 0x00000007d6800000| Untracked 
|1385|0x00000007d6900000, 0x00000007d6a00000, 0x00000007d6a00000|100%| O|  |TAMS 0x00000007d6900000, 0x00000007d6900000| Untracked 
|1386|0x00000007d6a00000, 0x00000007d6b00000, 0x00000007d6b00000|100%| O|  |TAMS 0x00000007d6b00000, 0x00000007d6a00000| Updating 
|1387|0x00000007d6b00000, 0x00000007d6c00000, 0x00000007d6c00000|100%| O|  |TAMS 0x00000007d6b00000, 0x00000007d6b00000| Untracked 
|1388|0x00000007d6c00000, 0x00000007d6d00000, 0x00000007d6d00000|100%| O|  |TAMS 0x00000007d6c00000, 0x00000007d6c00000| Untracked 
|1389|0x00000007d6d00000, 0x00000007d6e00000, 0x00000007d6e00000|100%| O|  |TAMS 0x00000007d6d00000, 0x00000007d6d00000| Untracked 
|1390|0x00000007d6e00000, 0x00000007d6f00000, 0x00000007d6f00000|100%| O|  |TAMS 0x00000007d6e00000, 0x00000007d6e00000| Untracked 
|1391|0x00000007d6f00000, 0x00000007d7000000, 0x00000007d7000000|100%| O|  |TAMS 0x00000007d6f00000, 0x00000007d6f00000| Untracked 
|1392|0x00000007d7000000, 0x00000007d7100000, 0x00000007d7100000|100%| O|  |TAMS 0x00000007d7000000, 0x00000007d7000000| Untracked 
|1393|0x00000007d7100000, 0x00000007d7200000, 0x00000007d7200000|100%| O|  |TAMS 0x00000007d7100000, 0x00000007d7100000| Untracked 
|1394|0x00000007d7200000, 0x00000007d7300000, 0x00000007d7300000|100%| O|  |TAMS 0x00000007d7200000, 0x00000007d7200000| Untracked 
|1395|0x00000007d7300000, 0x00000007d7400000, 0x00000007d7400000|100%| O|  |TAMS 0x00000007d7300000, 0x00000007d7300000| Untracked 
|1396|0x00000007d7400000, 0x00000007d7500000, 0x00000007d7500000|100%| O|  |TAMS 0x00000007d7400000, 0x00000007d7400000| Untracked 
|1397|0x00000007d7500000, 0x00000007d7600000, 0x00000007d7600000|100%| O|  |TAMS 0x00000007d7600000, 0x00000007d7500000| Updating 
|1398|0x00000007d7600000, 0x00000007d7700000, 0x00000007d7700000|100%| O|  |TAMS 0x00000007d7600000, 0x00000007d7600000| Untracked 
|1399|0x00000007d7700000, 0x00000007d7800000, 0x00000007d7800000|100%| O|  |TAMS 0x00000007d7700000, 0x00000007d7700000| Untracked 
|1400|0x00000007d7800000, 0x00000007d7900000, 0x00000007d7900000|100%| O|  |TAMS 0x00000007d7900000, 0x00000007d7800000| Updating 
|1401|0x00000007d7900000, 0x00000007d7a00000, 0x00000007d7a00000|100%| O|  |TAMS 0x00000007d7a00000, 0x00000007d7900000| Updating 
|1402|0x00000007d7a00000, 0x00000007d7b00000, 0x00000007d7b00000|100%| O|  |TAMS 0x00000007d7b00000, 0x00000007d7a00000| Updating 
|1403|0x00000007d7b00000, 0x00000007d7c00000, 0x00000007d7c00000|100%| O|  |TAMS 0x00000007d7c00000, 0x00000007d7b00000| Updating 
|1404|0x00000007d7c00000, 0x00000007d7d00000, 0x00000007d7d00000|100%| O|  |TAMS 0x00000007d7d00000, 0x00000007d7c00000| Updating 
|1405|0x00000007d7d00000, 0x00000007d7e00000, 0x00000007d7e00000|100%| O|  |TAMS 0x00000007d7e00000, 0x00000007d7d00000| Updating 
|1406|0x00000007d7e00000, 0x00000007d7f00000, 0x00000007d7f00000|100%| O|  |TAMS 0x00000007d7e00000, 0x00000007d7e00000| Untracked 
|1407|0x00000007d7f00000, 0x00000007d8000000, 0x00000007d8000000|100%| O|  |TAMS 0x00000007d8000000, 0x00000007d7f00000| Updating 
|1408|0x00000007d8000000, 0x00000007d8100000, 0x00000007d8100000|100%| O|  |TAMS 0x00000007d8000000, 0x00000007d8000000| Untracked 
|1409|0x00000007d8100000, 0x00000007d8200000, 0x00000007d8200000|100%| O|  |TAMS 0x00000007d8100000, 0x00000007d8100000| Untracked 
|1410|0x00000007d8200000, 0x00000007d8300000, 0x00000007d8300000|100%| O|  |TAMS 0x00000007d8200000, 0x00000007d8200000| Untracked 
|1411|0x00000007d8300000, 0x00000007d8400000, 0x00000007d8400000|100%| O|  |TAMS 0x00000007d8300000, 0x00000007d8300000| Untracked 
|1412|0x00000007d8400000, 0x00000007d8500000, 0x00000007d8500000|100%| O|  |TAMS 0x00000007d8400000, 0x00000007d8400000| Untracked 
|1413|0x00000007d8500000, 0x00000007d8600000, 0x00000007d8600000|100%| O|  |TAMS 0x00000007d8600000, 0x00000007d8500000| Updating 
|1414|0x00000007d8600000, 0x00000007d8700000, 0x00000007d8700000|100%| O|  |TAMS 0x00000007d8600000, 0x00000007d8600000| Untracked 
|1415|0x00000007d8700000, 0x00000007d8800000, 0x00000007d8800000|100%| O|  |TAMS 0x00000007d8700000, 0x00000007d8700000| Untracked 
|1416|0x00000007d8800000, 0x00000007d8900000, 0x00000007d8900000|100%| O|  |TAMS 0x00000007d8800000, 0x00000007d8800000| Untracked 
|1417|0x00000007d8900000, 0x00000007d8a00000, 0x00000007d8a00000|100%| O|  |TAMS 0x00000007d8900000, 0x00000007d8900000| Untracked 
|1418|0x00000007d8a00000, 0x00000007d8b00000, 0x00000007d8b00000|100%| O|  |TAMS 0x00000007d8b00000, 0x00000007d8a00000| Updating 
|1419|0x00000007d8b00000, 0x00000007d8b00000, 0x00000007d8c00000|  0%| F|  |TAMS 0x00000007d8b00000, 0x00000007d8b00000| Untracked 
|1420|0x00000007d8c00000, 0x00000007d8d00000, 0x00000007d8d00000|100%| O|  |TAMS 0x00000007d8d00000, 0x00000007d8c00000| Updating 
|1421|0x00000007d8d00000, 0x00000007d8e00000, 0x00000007d8e00000|100%| O|  |TAMS 0x00000007d8e00000, 0x00000007d8d00000| Updating 
|1422|0x00000007d8e00000, 0x00000007d8f00000, 0x00000007d8f00000|100%| O|  |TAMS 0x00000007d8f00000, 0x00000007d8e00000| Updating 
|1423|0x00000007d8f00000, 0x00000007d8f00000, 0x00000007d9000000|  0%| F|  |TAMS 0x00000007d8f00000, 0x00000007d8f00000| Untracked 
|1424|0x00000007d9000000, 0x00000007d9000000, 0x00000007d9100000|  0%| F|  |TAMS 0x00000007d9000000, 0x00000007d9000000| Untracked 
|1425|0x00000007d9100000, 0x00000007d9100000, 0x00000007d9200000|  0%| F|  |TAMS 0x00000007d9100000, 0x00000007d9100000| Untracked 
|1426|0x00000007d9200000, 0x00000007d9200000, 0x00000007d9300000|  0%| F|  |TAMS 0x00000007d9200000, 0x00000007d9200000| Untracked 
|1427|0x00000007d9300000, 0x00000007d9400000, 0x00000007d9400000|100%| O|  |TAMS 0x00000007d9400000, 0x00000007d9300000| Updating 
|1428|0x00000007d9400000, 0x00000007d9500000, 0x00000007d9500000|100%| O|  |TAMS 0x00000007d9500000, 0x00000007d9400000| Updating 
|1429|0x00000007d9500000, 0x00000007d9500000, 0x00000007d9600000|  0%| F|  |TAMS 0x00000007d9500000, 0x00000007d9500000| Untracked 
|1430|0x00000007d9600000, 0x00000007d9600000, 0x00000007d9700000|  0%| F|  |TAMS 0x00000007d9600000, 0x00000007d9600000| Untracked 
|1431|0x00000007d9700000, 0x00000007d9700000, 0x00000007d9800000|  0%| F|  |TAMS 0x00000007d9700000, 0x00000007d9700000| Untracked 
|1432|0x00000007d9800000, 0x00000007d9900000, 0x00000007d9900000|100%| O|  |TAMS 0x00000007d9900000, 0x00000007d9800000| Untracked 
|1433|0x00000007d9900000, 0x00000007d9900000, 0x00000007d9a00000|  0%| F|  |TAMS 0x00000007d9900000, 0x00000007d9900000| Untracked 
|1434|0x00000007d9a00000, 0x00000007d9a00000, 0x00000007d9b00000|  0%| F|  |TAMS 0x00000007d9a00000, 0x00000007d9a00000| Untracked 
|1435|0x00000007d9b00000, 0x00000007d9c00000, 0x00000007d9c00000|100%| O|  |TAMS 0x00000007d9c00000, 0x00000007d9b00000| Updating 
|1436|0x00000007d9c00000, 0x00000007d9d00000, 0x00000007d9d00000|100%| O|  |TAMS 0x00000007d9d00000, 0x00000007d9c00000| Updating 
|1437|0x00000007d9d00000, 0x00000007d9e00000, 0x00000007d9e00000|100%| O|  |TAMS 0x00000007d9e00000, 0x00000007d9d00000| Updating 
|1438|0x00000007d9e00000, 0x00000007d9f00000, 0x00000007d9f00000|100%| O|  |TAMS 0x00000007d9f00000, 0x00000007d9e00000| Updating 
|1439|0x00000007d9f00000, 0x00000007da000000, 0x00000007da000000|100%| O|  |TAMS 0x00000007da000000, 0x00000007d9f00000| Updating 
|1440|0x00000007da000000, 0x00000007da000000, 0x00000007da100000|  0%| F|  |TAMS 0x00000007da000000, 0x00000007da000000| Untracked 
|1441|0x00000007da100000, 0x00000007da100000, 0x00000007da200000|  0%| F|  |TAMS 0x00000007da100000, 0x00000007da100000| Untracked 
|1442|0x00000007da200000, 0x00000007da200000, 0x00000007da300000|  0%| F|  |TAMS 0x00000007da200000, 0x00000007da200000| Untracked 
|1443|0x00000007da300000, 0x00000007da300000, 0x00000007da400000|  0%| F|  |TAMS 0x00000007da300000, 0x00000007da300000| Untracked 
|1444|0x00000007da400000, 0x00000007da400000, 0x00000007da500000|  0%| F|  |TAMS 0x00000007da400000, 0x00000007da400000| Untracked 
|1445|0x00000007da500000, 0x00000007da500000, 0x00000007da600000|  0%| F|  |TAMS 0x00000007da500000, 0x00000007da500000| Untracked 
|1446|0x00000007da600000, 0x00000007da600000, 0x00000007da700000|  0%| F|  |TAMS 0x00000007da600000, 0x00000007da600000| Untracked 
|1447|0x00000007da700000, 0x00000007da800000, 0x00000007da800000|100%| O|  |TAMS 0x00000007da800000, 0x00000007da700000| Untracked 
|1448|0x00000007da800000, 0x00000007da900000, 0x00000007da900000|100%| O|  |TAMS 0x00000007da900000, 0x00000007da800000| Untracked 
|1449|0x00000007da900000, 0x00000007daa00000, 0x00000007daa00000|100%| O|  |TAMS 0x00000007daa00000, 0x00000007da900000| Updating 
|1450|0x00000007daa00000, 0x00000007daa00000, 0x00000007dab00000|  0%| F|  |TAMS 0x00000007daa00000, 0x00000007daa00000| Untracked 
|1451|0x00000007dab00000, 0x00000007dab00000, 0x00000007dac00000|  0%| F|  |TAMS 0x00000007dab00000, 0x00000007dab00000| Untracked 
|1452|0x00000007dac00000, 0x00000007dad00000, 0x00000007dad00000|100%| O|  |TAMS 0x00000007dad00000, 0x00000007dac00000| Updating 
|1453|0x00000007dad00000, 0x00000007dae00000, 0x00000007dae00000|100%| O|  |TAMS 0x00000007dae00000, 0x00000007dad00000| Updating 
|1454|0x00000007dae00000, 0x00000007daf00000, 0x00000007daf00000|100%| O|  |TAMS 0x00000007daf00000, 0x00000007dae00000| Updating 
|1455|0x00000007daf00000, 0x00000007daf00000, 0x00000007db000000|  0%| F|  |TAMS 0x00000007daf00000, 0x00000007daf00000| Untracked 
|1456|0x00000007db000000, 0x00000007db000000, 0x00000007db100000|  0%| F|  |TAMS 0x00000007db000000, 0x00000007db000000| Untracked 
|1457|0x00000007db100000, 0x00000007db100000, 0x00000007db200000|  0%| F|  |TAMS 0x00000007db100000, 0x00000007db100000| Untracked 
|1458|0x00000007db200000, 0x00000007db200000, 0x00000007db300000|  0%| F|  |TAMS 0x00000007db200000, 0x00000007db200000| Untracked 
|1459|0x00000007db300000, 0x00000007db300000, 0x00000007db400000|  0%| F|  |TAMS 0x00000007db300000, 0x00000007db300000| Untracked 
|1460|0x00000007db400000, 0x00000007db400000, 0x00000007db500000|  0%| F|  |TAMS 0x00000007db400000, 0x00000007db400000| Untracked 
|1461|0x00000007db500000, 0x00000007db600000, 0x00000007db600000|100%| O|  |TAMS 0x00000007db600000, 0x00000007db500000| Updating 
|1462|0x00000007db600000, 0x00000007db700000, 0x00000007db700000|100%| O|  |TAMS 0x00000007db700000, 0x00000007db600000| Updating 
|1463|0x00000007db700000, 0x00000007db800000, 0x00000007db800000|100%| O|  |TAMS 0x00000007db800000, 0x00000007db700000| Updating 
|1464|0x00000007db800000, 0x00000007db900000, 0x00000007db900000|100%| O|  |TAMS 0x00000007db900000, 0x00000007db800000| Updating 
|1465|0x00000007db900000, 0x00000007db900000, 0x00000007dba00000|  0%| F|  |TAMS 0x00000007db900000, 0x00000007db900000| Untracked 
|1466|0x00000007dba00000, 0x00000007dba00000, 0x00000007dbb00000|  0%| F|  |TAMS 0x00000007dba00000, 0x00000007dba00000| Untracked 
|1467|0x00000007dbb00000, 0x00000007dbb00000, 0x00000007dbc00000|  0%| F|  |TAMS 0x00000007dbb00000, 0x00000007dbb00000| Untracked 
|1468|0x00000007dbc00000, 0x00000007dbc00000, 0x00000007dbd00000|  0%| F|  |TAMS 0x00000007dbc00000, 0x00000007dbc00000| Untracked 
|1469|0x00000007dbd00000, 0x00000007dbe00000, 0x00000007dbe00000|100%| O|  |TAMS 0x00000007dbe00000, 0x00000007dbd00000| Updating 
|1470|0x00000007dbe00000, 0x00000007dbf00000, 0x00000007dbf00000|100%| O|  |TAMS 0x00000007dbf00000, 0x00000007dbe00000| Updating 
|1471|0x00000007dbf00000, 0x00000007dc000000, 0x00000007dc000000|100%| O|  |TAMS 0x00000007dc000000, 0x00000007dbf00000| Updating 
|1472|0x00000007dc000000, 0x00000007dc100000, 0x00000007dc100000|100%| O|  |TAMS 0x00000007dc100000, 0x00000007dc000000| Updating 
|1473|0x00000007dc100000, 0x00000007dc100000, 0x00000007dc200000|  0%| F|  |TAMS 0x00000007dc100000, 0x00000007dc100000| Untracked 
|1474|0x00000007dc200000, 0x00000007dc300000, 0x00000007dc300000|100%| O|  |TAMS 0x00000007dc300000, 0x00000007dc200000| Updating 
|1475|0x00000007dc300000, 0x00000007dc400000, 0x00000007dc400000|100%| O|  |TAMS 0x00000007dc400000, 0x00000007dc300000| Updating 
|1476|0x00000007dc400000, 0x00000007dc400000, 0x00000007dc500000|  0%| F|  |TAMS 0x00000007dc400000, 0x00000007dc400000| Untracked 
|1477|0x00000007dc500000, 0x00000007dc600000, 0x00000007dc600000|100%| O|  |TAMS 0x00000007dc600000, 0x00000007dc500000| Updating 
|1478|0x00000007dc600000, 0x00000007dc700000, 0x00000007dc700000|100%| O|  |TAMS 0x00000007dc700000, 0x00000007dc600000| Updating 
|1479|0x00000007dc700000, 0x00000007dc700000, 0x00000007dc800000|  0%| F|  |TAMS 0x00000007dc700000, 0x00000007dc700000| Untracked 
|1480|0x00000007dc800000, 0x00000007dc800000, 0x00000007dc900000|  0%| F|  |TAMS 0x00000007dc800000, 0x00000007dc800000| Untracked 
|1481|0x00000007dc900000, 0x00000007dc900000, 0x00000007dca00000|  0%| F|  |TAMS 0x00000007dc900000, 0x00000007dc900000| Untracked 
|1482|0x00000007dca00000, 0x00000007dca00000, 0x00000007dcb00000|  0%| F|  |TAMS 0x00000007dca00000, 0x00000007dca00000| Untracked 
|1483|0x00000007dcb00000, 0x00000007dcb00000, 0x00000007dcc00000|  0%| F|  |TAMS 0x00000007dcb00000, 0x00000007dcb00000| Untracked 
|1484|0x00000007dcc00000, 0x00000007dcc00000, 0x00000007dcd00000|  0%| F|  |TAMS 0x00000007dcc00000, 0x00000007dcc00000| Untracked 
|1485|0x00000007dcd00000, 0x00000007dcd00000, 0x00000007dce00000|  0%| F|  |TAMS 0x00000007dcd00000, 0x00000007dcd00000| Untracked 
|1486|0x00000007dce00000, 0x00000007dcf00000, 0x00000007dcf00000|100%| O|  |TAMS 0x00000007dcf00000, 0x00000007dce00000| Updating 
|1487|0x00000007dcf00000, 0x00000007dd000000, 0x00000007dd000000|100%| O|  |TAMS 0x00000007dd000000, 0x00000007dcf00000| Updating 
|1488|0x00000007dd000000, 0x00000007dd100000, 0x00000007dd100000|100%| O|  |TAMS 0x00000007dd100000, 0x00000007dd000000| Updating 
|1489|0x00000007dd100000, 0x00000007dd100000, 0x00000007dd200000|  0%| F|  |TAMS 0x00000007dd100000, 0x00000007dd100000| Untracked 
|1490|0x00000007dd200000, 0x00000007dd300000, 0x00000007dd300000|100%| O|  |TAMS 0x00000007dd300000, 0x00000007dd200000| Updating 
|1491|0x00000007dd300000, 0x00000007dd400000, 0x00000007dd400000|100%| O|  |TAMS 0x00000007dd400000, 0x00000007dd300000| Updating 
|1492|0x00000007dd400000, 0x00000007dd500000, 0x00000007dd500000|100%| O|  |TAMS 0x00000007dd500000, 0x00000007dd400000| Updating 
|1493|0x00000007dd500000, 0x00000007dd600000, 0x00000007dd600000|100%| O|  |TAMS 0x00000007dd600000, 0x00000007dd500000| Updating 
|1494|0x00000007dd600000, 0x00000007dd700000, 0x00000007dd700000|100%| O|  |TAMS 0x00000007dd700000, 0x00000007dd600000| Updating 
|1495|0x00000007dd700000, 0x00000007dd800000, 0x00000007dd800000|100%| O|  |TAMS 0x00000007dd800000, 0x00000007dd700000| Updating 
|1496|0x00000007dd800000, 0x00000007dd800000, 0x00000007dd900000|  0%| F|  |TAMS 0x00000007dd800000, 0x00000007dd800000| Untracked 
|1497|0x00000007dd900000, 0x00000007dd900000, 0x00000007dda00000|  0%| F|  |TAMS 0x00000007dd900000, 0x00000007dd900000| Untracked 
|1498|0x00000007dda00000, 0x00000007ddb00000, 0x00000007ddb00000|100%| O|  |TAMS 0x00000007ddb00000, 0x00000007dda00000| Updating 
|1499|0x00000007ddb00000, 0x00000007ddc00000, 0x00000007ddc00000|100%| O|  |TAMS 0x00000007ddc00000, 0x00000007ddb00000| Updating 
|1500|0x00000007ddc00000, 0x00000007ddc00000, 0x00000007ddd00000|  0%| F|  |TAMS 0x00000007ddc00000, 0x00000007ddc00000| Untracked 
|1501|0x00000007ddd00000, 0x00000007ddd00000, 0x00000007dde00000|  0%| F|  |TAMS 0x00000007ddd00000, 0x00000007ddd00000| Untracked 
|1502|0x00000007dde00000, 0x00000007dde00000, 0x00000007ddf00000|  0%| F|  |TAMS 0x00000007dde00000, 0x00000007dde00000| Untracked 
|1503|0x00000007ddf00000, 0x00000007de000000, 0x00000007de000000|100%| O|  |TAMS 0x00000007de000000, 0x00000007ddf00000| Updating 
|1504|0x00000007de000000, 0x00000007de100000, 0x00000007de100000|100%| O|  |TAMS 0x00000007de100000, 0x00000007de000000| Updating 
|1505|0x00000007de100000, 0x00000007de200000, 0x00000007de200000|100%| O|  |TAMS 0x00000007de200000, 0x00000007de100000| Updating 
|1506|0x00000007de200000, 0x00000007de300000, 0x00000007de300000|100%| O|  |TAMS 0x00000007de300000, 0x00000007de200000| Updating 
|1507|0x00000007de300000, 0x00000007de400000, 0x00000007de400000|100%| O|  |TAMS 0x00000007de400000, 0x00000007de300000| Updating 
|1508|0x00000007de400000, 0x00000007de500000, 0x00000007de500000|100%| O|  |TAMS 0x00000007de500000, 0x00000007de400000| Updating 
|1509|0x00000007de500000, 0x00000007de500000, 0x00000007de600000|  0%| F|  |TAMS 0x00000007de500000, 0x00000007de500000| Untracked 
|1510|0x00000007de600000, 0x00000007de600000, 0x00000007de700000|  0%| F|  |TAMS 0x00000007de600000, 0x00000007de600000| Untracked 
|1511|0x00000007de700000, 0x00000007de700000, 0x00000007de800000|  0%| F|  |TAMS 0x00000007de700000, 0x00000007de700000| Untracked 
|1512|0x00000007de800000, 0x00000007de800000, 0x00000007de900000|  0%| F|  |TAMS 0x00000007de800000, 0x00000007de800000| Untracked 
|1513|0x00000007de900000, 0x00000007de900000, 0x00000007dea00000|  0%| F|  |TAMS 0x00000007de900000, 0x00000007de900000| Untracked 
|1514|0x00000007dea00000, 0x00000007dea00000, 0x00000007deb00000|  0%| F|  |TAMS 0x00000007dea00000, 0x00000007dea00000| Untracked 
|1515|0x00000007deb00000, 0x00000007deb00000, 0x00000007dec00000|  0%| F|  |TAMS 0x00000007deb00000, 0x00000007deb00000| Untracked 
|1516|0x00000007dec00000, 0x00000007ded00000, 0x00000007ded00000|100%| O|  |TAMS 0x00000007ded00000, 0x00000007dec00000| Updating 
|1517|0x00000007ded00000, 0x00000007dee00000, 0x00000007dee00000|100%| O|  |TAMS 0x00000007dee00000, 0x00000007ded00000| Updating 
|1518|0x00000007dee00000, 0x00000007def00000, 0x00000007def00000|100%| O|  |TAMS 0x00000007def00000, 0x00000007dee00000| Updating 
|1519|0x00000007def00000, 0x00000007df000000, 0x00000007df000000|100%| O|  |TAMS 0x00000007df000000, 0x00000007def00000| Updating 
|1520|0x00000007df000000, 0x00000007df000000, 0x00000007df100000|  0%| F|  |TAMS 0x00000007df000000, 0x00000007df000000| Untracked 
|1521|0x00000007df100000, 0x00000007df200000, 0x00000007df200000|100%| O|  |TAMS 0x00000007df200000, 0x00000007df100000| Updating 
|1522|0x00000007df200000, 0x00000007df300000, 0x00000007df300000|100%| O|  |TAMS 0x00000007df300000, 0x00000007df200000| Updating 
|1523|0x00000007df300000, 0x00000007df300000, 0x00000007df400000|  0%| F|  |TAMS 0x00000007df300000, 0x00000007df300000| Untracked 
|1524|0x00000007df400000, 0x00000007df400000, 0x00000007df500000|  0%| F|  |TAMS 0x00000007df400000, 0x00000007df400000| Untracked 
|1525|0x00000007df500000, 0x00000007df600000, 0x00000007df600000|100%| O|  |TAMS 0x00000007df600000, 0x00000007df500000| Updating 
|1526|0x00000007df600000, 0x00000007df600000, 0x00000007df700000|  0%| F|  |TAMS 0x00000007df600000, 0x00000007df600000| Untracked 
|1527|0x00000007df700000, 0x00000007df800000, 0x00000007df800000|100%| O|  |TAMS 0x00000007df800000, 0x00000007df700000| Updating 
|1528|0x00000007df800000, 0x00000007df900000, 0x00000007df900000|100%| O|  |TAMS 0x00000007df900000, 0x00000007df800000| Updating 
|1529|0x00000007df900000, 0x00000007df900000, 0x00000007dfa00000|  0%| F|  |TAMS 0x00000007df900000, 0x00000007df900000| Untracked 
|1530|0x00000007dfa00000, 0x00000007dfa00000, 0x00000007dfb00000|  0%| F|  |TAMS 0x00000007dfa00000, 0x00000007dfa00000| Untracked 
|1531|0x00000007dfb00000, 0x00000007dfc00000, 0x00000007dfc00000|100%| O|  |TAMS 0x00000007dfc00000, 0x00000007dfb00000| Updating 
|1532|0x00000007dfc00000, 0x00000007dfd00000, 0x00000007dfd00000|100%| O|  |TAMS 0x00000007dfd00000, 0x00000007dfc00000| Updating 
|1533|0x00000007dfd00000, 0x00000007dfe00000, 0x00000007dfe00000|100%| O|  |TAMS 0x00000007dfe00000, 0x00000007dfd00000| Updating 
|1534|0x00000007dfe00000, 0x00000007dff00000, 0x00000007dff00000|100%| O|  |TAMS 0x00000007dff00000, 0x00000007dfe00000| Updating 
|1535|0x00000007dff00000, 0x00000007e0000000, 0x00000007e0000000|100%| O|  |TAMS 0x00000007e0000000, 0x00000007dff00000| Updating 
|1536|0x00000007e0000000, 0x00000007e0100000, 0x00000007e0100000|100%| O|  |TAMS 0x00000007e0100000, 0x00000007e0000000| Updating 
|1537|0x00000007e0100000, 0x00000007e0200000, 0x00000007e0200000|100%| O|  |TAMS 0x00000007e0200000, 0x00000007e0100000| Updating 
|1538|0x00000007e0200000, 0x00000007e0200000, 0x00000007e0300000|  0%| F|  |TAMS 0x00000007e0200000, 0x00000007e0200000| Untracked 
|1539|0x00000007e0300000, 0x00000007e0300000, 0x00000007e0400000|  0%| F|  |TAMS 0x00000007e0300000, 0x00000007e0300000| Untracked 
|1540|0x00000007e0400000, 0x00000007e0500000, 0x00000007e0500000|100%| O|  |TAMS 0x00000007e0500000, 0x00000007e0400000| Updating 
|1541|0x00000007e0500000, 0x00000007e0500000, 0x00000007e0600000|  0%| F|  |TAMS 0x00000007e0500000, 0x00000007e0500000| Untracked 
|1542|0x00000007e0600000, 0x00000007e0600000, 0x00000007e0700000|  0%| F|  |TAMS 0x00000007e0600000, 0x00000007e0600000| Untracked 
|1543|0x00000007e0700000, 0x00000007e0700000, 0x00000007e0800000|  0%| F|  |TAMS 0x00000007e0700000, 0x00000007e0700000| Untracked 
|1544|0x00000007e0800000, 0x00000007e0800000, 0x00000007e0900000|  0%| F|  |TAMS 0x00000007e0800000, 0x00000007e0800000| Untracked 
|1545|0x00000007e0900000, 0x00000007e0900000, 0x00000007e0a00000|  0%| F|  |TAMS 0x00000007e0900000, 0x00000007e0900000| Untracked 
|1546|0x00000007e0a00000, 0x00000007e0a00000, 0x00000007e0b00000|  0%| F|  |TAMS 0x00000007e0a00000, 0x00000007e0a00000| Untracked 
|1547|0x00000007e0b00000, 0x00000007e0b00000, 0x00000007e0c00000|  0%| F|  |TAMS 0x00000007e0b00000, 0x00000007e0b00000| Untracked 
|1548|0x00000007e0c00000, 0x00000007e0c00000, 0x00000007e0d00000|  0%| F|  |TAMS 0x00000007e0c00000, 0x00000007e0c00000| Untracked 
|1549|0x00000007e0d00000, 0x00000007e0e00000, 0x00000007e0e00000|100%| O|  |TAMS 0x00000007e0e00000, 0x00000007e0d00000| Updating 
|1550|0x00000007e0e00000, 0x00000007e0e00000, 0x00000007e0f00000|  0%| F|  |TAMS 0x00000007e0e00000, 0x00000007e0e00000| Untracked 
|1551|0x00000007e0f00000, 0x00000007e1000000, 0x00000007e1000000|100%| O|  |TAMS 0x00000007e1000000, 0x00000007e0f00000| Updating 
|1552|0x00000007e1000000, 0x00000007e1000000, 0x00000007e1100000|  0%| F|  |TAMS 0x00000007e1000000, 0x00000007e1000000| Untracked 
|1553|0x00000007e1100000, 0x00000007e1100000, 0x00000007e1200000|  0%| F|  |TAMS 0x00000007e1100000, 0x00000007e1100000| Untracked 
|1554|0x00000007e1200000, 0x00000007e1300000, 0x00000007e1300000|100%| O|  |TAMS 0x00000007e1300000, 0x00000007e1200000| Updating 
|1555|0x00000007e1300000, 0x00000007e1400000, 0x00000007e1400000|100%| O|  |TAMS 0x00000007e1400000, 0x00000007e1300000| Updating 
|1556|0x00000007e1400000, 0x00000007e1400000, 0x00000007e1500000|  0%| F|  |TAMS 0x00000007e1400000, 0x00000007e1400000| Untracked 
|1557|0x00000007e1500000, 0x00000007e1500000, 0x00000007e1600000|  0%| F|  |TAMS 0x00000007e1500000, 0x00000007e1500000| Untracked 
|1558|0x00000007e1600000, 0x00000007e1600000, 0x00000007e1700000|  0%| F|  |TAMS 0x00000007e1600000, 0x00000007e1600000| Untracked 
|1559|0x00000007e1700000, 0x00000007e1800000, 0x00000007e1800000|100%| O|  |TAMS 0x00000007e1800000, 0x00000007e1700000| Updating 
|1560|0x00000007e1800000, 0x00000007e1800000, 0x00000007e1900000|  0%| F|  |TAMS 0x00000007e1800000, 0x00000007e1800000| Untracked 
|1561|0x00000007e1900000, 0x00000007e1900000, 0x00000007e1a00000|  0%| F|  |TAMS 0x00000007e1900000, 0x00000007e1900000| Untracked 
|1562|0x00000007e1a00000, 0x00000007e1a00000, 0x00000007e1b00000|  0%| F|  |TAMS 0x00000007e1a00000, 0x00000007e1a00000| Untracked 
|1563|0x00000007e1b00000, 0x00000007e1b00000, 0x00000007e1c00000|  0%| F|  |TAMS 0x00000007e1b00000, 0x00000007e1b00000| Untracked 
|1564|0x00000007e1c00000, 0x00000007e1c00000, 0x00000007e1d00000|  0%| F|  |TAMS 0x00000007e1c00000, 0x00000007e1c00000| Untracked 
|1565|0x00000007e1d00000, 0x00000007e1d00000, 0x00000007e1e00000|  0%| F|  |TAMS 0x00000007e1d00000, 0x00000007e1d00000| Untracked 
|1566|0x00000007e1e00000, 0x00000007e1e00000, 0x00000007e1f00000|  0%| F|  |TAMS 0x00000007e1e00000, 0x00000007e1e00000| Untracked 
|1567|0x00000007e1f00000, 0x00000007e1f00000, 0x00000007e2000000|  0%| F|  |TAMS 0x00000007e1f00000, 0x00000007e1f00000| Untracked 
|1568|0x00000007e2000000, 0x00000007e2000000, 0x00000007e2100000|  0%| F|  |TAMS 0x00000007e2000000, 0x00000007e2000000| Untracked 
|1569|0x00000007e2100000, 0x00000007e2100000, 0x00000007e2200000|  0%| F|  |TAMS 0x00000007e2100000, 0x00000007e2100000| Untracked 
|1570|0x00000007e2200000, 0x00000007e2200000, 0x00000007e2300000|  0%| F|  |TAMS 0x00000007e2200000, 0x00000007e2200000| Untracked 
|1571|0x00000007e2300000, 0x00000007e2300000, 0x00000007e2400000|  0%| F|  |TAMS 0x00000007e2300000, 0x00000007e2300000| Untracked 
|1572|0x00000007e2400000, 0x00000007e2400000, 0x00000007e2500000|  0%| F|  |TAMS 0x00000007e2400000, 0x00000007e2400000| Untracked 
|1573|0x00000007e2500000, 0x00000007e2500000, 0x00000007e2600000|  0%| F|  |TAMS 0x00000007e2500000, 0x00000007e2500000| Untracked 
|1574|0x00000007e2600000, 0x00000007e2700000, 0x00000007e2700000|100%| O|  |TAMS 0x00000007e2700000, 0x00000007e2600000| Updating 
|1575|0x00000007e2700000, 0x00000007e2700000, 0x00000007e2800000|  0%| F|  |TAMS 0x00000007e2700000, 0x00000007e2700000| Untracked 
|1576|0x00000007e2800000, 0x00000007e2800000, 0x00000007e2900000|  0%| F|  |TAMS 0x00000007e2800000, 0x00000007e2800000| Untracked 
|1577|0x00000007e2900000, 0x00000007e2900000, 0x00000007e2a00000|  0%| F|  |TAMS 0x00000007e2900000, 0x00000007e2900000| Untracked 
|1578|0x00000007e2a00000, 0x00000007e2a00000, 0x00000007e2b00000|  0%| F|  |TAMS 0x00000007e2a00000, 0x00000007e2a00000| Untracked 
|1579|0x00000007e2b00000, 0x00000007e2b00000, 0x00000007e2c00000|  0%| F|  |TAMS 0x00000007e2b00000, 0x00000007e2b00000| Untracked 
|1580|0x00000007e2c00000, 0x00000007e2c00000, 0x00000007e2d00000|  0%| F|  |TAMS 0x00000007e2c00000, 0x00000007e2c00000| Untracked 
|1581|0x00000007e2d00000, 0x00000007e2d00000, 0x00000007e2e00000|  0%| F|  |TAMS 0x00000007e2d00000, 0x00000007e2d00000| Untracked 
|1582|0x00000007e2e00000, 0x00000007e2e00000, 0x00000007e2f00000|  0%| F|  |TAMS 0x00000007e2e00000, 0x00000007e2e00000| Untracked 
|1583|0x00000007e2f00000, 0x00000007e2f00000, 0x00000007e3000000|  0%| F|  |TAMS 0x00000007e2f00000, 0x00000007e2f00000| Untracked 
|1584|0x00000007e3000000, 0x00000007e3000000, 0x00000007e3100000|  0%| F|  |TAMS 0x00000007e3000000, 0x00000007e3000000| Untracked 
|1585|0x00000007e3100000, 0x00000007e3100000, 0x00000007e3200000|  0%| F|  |TAMS 0x00000007e3100000, 0x00000007e3100000| Untracked 
|1586|0x00000007e3200000, 0x00000007e3200000, 0x00000007e3300000|  0%| F|  |TAMS 0x00000007e3200000, 0x00000007e3200000| Untracked 
|1587|0x00000007e3300000, 0x00000007e3400000, 0x00000007e3400000|100%| O|  |TAMS 0x00000007e3400000, 0x00000007e3300000| Updating 
|1588|0x00000007e3400000, 0x00000007e3500000, 0x00000007e3500000|100%| O|  |TAMS 0x00000007e3500000, 0x00000007e3400000| Updating 
|1589|0x00000007e3500000, 0x00000007e3500000, 0x00000007e3600000|  0%| F|  |TAMS 0x00000007e3500000, 0x00000007e3500000| Untracked 
|1590|0x00000007e3600000, 0x00000007e3600000, 0x00000007e3700000|  0%| F|  |TAMS 0x00000007e3600000, 0x00000007e3600000| Untracked 
|1591|0x00000007e3700000, 0x00000007e3700000, 0x00000007e3800000|  0%| F|  |TAMS 0x00000007e3700000, 0x00000007e3700000| Untracked 
|1592|0x00000007e3800000, 0x00000007e3800000, 0x00000007e3900000|  0%| F|  |TAMS 0x00000007e3800000, 0x00000007e3800000| Untracked 
|1593|0x00000007e3900000, 0x00000007e3900000, 0x00000007e3a00000|  0%| F|  |TAMS 0x00000007e3900000, 0x00000007e3900000| Untracked 
|1594|0x00000007e3a00000, 0x00000007e3a00000, 0x00000007e3b00000|  0%| F|  |TAMS 0x00000007e3a00000, 0x00000007e3a00000| Untracked 
|1595|0x00000007e3b00000, 0x00000007e3b00000, 0x00000007e3c00000|  0%| F|  |TAMS 0x00000007e3b00000, 0x00000007e3b00000| Untracked 
|1596|0x00000007e3c00000, 0x00000007e3c00000, 0x00000007e3d00000|  0%| F|  |TAMS 0x00000007e3c00000, 0x00000007e3c00000| Untracked 
|1597|0x00000007e3d00000, 0x00000007e3d00000, 0x00000007e3e00000|  0%| F|  |TAMS 0x00000007e3d00000, 0x00000007e3d00000| Untracked 
|1598|0x00000007e3e00000, 0x00000007e3f00000, 0x00000007e3f00000|100%| O|  |TAMS 0x00000007e3f00000, 0x00000007e3e00000| Updating 
|1599|0x00000007e3f00000, 0x00000007e3f00000, 0x00000007e4000000|  0%| F|  |TAMS 0x00000007e3f00000, 0x00000007e3f00000| Untracked 
|1600|0x00000007e4000000, 0x00000007e4100000, 0x00000007e4100000|100%| O|  |TAMS 0x00000007e4100000, 0x00000007e4000000| Updating 
|1601|0x00000007e4100000, 0x00000007e4100000, 0x00000007e4200000|  0%| F|  |TAMS 0x00000007e4100000, 0x00000007e4100000| Untracked 
|1602|0x00000007e4200000, 0x00000007e4200000, 0x00000007e4300000|  0%| F|  |TAMS 0x00000007e4200000, 0x00000007e4200000| Untracked 
|1603|0x00000007e4300000, 0x00000007e4300000, 0x00000007e4400000|  0%| F|  |TAMS 0x00000007e4300000, 0x00000007e4300000| Untracked 
|1604|0x00000007e4400000, 0x00000007e4400000, 0x00000007e4500000|  0%| F|  |TAMS 0x00000007e4400000, 0x00000007e4400000| Untracked 
|1605|0x00000007e4500000, 0x00000007e4500000, 0x00000007e4600000|  0%| F|  |TAMS 0x00000007e4500000, 0x00000007e4500000| Untracked 
|1606|0x00000007e4600000, 0x00000007e4600000, 0x00000007e4700000|  0%| F|  |TAMS 0x00000007e4600000, 0x00000007e4600000| Untracked 
|1607|0x00000007e4700000, 0x00000007e4800000, 0x00000007e4800000|100%| O|  |TAMS 0x00000007e4800000, 0x00000007e4700000| Updating 
|1608|0x00000007e4800000, 0x00000007e4800000, 0x00000007e4900000|  0%| F|  |TAMS 0x00000007e4800000, 0x00000007e4800000| Untracked 
|1609|0x00000007e4900000, 0x00000007e4900000, 0x00000007e4a00000|  0%| F|  |TAMS 0x00000007e4900000, 0x00000007e4900000| Untracked 
|1610|0x00000007e4a00000, 0x00000007e4a00000, 0x00000007e4b00000|  0%| F|  |TAMS 0x00000007e4a00000, 0x00000007e4a00000| Untracked 
|1611|0x00000007e4b00000, 0x00000007e4b00000, 0x00000007e4c00000|  0%| F|  |TAMS 0x00000007e4b00000, 0x00000007e4b00000| Untracked 
|1612|0x00000007e4c00000, 0x00000007e4c00000, 0x00000007e4d00000|  0%| F|  |TAMS 0x00000007e4c00000, 0x00000007e4c00000| Untracked 
|1613|0x00000007e4d00000, 0x00000007e4d00000, 0x00000007e4e00000|  0%| F|  |TAMS 0x00000007e4d00000, 0x00000007e4d00000| Untracked 
|1614|0x00000007e4e00000, 0x00000007e4e00000, 0x00000007e4f00000|  0%| F|  |TAMS 0x00000007e4e00000, 0x00000007e4e00000| Untracked 
|1615|0x00000007e4f00000, 0x00000007e5000000, 0x00000007e5000000|100%| O|  |TAMS 0x00000007e5000000, 0x00000007e4f00000| Updating 
|1616|0x00000007e5000000, 0x00000007e5000000, 0x00000007e5100000|  0%| F|  |TAMS 0x00000007e5000000, 0x00000007e5000000| Untracked 
|1617|0x00000007e5100000, 0x00000007e5200000, 0x00000007e5200000|100%| O|  |TAMS 0x00000007e5200000, 0x00000007e5100000| Updating 
|1618|0x00000007e5200000, 0x00000007e5300000, 0x00000007e5300000|100%| O|  |TAMS 0x00000007e5300000, 0x00000007e5200000| Updating 
|1619|0x00000007e5300000, 0x00000007e5400000, 0x00000007e5400000|100%| O|  |TAMS 0x00000007e5400000, 0x00000007e5300000| Updating 
|1620|0x00000007e5400000, 0x00000007e5500000, 0x00000007e5500000|100%| O|  |TAMS 0x00000007e5500000, 0x00000007e5400000| Updating 
|1621|0x00000007e5500000, 0x00000007e5500000, 0x00000007e5600000|  0%| F|  |TAMS 0x00000007e5500000, 0x00000007e5500000| Untracked 
|1622|0x00000007e5600000, 0x00000007e5600000, 0x00000007e5700000|  0%| F|  |TAMS 0x00000007e5600000, 0x00000007e5600000| Untracked 
|1623|0x00000007e5700000, 0x00000007e5800000, 0x00000007e5800000|100%| O|  |TAMS 0x00000007e5800000, 0x00000007e5700000| Updating 
|1624|0x00000007e5800000, 0x00000007e5900000, 0x00000007e5900000|100%| O|  |TAMS 0x00000007e5900000, 0x00000007e5800000| Updating 
|1625|0x00000007e5900000, 0x00000007e5a00000, 0x00000007e5a00000|100%| O|  |TAMS 0x00000007e5a00000, 0x00000007e5900000| Updating 
|1626|0x00000007e5a00000, 0x00000007e5a00000, 0x00000007e5b00000|  0%| F|  |TAMS 0x00000007e5a00000, 0x00000007e5a00000| Untracked 
|1627|0x00000007e5b00000, 0x00000007e5b00000, 0x00000007e5c00000|  0%| F|  |TAMS 0x00000007e5b00000, 0x00000007e5b00000| Untracked 
|1628|0x00000007e5c00000, 0x00000007e5c00000, 0x00000007e5d00000|  0%| F|  |TAMS 0x00000007e5c00000, 0x00000007e5c00000| Untracked 
|1629|0x00000007e5d00000, 0x00000007e5d00000, 0x00000007e5e00000|  0%| F|  |TAMS 0x00000007e5d00000, 0x00000007e5d00000| Untracked 
|1630|0x00000007e5e00000, 0x00000007e5e00000, 0x00000007e5f00000|  0%| F|  |TAMS 0x00000007e5e00000, 0x00000007e5e00000| Untracked 
|1631|0x00000007e5f00000, 0x00000007e5f00000, 0x00000007e6000000|  0%| F|  |TAMS 0x00000007e5f00000, 0x00000007e5f00000| Untracked 
|1632|0x00000007e6000000, 0x00000007e6000000, 0x00000007e6100000|  0%| F|  |TAMS 0x00000007e6000000, 0x00000007e6000000| Untracked 
|1633|0x00000007e6100000, 0x00000007e6100000, 0x00000007e6200000|  0%| F|  |TAMS 0x00000007e6100000, 0x00000007e6100000| Untracked 
|1634|0x00000007e6200000, 0x00000007e6200000, 0x00000007e6300000|  0%| F|  |TAMS 0x00000007e6200000, 0x00000007e6200000| Untracked 
|1635|0x00000007e6300000, 0x00000007e6300000, 0x00000007e6400000|  0%| F|  |TAMS 0x00000007e6300000, 0x00000007e6300000| Untracked 
|1636|0x00000007e6400000, 0x00000007e6400000, 0x00000007e6500000|  0%| F|  |TAMS 0x00000007e6400000, 0x00000007e6400000| Untracked 
|1637|0x00000007e6500000, 0x00000007e6500000, 0x00000007e6600000|  0%| F|  |TAMS 0x00000007e6500000, 0x00000007e6500000| Untracked 
|1638|0x00000007e6600000, 0x00000007e6600000, 0x00000007e6700000|  0%| F|  |TAMS 0x00000007e6600000, 0x00000007e6600000| Untracked 
|1639|0x00000007e6700000, 0x00000007e6700000, 0x00000007e6800000|  0%| F|  |TAMS 0x00000007e6700000, 0x00000007e6700000| Untracked 
|1640|0x00000007e6800000, 0x00000007e6800000, 0x00000007e6900000|  0%| F|  |TAMS 0x00000007e6800000, 0x00000007e6800000| Untracked 
|1641|0x00000007e6900000, 0x00000007e6900000, 0x00000007e6a00000|  0%| F|  |TAMS 0x00000007e6900000, 0x00000007e6900000| Untracked 
|1642|0x00000007e6a00000, 0x00000007e6a00000, 0x00000007e6b00000|  0%| F|  |TAMS 0x00000007e6a00000, 0x00000007e6a00000| Untracked 
|1643|0x00000007e6b00000, 0x00000007e6b00000, 0x00000007e6c00000|  0%| F|  |TAMS 0x00000007e6b00000, 0x00000007e6b00000| Untracked 
|1644|0x00000007e6c00000, 0x00000007e6c00000, 0x00000007e6d00000|  0%| F|  |TAMS 0x00000007e6c00000, 0x00000007e6c00000| Untracked 
|1645|0x00000007e6d00000, 0x00000007e6d00000, 0x00000007e6e00000|  0%| F|  |TAMS 0x00000007e6d00000, 0x00000007e6d00000| Untracked 
|1646|0x00000007e6e00000, 0x00000007e6e00000, 0x00000007e6f00000|  0%| F|  |TAMS 0x00000007e6e00000, 0x00000007e6e00000| Untracked 
|1647|0x00000007e6f00000, 0x00000007e6f00000, 0x00000007e7000000|  0%| F|  |TAMS 0x00000007e6f00000, 0x00000007e6f00000| Untracked 
|1648|0x00000007e7000000, 0x00000007e7000000, 0x00000007e7100000|  0%| F|  |TAMS 0x00000007e7000000, 0x00000007e7000000| Untracked 
|1649|0x00000007e7100000, 0x00000007e7100000, 0x00000007e7200000|  0%| F|  |TAMS 0x00000007e7100000, 0x00000007e7100000| Untracked 
|1650|0x00000007e7200000, 0x00000007e7200000, 0x00000007e7300000|  0%| F|  |TAMS 0x00000007e7200000, 0x00000007e7200000| Untracked 
|1651|0x00000007e7300000, 0x00000007e7300000, 0x00000007e7400000|  0%| F|  |TAMS 0x00000007e7300000, 0x00000007e7300000| Untracked 
|1652|0x00000007e7400000, 0x00000007e7400000, 0x00000007e7500000|  0%| F|  |TAMS 0x00000007e7400000, 0x00000007e7400000| Untracked 
|1653|0x00000007e7500000, 0x00000007e7500000, 0x00000007e7600000|  0%| F|  |TAMS 0x00000007e7500000, 0x00000007e7500000| Untracked 
|1654|0x00000007e7600000, 0x00000007e7600000, 0x00000007e7700000|  0%| F|  |TAMS 0x00000007e7600000, 0x00000007e7600000| Untracked 
|1655|0x00000007e7700000, 0x00000007e7700000, 0x00000007e7800000|  0%| F|  |TAMS 0x00000007e7700000, 0x00000007e7700000| Untracked 
|1656|0x00000007e7800000, 0x00000007e7800000, 0x00000007e7900000|  0%| F|  |TAMS 0x00000007e7800000, 0x00000007e7800000| Untracked 
|1657|0x00000007e7900000, 0x00000007e7900000, 0x00000007e7a00000|  0%| F|  |TAMS 0x00000007e7900000, 0x00000007e7900000| Untracked 
|1658|0x00000007e7a00000, 0x00000007e7b00000, 0x00000007e7b00000|100%| O|  |TAMS 0x00000007e7b00000, 0x00000007e7a00000| Updating 
|1659|0x00000007e7b00000, 0x00000007e7b00000, 0x00000007e7c00000|  0%| F|  |TAMS 0x00000007e7b00000, 0x00000007e7b00000| Untracked 
|1660|0x00000007e7c00000, 0x00000007e7c00000, 0x00000007e7d00000|  0%| F|  |TAMS 0x00000007e7c00000, 0x00000007e7c00000| Untracked 
|1661|0x00000007e7d00000, 0x00000007e7d00000, 0x00000007e7e00000|  0%| F|  |TAMS 0x00000007e7d00000, 0x00000007e7d00000| Untracked 
|1662|0x00000007e7e00000, 0x00000007e7f00000, 0x00000007e7f00000|100%| O|  |TAMS 0x00000007e7f00000, 0x00000007e7e00000| Updating 
|1663|0x00000007e7f00000, 0x00000007e8000000, 0x00000007e8000000|100%| O|  |TAMS 0x00000007e8000000, 0x00000007e7f00000| Updating 
|1664|0x00000007e8000000, 0x00000007e8000000, 0x00000007e8100000|  0%| F|  |TAMS 0x00000007e8000000, 0x00000007e8000000| Untracked 
|1665|0x00000007e8100000, 0x00000007e8100000, 0x00000007e8200000|  0%| F|  |TAMS 0x00000007e8100000, 0x00000007e8100000| Untracked 
|1666|0x00000007e8200000, 0x00000007e8300000, 0x00000007e8300000|100%| O|  |TAMS 0x00000007e8300000, 0x00000007e8200000| Updating 
|1667|0x00000007e8300000, 0x00000007e8300000, 0x00000007e8400000|  0%| F|  |TAMS 0x00000007e8300000, 0x00000007e8300000| Untracked 
|1668|0x00000007e8400000, 0x00000007e8400000, 0x00000007e8500000|  0%| F|  |TAMS 0x00000007e8400000, 0x00000007e8400000| Untracked 
|1669|0x00000007e8500000, 0x00000007e8600000, 0x00000007e8600000|100%| O|  |TAMS 0x00000007e8600000, 0x00000007e8500000| Updating 
|1670|0x00000007e8600000, 0x00000007e8700000, 0x00000007e8700000|100%| O|  |TAMS 0x00000007e8700000, 0x00000007e8600000| Updating 
|1671|0x00000007e8700000, 0x00000007e8800000, 0x00000007e8800000|100%| O|  |TAMS 0x00000007e8800000, 0x00000007e8700000| Updating 
|1672|0x00000007e8800000, 0x00000007e8900000, 0x00000007e8900000|100%| O|  |TAMS 0x00000007e8900000, 0x00000007e8800000| Updating 
|1673|0x00000007e8900000, 0x00000007e8a00000, 0x00000007e8a00000|100%| O|  |TAMS 0x00000007e8a00000, 0x00000007e8900000| Updating 
|1674|0x00000007e8a00000, 0x00000007e8b00000, 0x00000007e8b00000|100%| O|  |TAMS 0x00000007e8b00000, 0x00000007e8a00000| Updating 
|1675|0x00000007e8b00000, 0x00000007e8b00000, 0x00000007e8c00000|  0%| F|  |TAMS 0x00000007e8b00000, 0x00000007e8b00000| Untracked 
|1676|0x00000007e8c00000, 0x00000007e8d00000, 0x00000007e8d00000|100%| O|  |TAMS 0x00000007e8d00000, 0x00000007e8c00000| Updating 
|1677|0x00000007e8d00000, 0x00000007e8d00000, 0x00000007e8e00000|  0%| F|  |TAMS 0x00000007e8d00000, 0x00000007e8d00000| Untracked 
|1678|0x00000007e8e00000, 0x00000007e8f00000, 0x00000007e8f00000|100%| O|  |TAMS 0x00000007e8f00000, 0x00000007e8e00000| Updating 
|1679|0x00000007e8f00000, 0x00000007e8f00000, 0x00000007e9000000|  0%| F|  |TAMS 0x00000007e8f00000, 0x00000007e8f00000| Untracked 
|1680|0x00000007e9000000, 0x00000007e9100000, 0x00000007e9100000|100%| O|  |TAMS 0x00000007e9100000, 0x00000007e9000000| Updating 
|1681|0x00000007e9100000, 0x00000007e9100000, 0x00000007e9200000|  0%| F|  |TAMS 0x00000007e9100000, 0x00000007e9100000| Untracked 
|1682|0x00000007e9200000, 0x00000007e9300000, 0x00000007e9300000|100%| O|  |TAMS 0x00000007e9300000, 0x00000007e9200000| Updating 
|1683|0x00000007e9300000, 0x00000007e9400000, 0x00000007e9400000|100%| O|  |TAMS 0x00000007e9400000, 0x00000007e9300000| Updating 
|1684|0x00000007e9400000, 0x00000007e9500000, 0x00000007e9500000|100%| O|  |TAMS 0x00000007e9500000, 0x00000007e9400000| Updating 
|1685|0x00000007e9500000, 0x00000007e9600000, 0x00000007e9600000|100%| O|  |TAMS 0x00000007e9600000, 0x00000007e9500000| Updating 
|1686|0x00000007e9600000, 0x00000007e9600000, 0x00000007e9700000|  0%| F|  |TAMS 0x00000007e9600000, 0x00000007e9600000| Untracked 
|1687|0x00000007e9700000, 0x00000007e9700000, 0x00000007e9800000|  0%| F|  |TAMS 0x00000007e9700000, 0x00000007e9700000| Untracked 
|1688|0x00000007e9800000, 0x00000007e9800000, 0x00000007e9900000|  0%| F|  |TAMS 0x00000007e9800000, 0x00000007e9800000| Untracked 
|1689|0x00000007e9900000, 0x00000007e9900000, 0x00000007e9a00000|  0%| F|  |TAMS 0x00000007e9900000, 0x00000007e9900000| Untracked 
|1690|0x00000007e9a00000, 0x00000007e9a00000, 0x00000007e9b00000|  0%| F|  |TAMS 0x00000007e9a00000, 0x00000007e9a00000| Untracked 
|1691|0x00000007e9b00000, 0x00000007e9b00000, 0x00000007e9c00000|  0%| F|  |TAMS 0x00000007e9b00000, 0x00000007e9b00000| Untracked 
|1692|0x00000007e9c00000, 0x00000007e9c00000, 0x00000007e9d00000|  0%| F|  |TAMS 0x00000007e9c00000, 0x00000007e9c00000| Untracked 
|1693|0x00000007e9d00000, 0x00000007e9d00000, 0x00000007e9e00000|  0%| F|  |TAMS 0x00000007e9d00000, 0x00000007e9d00000| Untracked 
|1694|0x00000007e9e00000, 0x00000007e9e00000, 0x00000007e9f00000|  0%| F|  |TAMS 0x00000007e9e00000, 0x00000007e9e00000| Untracked 
|1695|0x00000007e9f00000, 0x00000007e9f00000, 0x00000007ea000000|  0%| F|  |TAMS 0x00000007e9f00000, 0x00000007e9f00000| Untracked 
|1696|0x00000007ea000000, 0x00000007ea000000, 0x00000007ea100000|  0%| F|  |TAMS 0x00000007ea000000, 0x00000007ea000000| Untracked 
|1697|0x00000007ea100000, 0x00000007ea100000, 0x00000007ea200000|  0%| F|  |TAMS 0x00000007ea100000, 0x00000007ea100000| Untracked 
|1698|0x00000007ea200000, 0x00000007ea2460d0, 0x00000007ea300000| 27%| S|CS|TAMS 0x00000007ea200000, 0x00000007ea200000| Complete 
|1699|0x00000007ea300000, 0x00000007ea400000, 0x00000007ea400000|100%| O|  |TAMS 0x00000007ea400000, 0x00000007ea300000| Updating 
|1700|0x00000007ea400000, 0x00000007ea500000, 0x00000007ea500000|100%| O|  |TAMS 0x00000007ea500000, 0x00000007ea400000| Updating 
|1701|0x00000007ea500000, 0x00000007ea600000, 0x00000007ea600000|100%| S|CS|TAMS 0x00000007ea500000, 0x00000007ea500000| Complete 
|1702|0x00000007ea600000, 0x00000007ea700000, 0x00000007ea700000|100%| S|CS|TAMS 0x00000007ea600000, 0x00000007ea600000| Complete 
|1703|0x00000007ea700000, 0x00000007ea800000, 0x00000007ea800000|100%| O|  |TAMS 0x00000007ea800000, 0x00000007ea700000| Updating 
|1704|0x00000007ea800000, 0x00000007ea900000, 0x00000007ea900000|100%| S|CS|TAMS 0x00000007ea800000, 0x00000007ea800000| Complete 
|1705|0x00000007ea900000, 0x00000007eaa00000, 0x00000007eaa00000|100%| O|  |TAMS 0x00000007eaa00000, 0x00000007ea900000| Updating 
|1706|0x00000007eaa00000, 0x00000007eab00000, 0x00000007eab00000|100%| O|  |TAMS 0x00000007eab00000, 0x00000007eaa00000| Updating 
|1707|0x00000007eab00000, 0x00000007eac00000, 0x00000007eac00000|100%| O|  |TAMS 0x00000007eac00000, 0x00000007eab00000| Updating 
|1708|0x00000007eac00000, 0x00000007ead00000, 0x00000007ead00000|100%| O|  |TAMS 0x00000007ead00000, 0x00000007eac00000| Updating 
|1709|0x00000007ead00000, 0x00000007eae00000, 0x00000007eae00000|100%| S|CS|TAMS 0x00000007ead00000, 0x00000007ead00000| Complete 
|1710|0x00000007eae00000, 0x00000007eaf00000, 0x00000007eaf00000|100%| O|  |TAMS 0x00000007eaf00000, 0x00000007eae00000| Updating 
|1711|0x00000007eaf00000, 0x00000007eb000000, 0x00000007eb000000|100%| O|  |TAMS 0x00000007eb000000, 0x00000007eaf00000| Updating 
|1712|0x00000007eb000000, 0x00000007eb000000, 0x00000007eb100000|  0%| F|  |TAMS 0x00000007eb000000, 0x00000007eb000000| Untracked 
|1713|0x00000007eb100000, 0x00000007eb200000, 0x00000007eb200000|100%| O|  |TAMS 0x00000007eb200000, 0x00000007eb100000| Updating 
|1714|0x00000007eb200000, 0x00000007eb300000, 0x00000007eb300000|100%| O|  |TAMS 0x00000007eb300000, 0x00000007eb200000| Updating 
|1715|0x00000007eb300000, 0x00000007eb400000, 0x00000007eb400000|100%| O|  |TAMS 0x00000007eb400000, 0x00000007eb300000| Updating 
|1716|0x00000007eb400000, 0x00000007eb500000, 0x00000007eb500000|100%| O|  |TAMS 0x00000007eb500000, 0x00000007eb400000| Updating 
|1717|0x00000007eb500000, 0x00000007eb600000, 0x00000007eb600000|100%| S|CS|TAMS 0x00000007eb500000, 0x00000007eb500000| Complete 
|1718|0x00000007eb600000, 0x00000007eb700000, 0x00000007eb700000|100%| S|CS|TAMS 0x00000007eb600000, 0x00000007eb600000| Complete 
|1719|0x00000007eb700000, 0x00000007eb800000, 0x00000007eb800000|100%| O|  |TAMS 0x00000007eb800000, 0x00000007eb700000| Updating 
|1720|0x00000007eb800000, 0x00000007eb900000, 0x00000007eb900000|100%| S|CS|TAMS 0x00000007eb800000, 0x00000007eb800000| Complete 
|1721|0x00000007eb900000, 0x00000007eba00000, 0x00000007eba00000|100%| O|  |TAMS 0x00000007eba00000, 0x00000007eb900000| Updating 
|1722|0x00000007eba00000, 0x00000007ebb00000, 0x00000007ebb00000|100%| O|  |TAMS 0x00000007ebb00000, 0x00000007eba00000| Updating 
|1723|0x00000007ebb00000, 0x00000007ebc00000, 0x00000007ebc00000|100%| O|  |TAMS 0x00000007ebc00000, 0x00000007ebb00000| Updating 
|1724|0x00000007ebc00000, 0x00000007ebd00000, 0x00000007ebd00000|100%| O|  |TAMS 0x00000007ebd00000, 0x00000007ebc00000| Updating 
|1725|0x00000007ebd00000, 0x00000007ebe00000, 0x00000007ebe00000|100%| O|  |TAMS 0x00000007ebe00000, 0x00000007ebd00000| Updating 
|1726|0x00000007ebe00000, 0x00000007ebf00000, 0x00000007ebf00000|100%| O|  |TAMS 0x00000007ebf00000, 0x00000007ebe00000| Updating 
|1727|0x00000007ebf00000, 0x00000007ec000000, 0x00000007ec000000|100%| S|CS|TAMS 0x00000007ebf00000, 0x00000007ebf00000| Complete 
|1728|0x00000007ec000000, 0x00000007ec100000, 0x00000007ec100000|100%| S|CS|TAMS 0x00000007ec000000, 0x00000007ec000000| Complete 
|1729|0x00000007ec100000, 0x00000007ec200000, 0x00000007ec200000|100%| S|CS|TAMS 0x00000007ec100000, 0x00000007ec100000| Complete 
|1730|0x00000007ec200000, 0x00000007ec300000, 0x00000007ec300000|100%| S|CS|TAMS 0x00000007ec200000, 0x00000007ec200000| Complete 
|1731|0x00000007ec300000, 0x00000007ec300000, 0x00000007ec400000|  0%| F|  |TAMS 0x00000007ec300000, 0x00000007ec300000| Untracked 
|1732|0x00000007ec400000, 0x00000007ec400000, 0x00000007ec500000|  0%| F|  |TAMS 0x00000007ec400000, 0x00000007ec400000| Untracked 
|1733|0x00000007ec500000, 0x00000007ec500000, 0x00000007ec600000|  0%| F|  |TAMS 0x00000007ec500000, 0x00000007ec500000| Untracked 
|1734|0x00000007ec600000, 0x00000007ec600000, 0x00000007ec700000|  0%| F|  |TAMS 0x00000007ec600000, 0x00000007ec600000| Untracked 
|1735|0x00000007ec700000, 0x00000007ec700000, 0x00000007ec800000|  0%| F|  |TAMS 0x00000007ec700000, 0x00000007ec700000| Untracked 
|1736|0x00000007ec800000, 0x00000007ec800000, 0x00000007ec900000|  0%| F|  |TAMS 0x00000007ec800000, 0x00000007ec800000| Untracked 
|1737|0x00000007ec900000, 0x00000007ec900000, 0x00000007eca00000|  0%| F|  |TAMS 0x00000007ec900000, 0x00000007ec900000| Untracked 
|1738|0x00000007eca00000, 0x00000007eca00000, 0x00000007ecb00000|  0%| F|  |TAMS 0x00000007eca00000, 0x00000007eca00000| Untracked 
|1739|0x00000007ecb00000, 0x00000007ecb00000, 0x00000007ecc00000|  0%| F|  |TAMS 0x00000007ecb00000, 0x00000007ecb00000| Untracked 
|1740|0x00000007ecc00000, 0x00000007ecc00000, 0x00000007ecd00000|  0%| F|  |TAMS 0x00000007ecc00000, 0x00000007ecc00000| Untracked 
|1741|0x00000007ecd00000, 0x00000007ecd00000, 0x00000007ece00000|  0%| F|  |TAMS 0x00000007ecd00000, 0x00000007ecd00000| Untracked 
|1742|0x00000007ece00000, 0x00000007ecf00000, 0x00000007ecf00000|100%| S|CS|TAMS 0x00000007ece00000, 0x00000007ece00000| Complete 
|1743|0x00000007ecf00000, 0x00000007ed000000, 0x00000007ed000000|100%| S|CS|TAMS 0x00000007ecf00000, 0x00000007ecf00000| Complete 
|1744|0x00000007ed000000, 0x00000007ed100000, 0x00000007ed100000|100%| S|CS|TAMS 0x00000007ed000000, 0x00000007ed000000| Complete 
|1745|0x00000007ed100000, 0x00000007ed200000, 0x00000007ed200000|100%| S|CS|TAMS 0x00000007ed100000, 0x00000007ed100000| Complete 
|1746|0x00000007ed200000, 0x00000007ed200000, 0x00000007ed300000|  0%| F|  |TAMS 0x00000007ed200000, 0x00000007ed200000| Untracked 
|1747|0x00000007ed300000, 0x00000007ed300000, 0x00000007ed400000|  0%| F|  |TAMS 0x00000007ed300000, 0x00000007ed300000| Untracked 
|1748|0x00000007ed400000, 0x00000007ed400000, 0x00000007ed500000|  0%| F|  |TAMS 0x00000007ed400000, 0x00000007ed400000| Untracked 
|1749|0x00000007ed500000, 0x00000007ed500000, 0x00000007ed600000|  0%| F|  |TAMS 0x00000007ed500000, 0x00000007ed500000| Untracked 
|1750|0x00000007ed600000, 0x00000007ed600000, 0x00000007ed700000|  0%| F|  |TAMS 0x00000007ed600000, 0x00000007ed600000| Untracked 
|1751|0x00000007ed700000, 0x00000007ed700000, 0x00000007ed800000|  0%| F|  |TAMS 0x00000007ed700000, 0x00000007ed700000| Untracked 
|1752|0x00000007ed800000, 0x00000007ed800000, 0x00000007ed900000|  0%| F|  |TAMS 0x00000007ed800000, 0x00000007ed800000| Untracked 
|1753|0x00000007ed900000, 0x00000007ed900000, 0x00000007eda00000|  0%| F|  |TAMS 0x00000007ed900000, 0x00000007ed900000| Untracked 
|1754|0x00000007eda00000, 0x00000007eda00000, 0x00000007edb00000|  0%| F|  |TAMS 0x00000007eda00000, 0x00000007eda00000| Untracked 
|1755|0x00000007edb00000, 0x00000007edb00000, 0x00000007edc00000|  0%| F|  |TAMS 0x00000007edb00000, 0x00000007edb00000| Untracked 
|1756|0x00000007edc00000, 0x00000007edc00000, 0x00000007edd00000|  0%| F|  |TAMS 0x00000007edc00000, 0x00000007edc00000| Untracked 
|1757|0x00000007edd00000, 0x00000007edd00000, 0x00000007ede00000|  0%| F|  |TAMS 0x00000007edd00000, 0x00000007edd00000| Untracked 
|1758|0x00000007ede00000, 0x00000007ede00000, 0x00000007edf00000|  0%| F|  |TAMS 0x00000007ede00000, 0x00000007ede00000| Untracked 
|1759|0x00000007edf00000, 0x00000007edf00000, 0x00000007ee000000|  0%| F|  |TAMS 0x00000007edf00000, 0x00000007edf00000| Untracked 
|1760|0x00000007ee000000, 0x00000007ee000000, 0x00000007ee100000|  0%| F|  |TAMS 0x00000007ee000000, 0x00000007ee000000| Untracked 
|1761|0x00000007ee100000, 0x00000007ee100000, 0x00000007ee200000|  0%| F|  |TAMS 0x00000007ee100000, 0x00000007ee100000| Untracked 
|1762|0x00000007ee200000, 0x00000007ee200000, 0x00000007ee300000|  0%| F|  |TAMS 0x00000007ee200000, 0x00000007ee200000| Untracked 
|1763|0x00000007ee300000, 0x00000007ee300000, 0x00000007ee400000|  0%| F|  |TAMS 0x00000007ee300000, 0x00000007ee300000| Untracked 
|1764|0x00000007ee400000, 0x00000007ee400000, 0x00000007ee500000|  0%| F|  |TAMS 0x00000007ee400000, 0x00000007ee400000| Untracked 
|1765|0x00000007ee500000, 0x00000007ee500000, 0x00000007ee600000|  0%| F|  |TAMS 0x00000007ee500000, 0x00000007ee500000| Untracked 
|1766|0x00000007ee600000, 0x00000007ee600000, 0x00000007ee700000|  0%| F|  |TAMS 0x00000007ee600000, 0x00000007ee600000| Untracked 
|1767|0x00000007ee700000, 0x00000007ee700000, 0x00000007ee800000|  0%| F|  |TAMS 0x00000007ee700000, 0x00000007ee700000| Untracked 
|1768|0x00000007ee800000, 0x00000007ee800000, 0x00000007ee900000|  0%| F|  |TAMS 0x00000007ee800000, 0x00000007ee800000| Untracked 
|1769|0x00000007ee900000, 0x00000007ee900000, 0x00000007eea00000|  0%| F|  |TAMS 0x00000007ee900000, 0x00000007ee900000| Untracked 
|1770|0x00000007eea00000, 0x00000007eea00000, 0x00000007eeb00000|  0%| F|  |TAMS 0x00000007eea00000, 0x00000007eea00000| Untracked 
|1771|0x00000007eeb00000, 0x00000007eeb00000, 0x00000007eec00000|  0%| F|  |TAMS 0x00000007eeb00000, 0x00000007eeb00000| Untracked 
|1772|0x00000007eec00000, 0x00000007eec00000, 0x00000007eed00000|  0%| F|  |TAMS 0x00000007eec00000, 0x00000007eec00000| Untracked 
|1773|0x00000007eed00000, 0x00000007eed00000, 0x00000007eee00000|  0%| F|  |TAMS 0x00000007eed00000, 0x00000007eed00000| Untracked 
|1774|0x00000007eee00000, 0x00000007eee00000, 0x00000007eef00000|  0%| F|  |TAMS 0x00000007eee00000, 0x00000007eee00000| Untracked 
|1775|0x00000007eef00000, 0x00000007eef00000, 0x00000007ef000000|  0%| F|  |TAMS 0x00000007eef00000, 0x00000007eef00000| Untracked 
|1776|0x00000007ef000000, 0x00000007ef000000, 0x00000007ef100000|  0%| F|  |TAMS 0x00000007ef000000, 0x00000007ef000000| Untracked 
|1777|0x00000007ef100000, 0x00000007ef100000, 0x00000007ef200000|  0%| F|  |TAMS 0x00000007ef100000, 0x00000007ef100000| Untracked 
|1778|0x00000007ef200000, 0x00000007ef300000, 0x00000007ef300000|100%| O|  |TAMS 0x00000007ef300000, 0x00000007ef200000| Updating 
|1779|0x00000007ef300000, 0x00000007ef400000, 0x00000007ef400000|100%| O|  |TAMS 0x00000007ef400000, 0x00000007ef300000| Untracked 
|1780|0x00000007ef400000, 0x00000007ef400000, 0x00000007ef500000|  0%| F|  |TAMS 0x00000007ef400000, 0x00000007ef400000| Untracked 
|1781|0x00000007ef500000, 0x00000007ef600000, 0x00000007ef600000|100%| O|  |TAMS 0x00000007ef600000, 0x00000007ef500000| Untracked 
|1782|0x00000007ef600000, 0x00000007ef700000, 0x00000007ef700000|100%| O|  |TAMS 0x00000007ef700000, 0x00000007ef600000| Untracked 
|1783|0x00000007ef700000, 0x00000007ef700000, 0x00000007ef800000|  0%| F|  |TAMS 0x00000007ef700000, 0x00000007ef700000| Untracked 
|1784|0x00000007ef800000, 0x00000007ef900000, 0x00000007ef900000|100%| O|  |TAMS 0x00000007ef900000, 0x00000007ef800000| Untracked 
|1785|0x00000007ef900000, 0x00000007ef900000, 0x00000007efa00000|  0%| F|  |TAMS 0x00000007ef900000, 0x00000007ef900000| Untracked 
|1786|0x00000007efa00000, 0x00000007efb00000, 0x00000007efb00000|100%| O|  |TAMS 0x00000007efb00000, 0x00000007efa00000| Untracked 
|1787|0x00000007efb00000, 0x00000007efb00000, 0x00000007efc00000|  0%| F|  |TAMS 0x00000007efb00000, 0x00000007efb00000| Untracked 
|1788|0x00000007efc00000, 0x00000007efc00000, 0x00000007efd00000|  0%| F|  |TAMS 0x00000007efc00000, 0x00000007efc00000| Untracked 
|1789|0x00000007efd00000, 0x00000007efd00000, 0x00000007efe00000|  0%| F|  |TAMS 0x00000007efd00000, 0x00000007efd00000| Untracked 
|1790|0x00000007efe00000, 0x00000007efe00000, 0x00000007eff00000|  0%| F|  |TAMS 0x00000007efe00000, 0x00000007efe00000| Untracked 
|1791|0x00000007eff00000, 0x00000007eff00000, 0x00000007f0000000|  0%| F|  |TAMS 0x00000007eff00000, 0x00000007eff00000| Untracked 
|1792|0x00000007f0000000, 0x00000007f0000000, 0x00000007f0100000|  0%| F|  |TAMS 0x00000007f0000000, 0x00000007f0000000| Untracked 
|1793|0x00000007f0100000, 0x00000007f0200000, 0x00000007f0200000|100%| O|  |TAMS 0x00000007f0200000, 0x00000007f0100000| Untracked 
|1794|0x00000007f0200000, 0x00000007f0200000, 0x00000007f0300000|  0%| F|  |TAMS 0x00000007f0200000, 0x00000007f0200000| Untracked 
|1795|0x00000007f0300000, 0x00000007f0400000, 0x00000007f0400000|100%| O|  |TAMS 0x00000007f0400000, 0x00000007f0300000| Untracked 
|1796|0x00000007f0400000, 0x00000007f0400000, 0x00000007f0500000|  0%| F|  |TAMS 0x00000007f0400000, 0x00000007f0400000| Untracked 
|1797|0x00000007f0500000, 0x00000007f0500000, 0x00000007f0600000|  0%| F|  |TAMS 0x00000007f0500000, 0x00000007f0500000| Untracked 
|1798|0x00000007f0600000, 0x00000007f0600000, 0x00000007f0700000|  0%| F|  |TAMS 0x00000007f0600000, 0x00000007f0600000| Untracked 
|1799|0x00000007f0700000, 0x00000007f0700000, 0x00000007f0800000|  0%| F|  |TAMS 0x00000007f0700000, 0x00000007f0700000| Untracked 
|1800|0x00000007f0800000, 0x00000007f0800000, 0x00000007f0900000|  0%| F|  |TAMS 0x00000007f0800000, 0x00000007f0800000| Untracked 
|1801|0x00000007f0900000, 0x00000007f0900000, 0x00000007f0a00000|  0%| F|  |TAMS 0x00000007f0900000, 0x00000007f0900000| Untracked 
|1802|0x00000007f0a00000, 0x00000007f0a00000, 0x00000007f0b00000|  0%| F|  |TAMS 0x00000007f0a00000, 0x00000007f0a00000| Untracked 
|1803|0x00000007f0b00000, 0x00000007f0b00000, 0x00000007f0c00000|  0%| F|  |TAMS 0x00000007f0b00000, 0x00000007f0b00000| Untracked 
|1804|0x00000007f0c00000, 0x00000007f0c00000, 0x00000007f0d00000|  0%| F|  |TAMS 0x00000007f0c00000, 0x00000007f0c00000| Untracked 
|1805|0x00000007f0d00000, 0x00000007f0d00000, 0x00000007f0e00000|  0%| F|  |TAMS 0x00000007f0d00000, 0x00000007f0d00000| Untracked 
|1806|0x00000007f0e00000, 0x00000007f0e00000, 0x00000007f0f00000|  0%| F|  |TAMS 0x00000007f0e00000, 0x00000007f0e00000| Untracked 
|1807|0x00000007f0f00000, 0x00000007f0f00000, 0x00000007f1000000|  0%| F|  |TAMS 0x00000007f0f00000, 0x00000007f0f00000| Untracked 
|1808|0x00000007f1000000, 0x00000007f1000000, 0x00000007f1100000|  0%| F|  |TAMS 0x00000007f1000000, 0x00000007f1000000| Untracked 
|1809|0x00000007f1100000, 0x00000007f1200000, 0x00000007f1200000|100%| O|  |TAMS 0x00000007f1200000, 0x00000007f1100000| Updating 
|1810|0x00000007f1200000, 0x00000007f1300000, 0x00000007f1300000|100%| O|  |TAMS 0x00000007f1300000, 0x00000007f1200000| Updating 
|1811|0x00000007f1300000, 0x00000007f1400000, 0x00000007f1400000|100%| O|  |TAMS 0x00000007f1400000, 0x00000007f1300000| Updating 
|1812|0x00000007f1400000, 0x00000007f1400000, 0x00000007f1500000|  0%| F|  |TAMS 0x00000007f1400000, 0x00000007f1400000| Untracked 
|1813|0x00000007f1500000, 0x00000007f1600000, 0x00000007f1600000|100%| O|  |TAMS 0x00000007f1600000, 0x00000007f1500000| Updating 
|1814|0x00000007f1600000, 0x00000007f1700000, 0x00000007f1700000|100%| O|  |TAMS 0x00000007f1700000, 0x00000007f1600000| Updating 
|1815|0x00000007f1700000, 0x00000007f1800000, 0x00000007f1800000|100%| O|  |TAMS 0x00000007f1800000, 0x00000007f1700000| Updating 
|1816|0x00000007f1800000, 0x00000007f1900000, 0x00000007f1900000|100%| O|  |TAMS 0x00000007f1900000, 0x00000007f1800000| Updating 
|1817|0x00000007f1900000, 0x00000007f1a00000, 0x00000007f1a00000|100%| O|  |TAMS 0x00000007f1a00000, 0x00000007f1900000| Updating 
|1818|0x00000007f1a00000, 0x00000007f1b00000, 0x00000007f1b00000|100%| O|  |TAMS 0x00000007f1b00000, 0x00000007f1a00000| Updating 
|1819|0x00000007f1b00000, 0x00000007f1c00000, 0x00000007f1c00000|100%| O|  |TAMS 0x00000007f1c00000, 0x00000007f1b00000| Updating 
|1820|0x00000007f1c00000, 0x00000007f1d00000, 0x00000007f1d00000|100%| O|  |TAMS 0x00000007f1d00000, 0x00000007f1c00000| Updating 
|1821|0x00000007f1d00000, 0x00000007f1e00000, 0x00000007f1e00000|100%| O|  |TAMS 0x00000007f1e00000, 0x00000007f1d00000| Updating 
|1822|0x00000007f1e00000, 0x00000007f1f00000, 0x00000007f1f00000|100%| O|  |TAMS 0x00000007f1f00000, 0x00000007f1e00000| Updating 
|1823|0x00000007f1f00000, 0x00000007f2000000, 0x00000007f2000000|100%| O|  |TAMS 0x00000007f2000000, 0x00000007f1f00000| Updating 
|1824|0x00000007f2000000, 0x00000007f2100000, 0x00000007f2100000|100%| O|  |TAMS 0x00000007f2100000, 0x00000007f2000000| Updating 
|1825|0x00000007f2100000, 0x00000007f2200000, 0x00000007f2200000|100%| O|  |TAMS 0x00000007f2200000, 0x00000007f2100000| Updating 
|1826|0x00000007f2200000, 0x00000007f2300000, 0x00000007f2300000|100%| O|  |TAMS 0x00000007f2300000, 0x00000007f2200000| Updating 
|1827|0x00000007f2300000, 0x00000007f2400000, 0x00000007f2400000|100%| O|  |TAMS 0x00000007f2400000, 0x00000007f2300000| Updating 
|1828|0x00000007f2400000, 0x00000007f2500000, 0x00000007f2500000|100%| O|  |TAMS 0x00000007f2500000, 0x00000007f2400000| Updating 
|1829|0x00000007f2500000, 0x00000007f2600000, 0x00000007f2600000|100%| O|  |TAMS 0x00000007f2600000, 0x00000007f2500000| Updating 
|1830|0x00000007f2600000, 0x00000007f2700000, 0x00000007f2700000|100%| O|  |TAMS 0x00000007f2700000, 0x00000007f2600000| Updating 
|1831|0x00000007f2700000, 0x00000007f2800000, 0x00000007f2800000|100%| O|  |TAMS 0x00000007f2800000, 0x00000007f2700000| Updating 
|1832|0x00000007f2800000, 0x00000007f2900000, 0x00000007f2900000|100%| O|  |TAMS 0x00000007f2900000, 0x00000007f2800000| Updating 
|1833|0x00000007f2900000, 0x00000007f2a00000, 0x00000007f2a00000|100%| O|  |TAMS 0x00000007f2a00000, 0x00000007f2900000| Updating 
|1834|0x00000007f2a00000, 0x00000007f2b00000, 0x00000007f2b00000|100%| O|  |TAMS 0x00000007f2b00000, 0x00000007f2a00000| Updating 
|1835|0x00000007f2b00000, 0x00000007f2c00000, 0x00000007f2c00000|100%| O|  |TAMS 0x00000007f2c00000, 0x00000007f2b00000| Updating 
|1836|0x00000007f2c00000, 0x00000007f2d00000, 0x00000007f2d00000|100%| O|  |TAMS 0x00000007f2d00000, 0x00000007f2c00000| Updating 
|1837|0x00000007f2d00000, 0x00000007f2e00000, 0x00000007f2e00000|100%| O|  |TAMS 0x00000007f2e00000, 0x00000007f2d00000| Updating 
|1838|0x00000007f2e00000, 0x00000007f2f00000, 0x00000007f2f00000|100%|HS|  |TAMS 0x00000007f2e00000, 0x00000007f2e00000| Complete 
|1839|0x00000007f2f00000, 0x00000007f3000000, 0x00000007f3000000|100%|HC|  |TAMS 0x00000007f2f00000, 0x00000007f2f00000| Complete 
|1840|0x00000007f3000000, 0x00000007f3100000, 0x00000007f3100000|100%|HC|  |TAMS 0x00000007f3000000, 0x00000007f3000000| Complete 
|1841|0x00000007f3100000, 0x00000007f3200000, 0x00000007f3200000|100%|HC|  |TAMS 0x00000007f3100000, 0x00000007f3100000| Complete 
|1842|0x00000007f3200000, 0x00000007f3300000, 0x00000007f3300000|100%|HC|  |TAMS 0x00000007f3200000, 0x00000007f3200000| Complete 
|1843|0x00000007f3300000, 0x00000007f3400000, 0x00000007f3400000|100%|HC|  |TAMS 0x00000007f3300000, 0x00000007f3300000| Complete 
|1844|0x00000007f3400000, 0x00000007f3500000, 0x00000007f3500000|100%|HC|  |TAMS 0x00000007f3400000, 0x00000007f3400000| Complete 
|1845|0x00000007f3500000, 0x00000007f3600000, 0x00000007f3600000|100%|HC|  |TAMS 0x00000007f3500000, 0x00000007f3500000| Complete 
|1846|0x00000007f3600000, 0x00000007f3700000, 0x00000007f3700000|100%|HC|  |TAMS 0x00000007f3600000, 0x00000007f3600000| Complete 
|1847|0x00000007f3700000, 0x00000007f3800000, 0x00000007f3800000|100%|HC|  |TAMS 0x00000007f3700000, 0x00000007f3700000| Complete 
|1848|0x00000007f3800000, 0x00000007f3900000, 0x00000007f3900000|100%|HC|  |TAMS 0x00000007f3800000, 0x00000007f3800000| Complete 
|1849|0x00000007f3900000, 0x00000007f3a00000, 0x00000007f3a00000|100%|HC|  |TAMS 0x00000007f3900000, 0x00000007f3900000| Complete 
|1850|0x00000007f3a00000, 0x00000007f3b00000, 0x00000007f3b00000|100%|HC|  |TAMS 0x00000007f3a00000, 0x00000007f3a00000| Complete 
|1851|0x00000007f3b00000, 0x00000007f3c00000, 0x00000007f3c00000|100%|HC|  |TAMS 0x00000007f3b00000, 0x00000007f3b00000| Complete 
|1852|0x00000007f3c00000, 0x00000007f3d00000, 0x00000007f3d00000|100%|HC|  |TAMS 0x00000007f3c00000, 0x00000007f3c00000| Complete 
|1853|0x00000007f3d00000, 0x00000007f3e00000, 0x00000007f3e00000|100%|HC|  |TAMS 0x00000007f3d00000, 0x00000007f3d00000| Complete 
|1854|0x00000007f3e00000, 0x00000007f3f00000, 0x00000007f3f00000|100%|HC|  |TAMS 0x00000007f3e00000, 0x00000007f3e00000| Complete 
|1855|0x00000007f3f00000, 0x00000007f4000000, 0x00000007f4000000|100%|HC|  |TAMS 0x00000007f3f00000, 0x00000007f3f00000| Complete 
|1856|0x00000007f4000000, 0x00000007f4100000, 0x00000007f4100000|100%|HC|  |TAMS 0x00000007f4000000, 0x00000007f4000000| Complete 
|1857|0x00000007f4100000, 0x00000007f4200000, 0x00000007f4200000|100%|HC|  |TAMS 0x00000007f4100000, 0x00000007f4100000| Complete 
|1858|0x00000007f4200000, 0x00000007f4300000, 0x00000007f4300000|100%|HC|  |TAMS 0x00000007f4200000, 0x00000007f4200000| Complete 
|1859|0x00000007f4300000, 0x00000007f4400000, 0x00000007f4400000|100%|HC|  |TAMS 0x00000007f4300000, 0x00000007f4300000| Complete 
|1860|0x00000007f4400000, 0x00000007f4500000, 0x00000007f4500000|100%|HC|  |TAMS 0x00000007f4400000, 0x00000007f4400000| Complete 
|1861|0x00000007f4500000, 0x00000007f4600000, 0x00000007f4600000|100%|HC|  |TAMS 0x00000007f4500000, 0x00000007f4500000| Complete 
|1862|0x00000007f4600000, 0x00000007f4700000, 0x00000007f4700000|100%|HC|  |TAMS 0x00000007f4600000, 0x00000007f4600000| Complete 
|1863|0x00000007f4700000, 0x00000007f4800000, 0x00000007f4800000|100%|HC|  |TAMS 0x00000007f4700000, 0x00000007f4700000| Complete 
|1864|0x00000007f4800000, 0x00000007f4900000, 0x00000007f4900000|100%|HC|  |TAMS 0x00000007f4800000, 0x00000007f4800000| Complete 
|1865|0x00000007f4900000, 0x00000007f4a00000, 0x00000007f4a00000|100%|HC|  |TAMS 0x00000007f4900000, 0x00000007f4900000| Complete 
|1866|0x00000007f4a00000, 0x00000007f4b00000, 0x00000007f4b00000|100%|HC|  |TAMS 0x00000007f4a00000, 0x00000007f4a00000| Complete 
|1867|0x00000007f4b00000, 0x00000007f4c00000, 0x00000007f4c00000|100%|HC|  |TAMS 0x00000007f4b00000, 0x00000007f4b00000| Complete 
|1868|0x00000007f4c00000, 0x00000007f4d00000, 0x00000007f4d00000|100%|HC|  |TAMS 0x00000007f4c00000, 0x00000007f4c00000| Complete 
|1869|0x00000007f4d00000, 0x00000007f4e00000, 0x00000007f4e00000|100%|HC|  |TAMS 0x00000007f4d00000, 0x00000007f4d00000| Complete 
|1870|0x00000007f4e00000, 0x00000007f4f00000, 0x00000007f4f00000|100%|HC|  |TAMS 0x00000007f4e00000, 0x00000007f4e00000| Complete 
|1871|0x00000007f4f00000, 0x00000007f5000000, 0x00000007f5000000|100%|HC|  |TAMS 0x00000007f4f00000, 0x00000007f4f00000| Complete 
|1872|0x00000007f5000000, 0x00000007f5100000, 0x00000007f5100000|100%|HC|  |TAMS 0x00000007f5000000, 0x00000007f5000000| Complete 
|1873|0x00000007f5100000, 0x00000007f5200000, 0x00000007f5200000|100%|HC|  |TAMS 0x00000007f5100000, 0x00000007f5100000| Complete 
|1874|0x00000007f5200000, 0x00000007f5300000, 0x00000007f5300000|100%|HC|  |TAMS 0x00000007f5200000, 0x00000007f5200000| Complete 
|1875|0x00000007f5300000, 0x00000007f5400000, 0x00000007f5400000|100%|HC|  |TAMS 0x00000007f5300000, 0x00000007f5300000| Complete 
|1876|0x00000007f5400000, 0x00000007f5500000, 0x00000007f5500000|100%|HC|  |TAMS 0x00000007f5400000, 0x00000007f5400000| Complete 
|1877|0x00000007f5500000, 0x00000007f5600000, 0x00000007f5600000|100%|HC|  |TAMS 0x00000007f5500000, 0x00000007f5500000| Complete 
|1878|0x00000007f5600000, 0x00000007f5700000, 0x00000007f5700000|100%|HC|  |TAMS 0x00000007f5600000, 0x00000007f5600000| Complete 
|1879|0x00000007f5700000, 0x00000007f5800000, 0x00000007f5800000|100%|HC|  |TAMS 0x00000007f5700000, 0x00000007f5700000| Complete 
|1880|0x00000007f5800000, 0x00000007f5900000, 0x00000007f5900000|100%|HC|  |TAMS 0x00000007f5800000, 0x00000007f5800000| Complete 
|1881|0x00000007f5900000, 0x00000007f5a00000, 0x00000007f5a00000|100%|HC|  |TAMS 0x00000007f5900000, 0x00000007f5900000| Complete 
|1882|0x00000007f5a00000, 0x00000007f5b00000, 0x00000007f5b00000|100%|HC|  |TAMS 0x00000007f5a00000, 0x00000007f5a00000| Complete 
|1883|0x00000007f5b00000, 0x00000007f5c00000, 0x00000007f5c00000|100%|HC|  |TAMS 0x00000007f5b00000, 0x00000007f5b00000| Complete 
|1884|0x00000007f5c00000, 0x00000007f5d00000, 0x00000007f5d00000|100%|HC|  |TAMS 0x00000007f5c00000, 0x00000007f5c00000| Complete 
|1885|0x00000007f5d00000, 0x00000007f5e00000, 0x00000007f5e00000|100%|HC|  |TAMS 0x00000007f5d00000, 0x00000007f5d00000| Complete 
|1886|0x00000007f5e00000, 0x00000007f5f00000, 0x00000007f5f00000|100%|HC|  |TAMS 0x00000007f5e00000, 0x00000007f5e00000| Complete 
|1887|0x00000007f5f00000, 0x00000007f6000000, 0x00000007f6000000|100%|HC|  |TAMS 0x00000007f5f00000, 0x00000007f5f00000| Complete 
|1888|0x00000007f6000000, 0x00000007f6100000, 0x00000007f6100000|100%|HC|  |TAMS 0x00000007f6000000, 0x00000007f6000000| Complete 
|1889|0x00000007f6100000, 0x00000007f6200000, 0x00000007f6200000|100%|HC|  |TAMS 0x00000007f6100000, 0x00000007f6100000| Complete 
|1890|0x00000007f6200000, 0x00000007f6300000, 0x00000007f6300000|100%|HC|  |TAMS 0x00000007f6200000, 0x00000007f6200000| Complete 
|1891|0x00000007f6300000, 0x00000007f6400000, 0x00000007f6400000|100%|HC|  |TAMS 0x00000007f6300000, 0x00000007f6300000| Complete 
|1892|0x00000007f6400000, 0x00000007f6500000, 0x00000007f6500000|100%|HC|  |TAMS 0x00000007f6400000, 0x00000007f6400000| Complete 
|1893|0x00000007f6500000, 0x00000007f6600000, 0x00000007f6600000|100%|HC|  |TAMS 0x00000007f6500000, 0x00000007f6500000| Complete 
|1894|0x00000007f6600000, 0x00000007f6700000, 0x00000007f6700000|100%|HC|  |TAMS 0x00000007f6600000, 0x00000007f6600000| Complete 
|1895|0x00000007f6700000, 0x00000007f6800000, 0x00000007f6800000|100%|HC|  |TAMS 0x00000007f6700000, 0x00000007f6700000| Complete 
|1896|0x00000007f6800000, 0x00000007f6900000, 0x00000007f6900000|100%|HC|  |TAMS 0x00000007f6800000, 0x00000007f6800000| Complete 
|1897|0x00000007f6900000, 0x00000007f6a00000, 0x00000007f6a00000|100%|HC|  |TAMS 0x00000007f6900000, 0x00000007f6900000| Complete 
|1898|0x00000007f6a00000, 0x00000007f6b00000, 0x00000007f6b00000|100%|HC|  |TAMS 0x00000007f6a00000, 0x00000007f6a00000| Complete 
|1899|0x00000007f6b00000, 0x00000007f6c00000, 0x00000007f6c00000|100%|HC|  |TAMS 0x00000007f6b00000, 0x00000007f6b00000| Complete 
|1900|0x00000007f6c00000, 0x00000007f6d00000, 0x00000007f6d00000|100%|HC|  |TAMS 0x00000007f6c00000, 0x00000007f6c00000| Complete 
|1901|0x00000007f6d00000, 0x00000007f6e00000, 0x00000007f6e00000|100%|HC|  |TAMS 0x00000007f6d00000, 0x00000007f6d00000| Complete 
|1902|0x00000007f6e00000, 0x00000007f6f00000, 0x00000007f6f00000|100%|HC|  |TAMS 0x00000007f6e00000, 0x00000007f6e00000| Complete 
|1903|0x00000007f6f00000, 0x00000007f6f00000, 0x00000007f7000000|  0%| F|  |TAMS 0x00000007f6f00000, 0x00000007f6f00000| Untracked 
|1904|0x00000007f7000000, 0x00000007f7000000, 0x00000007f7100000|  0%| F|  |TAMS 0x00000007f7000000, 0x00000007f7000000| Untracked 
|1905|0x00000007f7100000, 0x00000007f7100000, 0x00000007f7200000|  0%| F|  |TAMS 0x00000007f7100000, 0x00000007f7100000| Untracked 
|1906|0x00000007f7200000, 0x00000007f7200000, 0x00000007f7300000|  0%| F|  |TAMS 0x00000007f7200000, 0x00000007f7200000| Untracked 
|1907|0x00000007f7300000, 0x00000007f7300000, 0x00000007f7400000|  0%| F|  |TAMS 0x00000007f7300000, 0x00000007f7300000| Untracked 
|1908|0x00000007f7400000, 0x00000007f7400000, 0x00000007f7500000|  0%| F|  |TAMS 0x00000007f7400000, 0x00000007f7400000| Untracked 
|1909|0x00000007f7500000, 0x00000007f7500000, 0x00000007f7600000|  0%| F|  |TAMS 0x00000007f7500000, 0x00000007f7500000| Untracked 
|1910|0x00000007f7600000, 0x00000007f7600000, 0x00000007f7700000|  0%| F|  |TAMS 0x00000007f7600000, 0x00000007f7600000| Untracked 
|1911|0x00000007f7700000, 0x00000007f7700000, 0x00000007f7800000|  0%| F|  |TAMS 0x00000007f7700000, 0x00000007f7700000| Untracked 
|1912|0x00000007f7800000, 0x00000007f7800000, 0x00000007f7900000|  0%| F|  |TAMS 0x00000007f7800000, 0x00000007f7800000| Untracked 
|1913|0x00000007f7900000, 0x00000007f7900000, 0x00000007f7a00000|  0%| F|  |TAMS 0x00000007f7900000, 0x00000007f7900000| Untracked 
|1914|0x00000007f7a00000, 0x00000007f7a00000, 0x00000007f7b00000|  0%| F|  |TAMS 0x00000007f7a00000, 0x00000007f7a00000| Untracked 
|1915|0x00000007f7b00000, 0x00000007f7b00000, 0x00000007f7c00000|  0%| F|  |TAMS 0x00000007f7b00000, 0x00000007f7b00000| Untracked 
|1916|0x00000007f7c00000, 0x00000007f7c00000, 0x00000007f7d00000|  0%| F|  |TAMS 0x00000007f7c00000, 0x00000007f7c00000| Untracked 
|1917|0x00000007f7d00000, 0x00000007f7d00000, 0x00000007f7e00000|  0%| F|  |TAMS 0x00000007f7d00000, 0x00000007f7d00000| Untracked 
|1918|0x00000007f7e00000, 0x00000007f7e00000, 0x00000007f7f00000|  0%| F|  |TAMS 0x00000007f7e00000, 0x00000007f7e00000| Untracked 
|1919|0x00000007f7f00000, 0x00000007f7f00000, 0x00000007f8000000|  0%| F|  |TAMS 0x00000007f7f00000, 0x00000007f7f00000| Untracked 
|1920|0x00000007f8000000, 0x00000007f8000000, 0x00000007f8100000|  0%| F|  |TAMS 0x00000007f8000000, 0x00000007f8000000| Untracked 
|1921|0x00000007f8100000, 0x00000007f8100000, 0x00000007f8200000|  0%| F|  |TAMS 0x00000007f8100000, 0x00000007f8100000| Untracked 
|1922|0x00000007f8200000, 0x00000007f8200000, 0x00000007f8300000|  0%| F|  |TAMS 0x00000007f8200000, 0x00000007f8200000| Untracked 
|1923|0x00000007f8300000, 0x00000007f8300000, 0x00000007f8400000|  0%| F|  |TAMS 0x00000007f8300000, 0x00000007f8300000| Untracked 
|1924|0x00000007f8400000, 0x00000007f8400000, 0x00000007f8500000|  0%| F|  |TAMS 0x00000007f8400000, 0x00000007f8400000| Untracked 
|1925|0x00000007f8500000, 0x00000007f8500000, 0x00000007f8600000|  0%| F|  |TAMS 0x00000007f8500000, 0x00000007f8500000| Untracked 
|1926|0x00000007f8600000, 0x00000007f8600000, 0x00000007f8700000|  0%| F|  |TAMS 0x00000007f8600000, 0x00000007f8600000| Untracked 
|1927|0x00000007f8700000, 0x00000007f8700000, 0x00000007f8800000|  0%| F|  |TAMS 0x00000007f8700000, 0x00000007f8700000| Untracked 
|1928|0x00000007f8800000, 0x00000007f8800000, 0x00000007f8900000|  0%| F|  |TAMS 0x00000007f8800000, 0x00000007f8800000| Untracked 
|1929|0x00000007f8900000, 0x00000007f8900000, 0x00000007f8a00000|  0%| F|  |TAMS 0x00000007f8900000, 0x00000007f8900000| Untracked 
|1930|0x00000007f8a00000, 0x00000007f8a00000, 0x00000007f8b00000|  0%| F|  |TAMS 0x00000007f8a00000, 0x00000007f8a00000| Untracked 
|1931|0x00000007f8b00000, 0x00000007f8b00000, 0x00000007f8c00000|  0%| F|  |TAMS 0x00000007f8b00000, 0x00000007f8b00000| Untracked 
|1932|0x00000007f8c00000, 0x00000007f8c00000, 0x00000007f8d00000|  0%| F|  |TAMS 0x00000007f8c00000, 0x00000007f8c00000| Untracked 
|1933|0x00000007f8d00000, 0x00000007f8d00000, 0x00000007f8e00000|  0%| F|  |TAMS 0x00000007f8d00000, 0x00000007f8d00000| Untracked 
|1934|0x00000007f8e00000, 0x00000007f8e00000, 0x00000007f8f00000|  0%| F|  |TAMS 0x00000007f8e00000, 0x00000007f8e00000| Untracked 
|1935|0x00000007f8f00000, 0x00000007f8f00000, 0x00000007f9000000|  0%| F|  |TAMS 0x00000007f8f00000, 0x00000007f8f00000| Untracked 
|1936|0x00000007f9000000, 0x00000007f9000000, 0x00000007f9100000|  0%| F|  |TAMS 0x00000007f9000000, 0x00000007f9000000| Untracked 
|1937|0x00000007f9100000, 0x00000007f9100000, 0x00000007f9200000|  0%| F|  |TAMS 0x00000007f9100000, 0x00000007f9100000| Untracked 
|1938|0x00000007f9200000, 0x00000007f9200000, 0x00000007f9300000|  0%| F|  |TAMS 0x00000007f9200000, 0x00000007f9200000| Untracked 
|1939|0x00000007f9300000, 0x00000007f9300000, 0x00000007f9400000|  0%| F|  |TAMS 0x00000007f9300000, 0x00000007f9300000| Untracked 
|1940|0x00000007f9400000, 0x00000007f9400000, 0x00000007f9500000|  0%| F|  |TAMS 0x00000007f9400000, 0x00000007f9400000| Untracked 
|1941|0x00000007f9500000, 0x00000007f9500000, 0x00000007f9600000|  0%| F|  |TAMS 0x00000007f9500000, 0x00000007f9500000| Untracked 
|1942|0x00000007f9600000, 0x00000007f9600000, 0x00000007f9700000|  0%| F|  |TAMS 0x00000007f9600000, 0x00000007f9600000| Untracked 
|1943|0x00000007f9700000, 0x00000007f9700000, 0x00000007f9800000|  0%| F|  |TAMS 0x00000007f9700000, 0x00000007f9700000| Untracked 
|1944|0x00000007f9800000, 0x00000007f9800000, 0x00000007f9900000|  0%| F|  |TAMS 0x00000007f9800000, 0x00000007f9800000| Untracked 
|1945|0x00000007f9900000, 0x00000007f9900000, 0x00000007f9a00000|  0%| F|  |TAMS 0x00000007f9900000, 0x00000007f9900000| Untracked 
|1946|0x00000007f9a00000, 0x00000007f9a00000, 0x00000007f9b00000|  0%| F|  |TAMS 0x00000007f9a00000, 0x00000007f9a00000| Untracked 
|1947|0x00000007f9b00000, 0x00000007f9b00000, 0x00000007f9c00000|  0%| F|  |TAMS 0x00000007f9b00000, 0x00000007f9b00000| Untracked 
|1948|0x00000007f9c00000, 0x00000007f9c00000, 0x00000007f9d00000|  0%| F|  |TAMS 0x00000007f9c00000, 0x00000007f9c00000| Untracked 
|1949|0x00000007f9d00000, 0x00000007f9d00000, 0x00000007f9e00000|  0%| F|  |TAMS 0x00000007f9d00000, 0x00000007f9d00000| Untracked 
|1950|0x00000007f9e00000, 0x00000007f9e00000, 0x00000007f9f00000|  0%| F|  |TAMS 0x00000007f9e00000, 0x00000007f9e00000| Untracked 
|1951|0x00000007f9f00000, 0x00000007f9f00000, 0x00000007fa000000|  0%| F|  |TAMS 0x00000007f9f00000, 0x00000007f9f00000| Untracked 
|1952|0x00000007fa000000, 0x00000007fa000000, 0x00000007fa100000|  0%| F|  |TAMS 0x00000007fa000000, 0x00000007fa000000| Untracked 
|1953|0x00000007fa100000, 0x00000007fa100000, 0x00000007fa200000|  0%| F|  |TAMS 0x00000007fa100000, 0x00000007fa100000| Untracked 
|1954|0x00000007fa200000, 0x00000007fa200000, 0x00000007fa300000|  0%| F|  |TAMS 0x00000007fa200000, 0x00000007fa200000| Untracked 
|1955|0x00000007fa300000, 0x00000007fa300000, 0x00000007fa400000|  0%| F|  |TAMS 0x00000007fa300000, 0x00000007fa300000| Untracked 
|1956|0x00000007fa400000, 0x00000007fa400000, 0x00000007fa500000|  0%| F|  |TAMS 0x00000007fa400000, 0x00000007fa400000| Untracked 
|1957|0x00000007fa500000, 0x00000007fa500000, 0x00000007fa600000|  0%| F|  |TAMS 0x00000007fa500000, 0x00000007fa500000| Untracked 
|1958|0x00000007fa600000, 0x00000007fa600000, 0x00000007fa700000|  0%| F|  |TAMS 0x00000007fa600000, 0x00000007fa600000| Untracked 
|1959|0x00000007fa700000, 0x00000007fa700000, 0x00000007fa800000|  0%| F|  |TAMS 0x00000007fa700000, 0x00000007fa700000| Untracked 
|1960|0x00000007fa800000, 0x00000007fa800000, 0x00000007fa900000|  0%| F|  |TAMS 0x00000007fa800000, 0x00000007fa800000| Untracked 
|1961|0x00000007fa900000, 0x00000007fa900000, 0x00000007faa00000|  0%| F|  |TAMS 0x00000007fa900000, 0x00000007fa900000| Untracked 
|1962|0x00000007faa00000, 0x00000007faa00000, 0x00000007fab00000|  0%| F|  |TAMS 0x00000007faa00000, 0x00000007faa00000| Untracked 
|1963|0x00000007fab00000, 0x00000007fab00000, 0x00000007fac00000|  0%| F|  |TAMS 0x00000007fab00000, 0x00000007fab00000| Untracked 
|1964|0x00000007fac00000, 0x00000007fac00000, 0x00000007fad00000|  0%| F|  |TAMS 0x00000007fac00000, 0x00000007fac00000| Untracked 
|1965|0x00000007fad00000, 0x00000007fad00000, 0x00000007fae00000|  0%| F|  |TAMS 0x00000007fad00000, 0x00000007fad00000| Untracked 
|1966|0x00000007fae00000, 0x00000007fae00000, 0x00000007faf00000|  0%| F|  |TAMS 0x00000007fae00000, 0x00000007fae00000| Untracked 
|1967|0x00000007faf00000, 0x00000007faf00000, 0x00000007fb000000|  0%| F|  |TAMS 0x00000007faf00000, 0x00000007faf00000| Untracked 
|1968|0x00000007fb000000, 0x00000007fb000000, 0x00000007fb100000|  0%| F|  |TAMS 0x00000007fb000000, 0x00000007fb000000| Untracked 
|1969|0x00000007fb100000, 0x00000007fb100000, 0x00000007fb200000|  0%| F|  |TAMS 0x00000007fb100000, 0x00000007fb100000| Untracked 
|1970|0x00000007fb200000, 0x00000007fb200000, 0x00000007fb300000|  0%| F|  |TAMS 0x00000007fb200000, 0x00000007fb200000| Untracked 
|1971|0x00000007fb300000, 0x00000007fb300000, 0x00000007fb400000|  0%| F|  |TAMS 0x00000007fb300000, 0x00000007fb300000| Untracked 
|1972|0x00000007fb400000, 0x00000007fb400000, 0x00000007fb500000|  0%| F|  |TAMS 0x00000007fb400000, 0x00000007fb400000| Untracked 
|1973|0x00000007fb500000, 0x00000007fb500000, 0x00000007fb600000|  0%| F|  |TAMS 0x00000007fb500000, 0x00000007fb500000| Untracked 
|1974|0x00000007fb600000, 0x00000007fb600000, 0x00000007fb700000|  0%| F|  |TAMS 0x00000007fb600000, 0x00000007fb600000| Untracked 
|1975|0x00000007fb700000, 0x00000007fb700000, 0x00000007fb800000|  0%| F|  |TAMS 0x00000007fb700000, 0x00000007fb700000| Untracked 
|1976|0x00000007fb800000, 0x00000007fb800000, 0x00000007fb900000|  0%| F|  |TAMS 0x00000007fb800000, 0x00000007fb800000| Untracked 
|1977|0x00000007fb900000, 0x00000007fb900000, 0x00000007fba00000|  0%| F|  |TAMS 0x00000007fb900000, 0x00000007fb900000| Untracked 
|1978|0x00000007fba00000, 0x00000007fba00000, 0x00000007fbb00000|  0%| F|  |TAMS 0x00000007fba00000, 0x00000007fba00000| Untracked 
|1979|0x00000007fbb00000, 0x00000007fbb00000, 0x00000007fbc00000|  0%| F|  |TAMS 0x00000007fbb00000, 0x00000007fbb00000| Untracked 
|1980|0x00000007fbc00000, 0x00000007fbc00000, 0x00000007fbd00000|  0%| F|  |TAMS 0x00000007fbc00000, 0x00000007fbc00000| Untracked 
|1981|0x00000007fbd00000, 0x00000007fbd00000, 0x00000007fbe00000|  0%| F|  |TAMS 0x00000007fbd00000, 0x00000007fbd00000| Untracked 
|1982|0x00000007fbe00000, 0x00000007fbe00000, 0x00000007fbf00000|  0%| F|  |TAMS 0x00000007fbe00000, 0x00000007fbe00000| Untracked 
|1983|0x00000007fbf00000, 0x00000007fbf00000, 0x00000007fc000000|  0%| F|  |TAMS 0x00000007fbf00000, 0x00000007fbf00000| Untracked 
|1984|0x00000007fc000000, 0x00000007fc000000, 0x00000007fc100000|  0%| F|  |TAMS 0x00000007fc000000, 0x00000007fc000000| Untracked 
|1985|0x00000007fc100000, 0x00000007fc100000, 0x00000007fc200000|  0%| F|  |TAMS 0x00000007fc100000, 0x00000007fc100000| Untracked 
|1986|0x00000007fc200000, 0x00000007fc200000, 0x00000007fc300000|  0%| F|  |TAMS 0x00000007fc200000, 0x00000007fc200000| Untracked 
|1987|0x00000007fc300000, 0x00000007fc300000, 0x00000007fc400000|  0%| F|  |TAMS 0x00000007fc300000, 0x00000007fc300000| Untracked 
|1988|0x00000007fc400000, 0x00000007fc400000, 0x00000007fc500000|  0%| F|  |TAMS 0x00000007fc400000, 0x00000007fc400000| Untracked 
|1989|0x00000007fc500000, 0x00000007fc500000, 0x00000007fc600000|  0%| F|  |TAMS 0x00000007fc500000, 0x00000007fc500000| Untracked 
|1990|0x00000007fc600000, 0x00000007fc600000, 0x00000007fc700000|  0%| F|  |TAMS 0x00000007fc600000, 0x00000007fc600000| Untracked 
|1991|0x00000007fc700000, 0x00000007fc700000, 0x00000007fc800000|  0%| F|  |TAMS 0x00000007fc700000, 0x00000007fc700000| Untracked 
|1992|0x00000007fc800000, 0x00000007fc800000, 0x00000007fc900000|  0%| F|  |TAMS 0x00000007fc800000, 0x00000007fc800000| Untracked 
|1993|0x00000007fc900000, 0x00000007fc900000, 0x00000007fca00000|  0%| F|  |TAMS 0x00000007fc900000, 0x00000007fc900000| Untracked 
|1994|0x00000007fca00000, 0x00000007fca00000, 0x00000007fcb00000|  0%| F|  |TAMS 0x00000007fca00000, 0x00000007fca00000| Untracked 
|1995|0x00000007fcb00000, 0x00000007fcb00000, 0x00000007fcc00000|  0%| F|  |TAMS 0x00000007fcb00000, 0x00000007fcb00000| Untracked 
|1996|0x00000007fcc00000, 0x00000007fcc00000, 0x00000007fcd00000|  0%| F|  |TAMS 0x00000007fcc00000, 0x00000007fcc00000| Untracked 
|1997|0x00000007fcd00000, 0x00000007fcd00000, 0x00000007fce00000|  0%| F|  |TAMS 0x00000007fcd00000, 0x00000007fcd00000| Untracked 
|1998|0x00000007fce00000, 0x00000007fce00000, 0x00000007fcf00000|  0%| F|  |TAMS 0x00000007fce00000, 0x00000007fce00000| Untracked 
|1999|0x00000007fcf00000, 0x00000007fcf00000, 0x00000007fd000000|  0%| F|  |TAMS 0x00000007fcf00000, 0x00000007fcf00000| Untracked 
|2000|0x00000007fd000000, 0x00000007fd000000, 0x00000007fd100000|  0%| F|  |TAMS 0x00000007fd000000, 0x00000007fd000000| Untracked 
|2001|0x00000007fd100000, 0x00000007fd100000, 0x00000007fd200000|  0%| F|  |TAMS 0x00000007fd100000, 0x00000007fd100000| Untracked 
|2002|0x00000007fd200000, 0x00000007fd200000, 0x00000007fd300000|  0%| F|  |TAMS 0x00000007fd200000, 0x00000007fd200000| Untracked 
|2003|0x00000007fd300000, 0x00000007fd300000, 0x00000007fd400000|  0%| F|  |TAMS 0x00000007fd300000, 0x00000007fd300000| Untracked 
|2004|0x00000007fd400000, 0x00000007fd400000, 0x00000007fd500000|  0%| F|  |TAMS 0x00000007fd400000, 0x00000007fd400000| Untracked 
|2005|0x00000007fd500000, 0x00000007fd500000, 0x00000007fd600000|  0%| F|  |TAMS 0x00000007fd500000, 0x00000007fd500000| Untracked 
|2006|0x00000007fd600000, 0x00000007fd600000, 0x00000007fd700000|  0%| F|  |TAMS 0x00000007fd600000, 0x00000007fd600000| Untracked 
|2007|0x00000007fd700000, 0x00000007fd700000, 0x00000007fd800000|  0%| F|  |TAMS 0x00000007fd700000, 0x00000007fd700000| Untracked 
|2008|0x00000007fd800000, 0x00000007fd800000, 0x00000007fd900000|  0%| F|  |TAMS 0x00000007fd800000, 0x00000007fd800000| Untracked 
|2009|0x00000007fd900000, 0x00000007fd900000, 0x00000007fda00000|  0%| F|  |TAMS 0x00000007fd900000, 0x00000007fd900000| Untracked 
|2010|0x00000007fda00000, 0x00000007fda00000, 0x00000007fdb00000|  0%| F|  |TAMS 0x00000007fda00000, 0x00000007fda00000| Untracked 
|2011|0x00000007fdb00000, 0x00000007fdb00000, 0x00000007fdc00000|  0%| F|  |TAMS 0x00000007fdb00000, 0x00000007fdb00000| Untracked 
|2012|0x00000007fdc00000, 0x00000007fdc00000, 0x00000007fdd00000|  0%| F|  |TAMS 0x00000007fdc00000, 0x00000007fdc00000| Untracked 
|2013|0x00000007fdd00000, 0x00000007fdd00000, 0x00000007fde00000|  0%| F|  |TAMS 0x00000007fdd00000, 0x00000007fdd00000| Untracked 
|2014|0x00000007fde00000, 0x00000007fde00000, 0x00000007fdf00000|  0%| F|  |TAMS 0x00000007fde00000, 0x00000007fde00000| Untracked 
|2015|0x00000007fdf00000, 0x00000007fdf00000, 0x00000007fe000000|  0%| F|  |TAMS 0x00000007fdf00000, 0x00000007fdf00000| Untracked 
|2016|0x00000007fe000000, 0x00000007fe000000, 0x00000007fe100000|  0%| F|  |TAMS 0x00000007fe000000, 0x00000007fe000000| Untracked 
|2017|0x00000007fe100000, 0x00000007fe100000, 0x00000007fe200000|  0%| F|  |TAMS 0x00000007fe100000, 0x00000007fe100000| Untracked 
|2018|0x00000007fe200000, 0x00000007fe200000, 0x00000007fe300000|  0%| F|  |TAMS 0x00000007fe200000, 0x00000007fe200000| Untracked 
|2019|0x00000007fe300000, 0x00000007fe300000, 0x00000007fe400000|  0%| F|  |TAMS 0x00000007fe300000, 0x00000007fe300000| Untracked 
|2020|0x00000007fe400000, 0x00000007fe400000, 0x00000007fe500000|  0%| F|  |TAMS 0x00000007fe400000, 0x00000007fe400000| Untracked 
|2021|0x00000007fe500000, 0x00000007fe500000, 0x00000007fe600000|  0%| F|  |TAMS 0x00000007fe500000, 0x00000007fe500000| Untracked 
|2022|0x00000007fe600000, 0x00000007fe600000, 0x00000007fe700000|  0%| F|  |TAMS 0x00000007fe600000, 0x00000007fe600000| Untracked 
|2023|0x00000007fe700000, 0x00000007fe700000, 0x00000007fe800000|  0%| F|  |TAMS 0x00000007fe700000, 0x00000007fe700000| Untracked 
|2024|0x00000007fe800000, 0x00000007fe800000, 0x00000007fe900000|  0%| F|  |TAMS 0x00000007fe800000, 0x00000007fe800000| Untracked 
|2025|0x00000007fe900000, 0x00000007fe900000, 0x00000007fea00000|  0%| F|  |TAMS 0x00000007fe900000, 0x00000007fe900000| Untracked 
|2026|0x00000007fea00000, 0x00000007fea00000, 0x00000007feb00000|  0%| F|  |TAMS 0x00000007fea00000, 0x00000007fea00000| Untracked 
|2027|0x00000007feb00000, 0x00000007feb00000, 0x00000007fec00000|  0%| F|  |TAMS 0x00000007feb00000, 0x00000007feb00000| Untracked 
|2028|0x00000007fec00000, 0x00000007fec00000, 0x00000007fed00000|  0%| F|  |TAMS 0x00000007fec00000, 0x00000007fec00000| Untracked 
|2029|0x00000007fed00000, 0x00000007fed00000, 0x00000007fee00000|  0%| F|  |TAMS 0x00000007fed00000, 0x00000007fed00000| Untracked 
|2030|0x00000007fee00000, 0x00000007fee00000, 0x00000007fef00000|  0%| F|  |TAMS 0x00000007fee00000, 0x00000007fee00000| Untracked 
|2031|0x00000007fef00000, 0x00000007fef00000, 0x00000007ff000000|  0%| F|  |TAMS 0x00000007fef00000, 0x00000007fef00000| Untracked 
|2032|0x00000007ff000000, 0x00000007ff000000, 0x00000007ff100000|  0%| F|  |TAMS 0x00000007ff000000, 0x00000007ff000000| Untracked 
|2033|0x00000007ff100000, 0x00000007ff100000, 0x00000007ff200000|  0%| F|  |TAMS 0x00000007ff100000, 0x00000007ff100000| Untracked 
|2034|0x00000007ff200000, 0x00000007ff200000, 0x00000007ff300000|  0%| F|  |TAMS 0x00000007ff200000, 0x00000007ff200000| Untracked 
|2035|0x00000007ff300000, 0x00000007ff300000, 0x00000007ff400000|  0%| F|  |TAMS 0x00000007ff300000, 0x00000007ff300000| Untracked 
|2036|0x00000007ff400000, 0x00000007ff400000, 0x00000007ff500000|  0%| F|  |TAMS 0x00000007ff400000, 0x00000007ff400000| Untracked 
|2037|0x00000007ff500000, 0x00000007ff500000, 0x00000007ff600000|  0%| F|  |TAMS 0x00000007ff500000, 0x00000007ff500000| Untracked 
|2038|0x00000007ff600000, 0x00000007ff600000, 0x00000007ff700000|  0%| F|  |TAMS 0x00000007ff600000, 0x00000007ff600000| Untracked 
|2039|0x00000007ff700000, 0x00000007ff700000, 0x00000007ff800000|  0%| F|  |TAMS 0x00000007ff700000, 0x00000007ff700000| Untracked 
|2040|0x00000007ff800000, 0x00000007ff900000, 0x00000007ff900000|100%| E|  |TAMS 0x00000007ff800000, 0x00000007ff800000| Complete 
|2041|0x00000007ff900000, 0x00000007ffa00000, 0x00000007ffa00000|100%| E|CS|TAMS 0x00000007ff900000, 0x00000007ff900000| Complete 
|2042|0x00000007ffa00000, 0x00000007ffb00000, 0x00000007ffb00000|100%| E|CS|TAMS 0x00000007ffa00000, 0x00000007ffa00000| Complete 
|2043|0x00000007ffb00000, 0x00000007ffc00000, 0x00000007ffc00000|100%| E|CS|TAMS 0x00000007ffb00000, 0x00000007ffb00000| Complete 
|2044|0x00000007ffc00000, 0x00000007ffd00000, 0x00000007ffd00000|100%| E|CS|TAMS 0x00000007ffc00000, 0x00000007ffc00000| Complete 
|2045|0x00000007ffd00000, 0x00000007ffe00000, 0x00000007ffe00000|100%| E|CS|TAMS 0x00000007ffd00000, 0x00000007ffd00000| Complete 
|2046|0x00000007ffe00000, 0x00000007ffe74000, 0x00000007fff00000| 45%|OA|  |TAMS 0x00000007ffe74000, 0x00000007ffe00000| Untracked 
|2047|0x00000007fff00000, 0x00000007fff74000, 0x0000000800000000| 45%|CA|  |TAMS 0x00000007fff74000, 0x00000007fff00000| Untracked 

Card table byte_map: [0x0000000103210000,0x0000000103610000] _byte_map_base: 0x00000000ff610000

Marking Bits (Prev, Next): (CMBitMap*) 0x000000014f809810, (CMBitMap*) 0x000000014f809850
 Prev Bits: [0x000000011b788000, 0x000000011d788000)
 Next Bits: [0x000000011d788000, 0x000000011f788000)

Polling page: 0x0000000102abc000

Metaspace:

Usage:
  Non-class:    200.50 MB used.
      Class:     29.12 MB used.
       Both:    229.62 MB used.

Virtual space:
  Non-class space:      256.00 MB reserved,     201.12 MB ( 79%) committed,  4 nodes.
      Class space:        1.00 GB reserved,      29.69 MB (  3%) committed,  1 nodes.
             Both:        1.25 GB reserved,     230.81 MB ( 18%) committed. 

Chunk freelists:
   Non-Class:  6.78 MB
       Class:  2.32 MB
        Both:  9.11 MB

MaxMetaspaceSize: unlimited
CompressedClassSpaceSize: 1.00 GB
Initial GC threshold: 21.00 MB
Current GC threshold: 384.69 MB
CDS: on
MetaspaceReclaimPolicy: balanced
 - commit_granule_bytes: 65536.
 - commit_granule_words: 8192.
 - virtual_space_node_default_size: 8388608.
 - enlarge_chunks_in_place: 1.
 - new_chunks_are_fully_committed: 0.
 - uncommit_free_chunks: 1.
 - use_allocation_guard: 0.
 - handle_deallocations: 1.


Internal statistics:

num_allocs_failed_limit: 15.
num_arena_births: 2220.
num_arena_deaths: 364.
num_vsnodes_births: 5.
num_vsnodes_deaths: 0.
num_space_committed: 3689.
num_space_uncommitted: 0.
num_chunks_returned_to_freelist: 455.
num_chunks_taken_from_freelist: 11653.
num_chunk_merges: 145.
num_chunk_splits: 8223.
num_chunks_enlarged: 6217.
num_inconsistent_stats: 0.

CodeHeap 'non-profiled nmethods': size=120032Kb used=39459Kb max_used=39600Kb free=80572Kb
 bounds [0x0000000114250000, 0x0000000116930000, 0x000000011b788000]
CodeHeap 'profiled nmethods': size=120016Kb used=73377Kb max_used=74603Kb free=46638Kb
 bounds [0x000000010c788000, 0x00000001110d8000, 0x0000000113cbc000]
CodeHeap 'non-nmethods': size=5712Kb used=2258Kb max_used=2425Kb free=3454Kb
 bounds [0x0000000113cbc000, 0x0000000113f2c000, 0x0000000114250000]
 total_blobs=38347 nmethods=37028 adapters=1232
 compilation: enabled
              stopped_count=0, restarted_count=0
 full_count=0

Compilation events (20 events):
Event: 430.778 Thread 0x0000000150815c00 91584       3       org.jetbrains.org.objectweb.asm.ByteVector::putLong (145 bytes)
Event: 430.779 Thread 0x0000000150815c00 nmethod 91584 0x000000010ebd1e90 code [0x000000010ebd2040, 0x000000010ebd23c8]
Event: 430.784 Thread 0x0000000150815c00 91588   !   3       java.io.ObjectOutputStream::writeSerialData (223 bytes)
Event: 430.786 Thread 0x0000000150815c00 nmethod 91588 0x000000010fc98c10 code [0x000000010fc98f40, 0x000000010fc99de8]
Event: 430.855 Thread 0x0000000150815c00 91636   !   3       org.jetbrains.kotlin.gradle.internal.kapt.incremental.ClasspathAnalyzerKt::visitJar (250 bytes)
Event: 430.856 Thread 0x0000000150815c00 nmethod 91636 0x0000000110199e10 code [0x000000011019a400, 0x000000011019c6e8]
Event: 431.033 Thread 0x0000000150815c00 91779       3       java.util.AbstractMap::putAll (52 bytes)
Event: 431.034 Thread 0x0000000150815c00 nmethod 91779 0x000000010f0c0b10 code [0x000000010f0c0d80, 0x000000010f0c16e8]
Event: 431.062 Thread 0x0000000150815600 nmethod 91148 0x000000011690c490 code [0x000000011690d4c0, 0x0000000116917090]
Event: 431.065 Thread 0x0000000150815600 91429       4       org.jetbrains.org.objectweb.asm.ClassReader::readMethod (1061 bytes)
Event: 431.335 Thread 0x0000000150815c00 91884       2       org.jetbrains.kotlin.gradle.internal.kapt.incremental.MethodTypeExtractorVisitor::visitAnnotationDefault (19 bytes)
Event: 431.337 Thread 0x0000000150815c00 nmethod 91884 0x000000010fc71990 code [0x000000010fc71bc0, 0x000000010fc71ff8]
Event: 431.337 Thread 0x0000000150815c00 91885       2       org.jetbrains.org.objectweb.asm.MethodVisitor::visitAnnotationDefault (17 bytes)
Event: 431.340 Thread 0x0000000150815c00 nmethod 91885 0x0000000110c87f90 code [0x0000000110c88140, 0x0000000110c882c8]
Event: 431.358 Thread 0x0000000150815c00 91893       3       java.io.ObjectOutputStream$BlockDataOutputStream::write (9 bytes)
Event: 431.359 Thread 0x0000000150815c00 nmethod 91893 0x0000000110cf0490 code [0x0000000110cf0640, 0x0000000110cf07c8]
Event: 431.473 Thread 0x0000000150815600 nmethod 91429 0x000000011691cc90 code [0x000000011691db40, 0x0000000116927460]
Event: 431.475 Thread 0x0000000150815600 91295       4       java.io.ObjectOutputStream$BlockDataOutputStream::writeBytes (144 bytes)
Event: 431.510 Thread 0x0000000150815600 nmethod 91295 0x000000011642ac10 code [0x000000011642afc0, 0x000000011642cd90]
Event: 431.510 Thread 0x0000000150815600 91242       4       org.jetbrains.org.objectweb.asm.ClassReader::readElementValue (1237 bytes)

GC Heap History (20 events):
Event: 429.973 GC heap before
{Heap before GC invocations=434 (full 0):
 garbage-first heap   total 2097152K, used 1848854K [0x0000000780000000, 0x0000000800000000)
  region size 1024K, 254 young (260096K), 6 survivors (6144K)
 Metaspace       used 235123K, committed 236352K, reserved 1310720K
  class space    used 29818K, committed 30400K, reserved 1048576K
}
Event: 429.984 GC heap after
{Heap after GC invocations=435 (full 0):
 garbage-first heap   total 2097152K, used 1598881K [0x0000000780000000, 0x0000000800000000)
  region size 1024K, 9 young (9216K), 9 survivors (9216K)
 Metaspace       used 235123K, committed 236352K, reserved 1310720K
  class space    used 29818K, committed 30400K, reserved 1048576K
}
Event: 430.155 GC heap before
{Heap before GC invocations=435 (full 0):
 garbage-first heap   total 2097152K, used 1853857K [0x0000000780000000, 0x0000000800000000)
  region size 1024K, 258 young (264192K), 9 survivors (9216K)
 Metaspace       used 235126K, committed 236352K, reserved 1310720K
  class space    used 29818K, committed 30400K, reserved 1048576K
}
Event: 430.161 GC heap after
{Heap after GC invocations=436 (full 0):
 garbage-first heap   total 2097152K, used 1599024K [0x0000000780000000, 0x0000000800000000)
  region size 1024K, 8 young (8192K), 8 survivors (8192K)
 Metaspace       used 235126K, committed 236352K, reserved 1310720K
  class space    used 29818K, committed 30400K, reserved 1048576K
}
Event: 430.341 GC heap before
{Heap before GC invocations=436 (full 0):
 garbage-first heap   total 2097152K, used 1925680K [0x0000000780000000, 0x0000000800000000)
  region size 1024K, 261 young (267264K), 8 survivors (8192K)
 Metaspace       used 235126K, committed 236352K, reserved 1310720K
  class space    used 29818K, committed 30400K, reserved 1048576K
}
Event: 430.351 GC heap after
{Heap after GC invocations=437 (full 0):
 garbage-first heap   total 2097152K, used 1665252K [0x0000000780000000, 0x0000000800000000)
  region size 1024K, 9 young (9216K), 9 survivors (9216K)
 Metaspace       used 235126K, committed 236352K, reserved 1310720K
  class space    used 29818K, committed 30400K, reserved 1048576K
}
Event: 430.548 GC heap before
{Heap before GC invocations=437 (full 0):
 garbage-first heap   total 2097152K, used 1858788K [0x0000000780000000, 0x0000000800000000)
  region size 1024K, 205 young (209920K), 9 survivors (9216K)
 Metaspace       used 235126K, committed 236352K, reserved 1310720K
  class space    used 29818K, committed 30400K, reserved 1048576K
}
Event: 430.555 GC heap after
{Heap after GC invocations=438 (full 0):
 garbage-first heap   total 2097152K, used 1661815K [0x0000000780000000, 0x0000000800000000)
  region size 1024K, 11 young (11264K), 11 survivors (11264K)
 Metaspace       used 235126K, committed 236352K, reserved 1310720K
  class space    used 29818K, committed 30400K, reserved 1048576K
}
Event: 430.683 GC heap before
{Heap before GC invocations=438 (full 0):
 garbage-first heap   total 2097152K, used 1867639K [0x0000000780000000, 0x0000000800000000)
  region size 1024K, 213 young (218112K), 11 survivors (11264K)
 Metaspace       used 235126K, committed 236352K, reserved 1310720K
  class space    used 29818K, committed 30400K, reserved 1048576K
}
Event: 430.691 GC heap after
{Heap after GC invocations=439 (full 0):
 garbage-first heap   total 2097152K, used 1663719K [0x0000000780000000, 0x0000000800000000)
  region size 1024K, 13 young (13312K), 13 survivors (13312K)
 Metaspace       used 235126K, committed 236352K, reserved 1310720K
  class space    used 29818K, committed 30400K, reserved 1048576K
}
Event: 430.814 GC heap before
{Heap before GC invocations=439 (full 0):
 garbage-first heap   total 2097152K, used 1868519K [0x0000000780000000, 0x0000000800000000)
  region size 1024K, 214 young (219136K), 13 survivors (13312K)
 Metaspace       used 235126K, committed 236352K, reserved 1310720K
  class space    used 29818K, committed 30400K, reserved 1048576K
}
Event: 430.821 GC heap after
{Heap after GC invocations=440 (full 0):
 garbage-first heap   total 2097152K, used 1663615K [0x0000000780000000, 0x0000000800000000)
  region size 1024K, 13 young (13312K), 13 survivors (13312K)
 Metaspace       used 235126K, committed 236352K, reserved 1310720K
  class space    used 29818K, committed 30400K, reserved 1048576K
}
Event: 430.939 GC heap before
{Heap before GC invocations=440 (full 0):
 garbage-first heap   total 2097152K, used 1869439K [0x0000000780000000, 0x0000000800000000)
  region size 1024K, 215 young (220160K), 13 survivors (13312K)
 Metaspace       used 235126K, committed 236352K, reserved 1310720K
  class space    used 29818K, committed 30400K, reserved 1048576K
}
Event: 430.946 GC heap after
{Heap after GC invocations=441 (full 0):
 garbage-first heap   total 2097152K, used 1666976K [0x0000000780000000, 0x0000000800000000)
  region size 1024K, 16 young (16384K), 16 survivors (16384K)
 Metaspace       used 235126K, committed 236352K, reserved 1310720K
  class space    used 29818K, committed 30400K, reserved 1048576K
}
Event: 431.035 GC heap before
{Heap before GC invocations=441 (full 0):
 garbage-first heap   total 2097152K, used 1868704K [0x0000000780000000, 0x0000000800000000)
  region size 1024K, 214 young (219136K), 16 survivors (16384K)
 Metaspace       used 235126K, committed 236352K, reserved 1310720K
  class space    used 29818K, committed 30400K, reserved 1048576K
}
Event: 431.045 GC heap after
{Heap after GC invocations=442 (full 0):
 garbage-first heap   total 2097152K, used 1670417K [0x0000000780000000, 0x0000000800000000)
  region size 1024K, 18 young (18432K), 18 survivors (18432K)
 Metaspace       used 235126K, committed 236352K, reserved 1310720K
  class space    used 29818K, committed 30400K, reserved 1048576K
}
Event: 431.156 GC heap before
{Heap before GC invocations=442 (full 0):
 garbage-first heap   total 2097152K, used 1868049K [0x0000000780000000, 0x0000000800000000)
  region size 1024K, 210 young (215040K), 18 survivors (18432K)
 Metaspace       used 235126K, committed 236352K, reserved 1310720K
  class space    used 29818K, committed 30400K, reserved 1048576K
}
Event: 431.168 GC heap after
{Heap after GC invocations=443 (full 0):
 garbage-first heap   total 2097152K, used 1670122K [0x0000000780000000, 0x0000000800000000)
  region size 1024K, 13 young (13312K), 13 survivors (13312K)
 Metaspace       used 235126K, committed 236352K, reserved 1310720K
  class space    used 29818K, committed 30400K, reserved 1048576K
}
Event: 431.302 GC heap before
{Heap before GC invocations=443 (full 0):
 garbage-first heap   total 2097152K, used 1870826K [0x0000000780000000, 0x0000000800000000)
  region size 1024K, 210 young (215040K), 13 survivors (13312K)
 Metaspace       used 235126K, committed 236352K, reserved 1310720K
  class space    used 29818K, committed 30400K, reserved 1048576K
}
Event: 431.309 GC heap after
{Heap after GC invocations=444 (full 0):
 garbage-first heap   total 2097152K, used 1669774K [0x0000000780000000, 0x0000000800000000)
  region size 1024K, 12 young (12288K), 12 survivors (12288K)
 Metaspace       used 235126K, committed 236352K, reserved 1310720K
  class space    used 29818K, committed 30400K, reserved 1048576K
}

Dll operation events (13 events):
Event: 0.008 Loaded shared library /Users/mathewmalyil/Library/Java/JavaVirtualMachines/ms-17.0.15/Contents/Home/lib/libjava.dylib
Event: 0.037 Loaded shared library /Users/mathewmalyil/Library/Java/JavaVirtualMachines/ms-17.0.15/Contents/Home/lib/libzip.dylib
Event: 0.038 Loaded shared library /Users/mathewmalyil/Library/Java/JavaVirtualMachines/ms-17.0.15/Contents/Home/lib/libinstrument.dylib
Event: 0.046 Loaded shared library /Users/mathewmalyil/Library/Java/JavaVirtualMachines/ms-17.0.15/Contents/Home/lib/libnio.dylib
Event: 0.048 Loaded shared library /Users/mathewmalyil/Library/Java/JavaVirtualMachines/ms-17.0.15/Contents/Home/lib/libzip.dylib
Event: 0.116 Loaded shared library /Users/mathewmalyil/Library/Java/JavaVirtualMachines/ms-17.0.15/Contents/Home/lib/libjimage.dylib
Event: 0.175 Loaded shared library /Users/mathewmalyil/Library/Java/JavaVirtualMachines/ms-17.0.15/Contents/Home/lib/libverify.dylib
Event: 0.195 Loaded shared library /Users/mathewmalyil/Library/Java/JavaVirtualMachines/ms-17.0.15/Contents/Home/lib/libnet.dylib
Event: 0.197 Loaded shared library /Users/mathewmalyil/.gradle/native/1def1411415f61bf3af743bc5b6707747c0891f09f0c88961ee8f79bc544acac/osx-aarch64/libnative-platform.dylib
Event: 0.205 Loaded shared library /Users/mathewmalyil/.gradle/native/0.2.7/aarch64-macos/libgradle-fileevents.dylib
Event: 0.457 Loaded shared library /Users/mathewmalyil/Library/Java/JavaVirtualMachines/ms-17.0.15/Contents/Home/lib/libmanagement.dylib
Event: 0.462 Loaded shared library /Users/mathewmalyil/Library/Java/JavaVirtualMachines/ms-17.0.15/Contents/Home/lib/libmanagement_ext.dylib
Event: 0.495 Loaded shared library /Users/mathewmalyil/Library/Java/JavaVirtualMachines/ms-17.0.15/Contents/Home/lib/libextnet.dylib

Deoptimization events (20 events):
Event: 430.115 Thread 0x000000013c9b8000 DEOPT PACKING pc=0x000000011035e2a8 sp=0x000000031d3811b0
Event: 430.115 Thread 0x000000013c9b8000 DEOPT UNPACKING pc=0x0000000113d0377c sp=0x000000031d380ea0 mode 0
Event: 430.491 Thread 0x000000014fc42a00 Uncommon trap: trap_request=0xffffff76 fr.pc=0x0000000116904a40 relative=0x0000000000007900
Event: 430.491 Thread 0x000000014fc42a00 Uncommon trap: reason=predicate action=maybe_recompile pc=0x0000000116904a40 method=org.jetbrains.org.objectweb.asm.ClassReader.readMethod(Lorg/jetbrains/org/objectweb/asm/ClassVisitor;Lorg/jetbrains/org/objectweb/asm/Context;I)I @ 917 c2
Event: 430.491 Thread 0x000000014fc42a00 DEOPT PACKING pc=0x0000000116904a40 sp=0x000000031dbaf060
Event: 430.491 Thread 0x000000014fc42a00 DEOPT UNPACKING pc=0x0000000113d0391c sp=0x000000031dbaf020 mode 2
Event: 431.005 Thread 0x000000034292e800 DEOPT PACKING pc=0x0000000110bfbfa0 sp=0x000000033b205be0
Event: 431.005 Thread 0x000000034292e800 DEOPT UNPACKING pc=0x0000000113d0377c sp=0x000000033b205890 mode 0
Event: 431.030 Thread 0x000000034292e800 DEOPT PACKING pc=0x0000000110bfbfa0 sp=0x000000033b205be0
Event: 431.030 Thread 0x000000034292e800 DEOPT UNPACKING pc=0x0000000113d0377c sp=0x000000033b205890 mode 0
Event: 431.033 Thread 0x000000012ff96000 DEOPT PACKING pc=0x000000010fa36134 sp=0x000000031cb4ec70
Event: 431.033 Thread 0x000000012ff96000 DEOPT UNPACKING pc=0x0000000113d0377c sp=0x000000031cb4e940 mode 0
Event: 431.035 Thread 0x000000034292e800 DEOPT PACKING pc=0x0000000110bfbfa0 sp=0x000000033b205be0
Event: 431.035 Thread 0x000000034292e800 DEOPT UNPACKING pc=0x0000000113d0377c sp=0x000000033b205890 mode 0
Event: 431.049 Thread 0x000000034292e800 DEOPT PACKING pc=0x0000000110bfbfa0 sp=0x000000033b205be0
Event: 431.049 Thread 0x000000034292e800 DEOPT UNPACKING pc=0x0000000113d0377c sp=0x000000033b205890 mode 0
Event: 431.059 Thread 0x000000034292e800 DEOPT PACKING pc=0x0000000110bfbfa0 sp=0x000000033b205be0
Event: 431.059 Thread 0x000000034292e800 DEOPT UNPACKING pc=0x0000000113d0377c sp=0x000000033b205890 mode 0
Event: 431.075 Thread 0x000000034292e800 DEOPT PACKING pc=0x0000000110d1224c sp=0x000000033b205c30
Event: 431.075 Thread 0x000000034292e800 DEOPT UNPACKING pc=0x0000000113d0377c sp=0x000000033b205e30 mode 0

Classes loaded (20 events):
Event: 417.261 Loading class sun/security/pkcs/EncryptedPrivateKeyInfo
Event: 417.261 Loading class sun/security/pkcs/EncryptedPrivateKeyInfo done
Event: 417.261 Loading class com/sun/crypto/provider/PBES2Parameters$General
Event: 417.261 Loading class com/sun/crypto/provider/PBES2Parameters$General done
Event: 417.262 Loading class sun/nio/cs/UTF_16BE$Encoder
Event: 417.262 Loading class sun/nio/cs/UTF_16BE$Encoder done
Event: 417.262 Loading class sun/nio/cs/UTF_16BE$Decoder
Event: 417.262 Loading class sun/nio/cs/UTF_16BE$Decoder done
Event: 417.262 Loading class sun/nio/cs/ArrayEncoder
Event: 417.262 Loading class sun/nio/cs/ArrayEncoder done
Event: 417.300 Loading class com/sun/crypto/provider/HmacPKCS12PBECore$HmacPKCS12PBE_SHA256
Event: 417.300 Loading class com/sun/crypto/provider/HmacPKCS12PBECore
Event: 417.301 Loading class com/sun/crypto/provider/HmacPKCS12PBECore done
Event: 417.301 Loading class com/sun/crypto/provider/HmacPKCS12PBECore$HmacPKCS12PBE_SHA256 done
Event: 417.312 Loading class com/sun/crypto/provider/PKCS12PBECipherCore
Event: 417.313 Loading class com/sun/crypto/provider/PKCS12PBECipherCore done
Event: 417.322 Loading class sun/security/pkcs12/MacData
Event: 417.325 Loading class sun/security/pkcs12/MacData done
Event: 429.343 Loading class jdk/internal/reflect/UnsafeQualifiedStaticIntegerFieldAccessorImpl
Event: 429.344 Loading class jdk/internal/reflect/UnsafeQualifiedStaticIntegerFieldAccessorImpl done

Classes unloaded (20 events):
Event: 410.616 Thread 0x000000014f705800 Unloading class 0x000000f0012c4c00 'java/lang/invoke/LambdaForm$MH+0x000000f0012c4c00'
Event: 410.616 Thread 0x000000014f705800 Unloading class 0x000000f0012c4400 'java/lang/invoke/LambdaForm$MH+0x000000f0012c4400'
Event: 410.616 Thread 0x000000014f705800 Unloading class 0x000000f001218400 'java/lang/invoke/LambdaForm$MH+0x000000f001218400'
Event: 410.616 Thread 0x000000014f705800 Unloading class 0x000000f001218000 'java/lang/invoke/LambdaForm$MH+0x000000f001218000'
Event: 410.616 Thread 0x000000014f705800 Unloading class 0x000000f0011dfc00 'java/lang/invoke/LambdaForm$MH+0x000000f0011dfc00'
Event: 410.616 Thread 0x000000014f705800 Unloading class 0x000000f0011df800 'java/lang/invoke/LambdaForm$MH+0x000000f0011df800'
Event: 410.616 Thread 0x000000014f705800 Unloading class 0x000000f0011df400 'java/lang/invoke/LambdaForm$MH+0x000000f0011df400'
Event: 410.616 Thread 0x000000014f705800 Unloading class 0x000000f0011df000 'java/lang/invoke/LambdaForm$MH+0x000000f0011df000'
Event: 410.616 Thread 0x000000014f705800 Unloading class 0x000000f0011dec00 'java/lang/invoke/LambdaForm$MH+0x000000f0011dec00'
Event: 410.616 Thread 0x000000014f705800 Unloading class 0x000000f0011de800 'java/lang/invoke/LambdaForm$MH+0x000000f0011de800'
Event: 410.616 Thread 0x000000014f705800 Unloading class 0x000000f0011de400 'java/lang/invoke/LambdaForm$MH+0x000000f0011de400'
Event: 410.616 Thread 0x000000014f705800 Unloading class 0x000000f0011de000 'java/lang/invoke/LambdaForm$MH+0x000000f0011de000'
Event: 410.616 Thread 0x000000014f705800 Unloading class 0x000000f0011ddc00 'java/lang/invoke/LambdaForm$MH+0x000000f0011ddc00'
Event: 410.616 Thread 0x000000014f705800 Unloading class 0x000000f0011dd800 'java/lang/invoke/LambdaForm$MH+0x000000f0011dd800'
Event: 410.616 Thread 0x000000014f705800 Unloading class 0x000000f0011dc800 'java/lang/invoke/LambdaForm$MH+0x000000f0011dc800'
Event: 410.616 Thread 0x000000014f705800 Unloading class 0x000000f0011dc400 'java/lang/invoke/LambdaForm$BMH+0x000000f0011dc400'
Event: 410.616 Thread 0x000000014f705800 Unloading class 0x000000f001084000 'java/lang/invoke/LambdaForm$DMH+0x000000f001084000'
Event: 410.616 Thread 0x000000014f705800 Unloading class 0x000000f001036800 'java/lang/invoke/LambdaForm$MH+0x000000f001036800'
Event: 410.616 Thread 0x000000014f705800 Unloading class 0x000000f001036400 'java/lang/invoke/LambdaForm$MH+0x000000f001036400'
Event: 410.616 Thread 0x000000014f705800 Unloading class 0x000000f001034000 'java/lang/invoke/LambdaForm$MH+0x000000f001034000'

Classes redefined (0 events):
No events

Internal exceptions (20 events):
Event: 418.372 Thread 0x000000013d177200 Exception <a 'sun/nio/fs/UnixException'{0x00000007f4943738}> (0x00000007f4943738) 
thrown [src/hotspot/share/prims/jni.cpp, line 516]
Event: 418.373 Thread 0x000000012fedc000 Exception <a 'sun/nio/fs/UnixException'{0x00000007f84d7390}> (0x00000007f84d7390) 
thrown [src/hotspot/share/prims/jni.cpp, line 516]
Event: 418.382 Thread 0x000000012fec9600 Exception <a 'sun/nio/fs/UnixException'{0x00000007f3f68a50}> (0x00000007f3f68a50) 
thrown [src/hotspot/share/prims/jni.cpp, line 516]
Event: 418.382 Thread 0x000000013bd08e00 Exception <a 'sun/nio/fs/UnixException'{0x00000007f3b30858}> (0x00000007f3b30858) 
thrown [src/hotspot/share/prims/jni.cpp, line 516]
Event: 418.382 Thread 0x000000013d177200 Exception <a 'sun/nio/fs/UnixException'{0x00000007f3ee9a68}> (0x00000007f3ee9a68) 
thrown [src/hotspot/share/prims/jni.cpp, line 516]
Event: 418.385 Thread 0x000000013bd54e00 Exception <a 'sun/nio/fs/UnixException'{0x00000007f3c44820}> (0x00000007f3c44820) 
thrown [src/hotspot/share/prims/jni.cpp, line 516]
Event: 418.392 Thread 0x000000013bd08e00 Exception <a 'sun/nio/fs/UnixException'{0x00000007f37526c8}> (0x00000007f37526c8) 
thrown [src/hotspot/share/prims/jni.cpp, line 516]
Event: 418.395 Thread 0x000000014fe5d600 Exception <a 'sun/nio/fs/UnixException'{0x00000007f0d159e8}> (0x00000007f0d159e8) 
thrown [src/hotspot/share/prims/jni.cpp, line 516]
Event: 420.830 Thread 0x000000013bd55400 Implicit null exception at 0x00000001156e0ca4 to 0x00000001156e1878
Event: 420.831 Thread 0x000000013bd55400 Implicit null exception at 0x000000011473046c to 0x00000001147308c4
Event: 420.991 Thread 0x000000013bd55400 Implicit null exception at 0x0000000114b3786c to 0x0000000114b37dbc
Event: 428.536 Thread 0x0000000342864200 Exception <a 'sun/nio/fs/UnixException'{0x00000007f60fcae8}> (0x00000007f60fcae8) 
thrown [src/hotspot/share/prims/jni.cpp, line 516]
Event: 428.949 Thread 0x00000003410a6800 Exception <a 'sun/nio/fs/UnixException'{0x00000007ff323bb8}> (0x00000007ff323bb8) 
thrown [src/hotspot/share/prims/jni.cpp, line 516]
Event: 429.030 Thread 0x000000014c3b9800 Exception <a 'sun/nio/fs/UnixException'{0x00000007fc470650}> (0x00000007fc470650) 
thrown [src/hotspot/share/prims/jni.cpp, line 516]
Event: 429.080 Thread 0x0000000341008200 Exception <a 'sun/nio/fs/UnixException'{0x00000007faa6ca48}> (0x00000007faa6ca48) 
thrown [src/hotspot/share/prims/jni.cpp, line 516]
Event: 429.108 Thread 0x000000013fa99600 Exception <a 'sun/nio/fs/UnixException'{0x00000007f9bcd9a8}> (0x00000007f9bcd9a8) 
thrown [src/hotspot/share/prims/jni.cpp, line 516]
Event: 429.167 Thread 0x00000003410a7000 Exception <a 'sun/nio/fs/UnixException'{0x00000007f8281cf8}> (0x00000007f8281cf8) 
thrown [src/hotspot/share/prims/jni.cpp, line 516]
Event: 429.359 Thread 0x000000012ff97a00 Exception <a 'java/lang/NoSuchMethodError'{0x00000007f430f640}: static Lorg/jetbrains/kotlin/gradle/internal/kapt/incremental/ClasspathEntryData;.<clinit>()V> (0x00000007f430f640) 
thrown [src/hotspot/share/prims/jni.cpp, line 1112]
Event: 429.362 Thread 0x0000000341008800 Exception <a 'sun/nio/fs/UnixException'{0x00000007f4264a60}> (0x00000007f4264a60) 
thrown [src/hotspot/share/prims/jni.cpp, line 516]
Event: 431.430 Thread 0x000000034292e800 Exception <a 'sun/nio/fs/UnixException'{0x00000007fa818718}> (0x00000007fa818718) 
thrown [src/hotspot/share/prims/jni.cpp, line 516]

VM Operations (20 events):
Event: 430.341 Executing VM operation: G1CollectForAllocation
Event: 430.351 Executing VM operation: G1CollectForAllocation done
Event: 430.379 Executing VM operation: G1PauseRemark
Event: 430.461 Executing VM operation: G1PauseRemark done
Event: 430.547 Executing VM operation: G1CollectForAllocation
Event: 430.547 Executing VM operation: G1CollectForAllocation done
Event: 430.548 Executing VM operation: G1CollectForAllocation
Event: 430.555 Executing VM operation: G1CollectForAllocation done
Event: 430.683 Executing VM operation: G1CollectForAllocation
Event: 430.692 Executing VM operation: G1CollectForAllocation done
Event: 430.813 Executing VM operation: G1CollectForAllocation
Event: 430.821 Executing VM operation: G1CollectForAllocation done
Event: 430.937 Executing VM operation: G1CollectForAllocation
Event: 430.946 Executing VM operation: G1CollectForAllocation done
Event: 431.033 Executing VM operation: G1CollectForAllocation
Event: 431.045 Executing VM operation: G1CollectForAllocation done
Event: 431.156 Executing VM operation: G1CollectForAllocation
Event: 431.168 Executing VM operation: G1CollectForAllocation done
Event: 431.302 Executing VM operation: G1CollectForAllocation
Event: 431.309 Executing VM operation: G1CollectForAllocation done

Memory protections (20 events):
Event: 407.589 Protecting memory [0x0000000339034000,0x0000000339040000] with protection modes 0
Event: 407.589 Protecting memory [0x0000000339240000,0x000000033924c000] with protection modes 0
Event: 407.589 Protecting memory [0x000000033944c000,0x0000000339458000] with protection modes 0
Event: 407.590 Protecting memory [0x000000033b004000,0x000000033b010000] with protection modes 0
Event: 407.722 Protecting memory [0x00000003210f4000,0x0000000321100000] with protection modes 3
Event: 413.427 Protecting memory [0x00000003210f4000,0x0000000321100000] with protection modes 0
Event: 413.767 Protecting memory [0x000000016e6d0000,0x000000016e6dc000] with protection modes 0
Event: 413.768 Protecting memory [0x000000016e710000,0x000000016e71c000] with protection modes 0
Event: 413.768 Protecting memory [0x000000016e750000,0x000000016e75c000] with protection modes 0
Event: 413.769 Protecting memory [0x000000016e790000,0x000000016e79c000] with protection modes 0
Event: 413.792 Protecting memory [0x000000033b210000,0x000000033b21c000] with protection modes 0
Event: 413.793 Protecting memory [0x000000033b41c000,0x000000033b428000] with protection modes 0
Event: 413.793 Protecting memory [0x000000033c004000,0x000000033c010000] with protection modes 0
Event: 413.794 Protecting memory [0x000000033c210000,0x000000033c21c000] with protection modes 0
Event: 413.794 Protecting memory [0x000000033c41c000,0x000000033c428000] with protection modes 0
Event: 413.795 Protecting memory [0x000000033d804000,0x000000033d810000] with protection modes 0
Event: 413.795 Protecting memory [0x000000033da10000,0x000000033da1c000] with protection modes 0
Event: 413.795 Protecting memory [0x000000033dc1c000,0x000000033dc28000] with protection modes 0
Event: 417.503 Protecting memory [0x0000000321300000,0x000000032130c000] with protection modes 3
Event: 417.506 Protecting memory [0x0000000321718000,0x0000000321724000] with protection modes 3

Nmethod flushes (20 events):
Event: 429.551 Thread 0x0000000150816200 flushing  nmethod 0x0000000110d65a10
Event: 429.551 Thread 0x0000000150816200 flushing  nmethod 0x0000000110d69890
Event: 429.552 Thread 0x0000000150816200 flushing  nmethod 0x0000000110e37d10
Event: 429.552 Thread 0x0000000150816200 flushing  nmethod 0x0000000110e81210
Event: 429.553 Thread 0x0000000150816200 flushing  nmethod 0x0000000110f09a10
Event: 429.553 Thread 0x0000000150816200 flushing  nmethod 0x0000000110f0a710
Event: 429.553 Thread 0x0000000150816200 flushing  nmethod 0x0000000110f0ab90
Event: 429.553 Thread 0x0000000150816200 flushing  nmethod 0x0000000110f0f690
Event: 429.553 Thread 0x0000000150816200 flushing  nmethod 0x0000000110f0ff10
Event: 429.553 Thread 0x0000000150816200 flushing  nmethod 0x0000000110f11a90
Event: 429.553 Thread 0x0000000150816200 flushing  nmethod 0x0000000110f12910
Event: 429.553 Thread 0x0000000150816200 flushing  nmethod 0x0000000110f13090
Event: 429.553 Thread 0x0000000150816200 flushing  nmethod 0x0000000110f14190
Event: 429.553 Thread 0x0000000150816200 flushing  nmethod 0x0000000110f25c10
Event: 429.553 Thread 0x0000000150816200 flushing  nmethod 0x0000000110f26c90
Event: 429.553 Thread 0x0000000150816200 flushing  nmethod 0x0000000110f27090
Event: 429.553 Thread 0x0000000150816200 flushing osr nmethod 0x0000000110f54e90
Event: 429.553 Thread 0x0000000150816200 flushing  nmethod 0x0000000111000290
Event: 429.553 Thread 0x0000000150816200 flushing  nmethod 0x0000000111004990
Event: 429.554 Thread 0x0000000150816200 flushing  nmethod 0x0000000111036490

Events (20 events):
Event: 407.589 Thread 0x0000000341008800 Thread added: 0x00000003410a7000
Event: 407.589 Thread 0x00000003410a7000 Thread added: 0x000000014c3b9800
Event: 407.589 Thread 0x000000014c3b9800 Thread added: 0x00000003410a6800
Event: 407.590 Thread 0x00000003410a6800 Thread added: 0x000000034292e800
Event: 407.722 Thread 0x000000011fca6000 Thread exited: 0x000000011fca6000
Event: 413.426 Thread 0x000000012fedb200 Thread added: 0x000000014fc3ce00
Event: 413.767 Thread 0x000000013fd82400 Thread added: 0x000000033cdef400
Event: 413.767 Thread 0x000000013bb91400 Thread added: 0x000000033f751200
Event: 413.768 Thread 0x000000012fedb200 Thread added: 0x000000011ff55c00
Event: 413.768 Thread 0x000000013d17d800 Thread added: 0x000000013e0edc00
Event: 413.792 Thread 0x000000013d17d800 Thread added: 0x000000013b25e000
Event: 413.793 Thread 0x000000013d17d800 Thread added: 0x000000014ff05400
Event: 413.793 Thread 0x000000012fedb200 Thread added: 0x000000013b0d0200
Event: 413.793 Thread 0x000000012fedb200 Thread added: 0x000000013b3cfc00
Event: 413.794 Thread 0x000000013bb91400 Thread added: 0x000000013c7f8e00
Event: 413.795 Thread 0x000000013bb91400 Thread added: 0x000000034293ac00
Event: 413.795 Thread 0x000000013fd82400 Thread added: 0x000000014c0fb400
Event: 413.795 Thread 0x000000013fd82400 Thread added: 0x000000014c774200
Event: 417.503 Thread 0x000000012e1e0800 Thread exited: 0x000000012e1e0800
Event: 417.506 Thread 0x000000011fbd6400 Thread exited: 0x000000011fbd6400


Dynamic libraries:
0x0000000102a68000 	/Users/mathewmalyil/Library/Java/JavaVirtualMachines/ms-17.0.15/Contents/Home/lib/libjli.dylib
0x00000001ada33000 	/System/Library/Frameworks/Cocoa.framework/Versions/A/Cocoa
0x00000001951e3000 	/System/Library/Frameworks/AppKit.framework/Versions/C/AppKit
0x00000001984d3000 	/System/Library/Frameworks/CoreData.framework/Versions/A/CoreData
0x000000019286f000 	/System/Library/Frameworks/Foundation.framework/Versions/C/Foundation
0x000000019f46b000 	/usr/lib/libSystem.B.dylib
0x0000000196674000 	/System/Library/PrivateFrameworks/UIFoundation.framework/Versions/A/UIFoundation
0x000000023f302000 	/System/Library/PrivateFrameworks/CollectionViewCore.framework/Versions/A/CollectionViewCore
0x000000019cff4000 	/System/Library/PrivateFrameworks/XCTTargetBootstrap.framework/Versions/A/XCTTargetBootstrap
0x00000001a1c37000 	/System/Library/PrivateFrameworks/InternationalSupport.framework/Versions/A/InternationalSupport
0x00000001a1f8e000 	/System/Library/PrivateFrameworks/UserActivity.framework/Versions/A/UserActivity
0x000000026dc8c000 	/System/Library/PrivateFrameworks/UIIntelligenceSupport.framework/Versions/A/UIIntelligenceSupport
0x00000001f7d25000 	/System/Library/Frameworks/SwiftUICore.framework/Versions/A/SwiftUICore
0x0000000272d12000 	/System/Library/PrivateFrameworks/WritingTools.framework/Versions/A/WritingTools
0x0000000271d56000 	/System/Library/PrivateFrameworks/WindowManagement.framework/Versions/A/WindowManagement
0x00000001924d2000 	/System/Library/Frameworks/SystemConfiguration.framework/Versions/A/SystemConfiguration
0x00000001a109a000 	/usr/lib/libspindump.dylib
0x0000000196826000 	/System/Library/Frameworks/UniformTypeIdentifiers.framework/Versions/A/UniformTypeIdentifiers
0x000000019e856000 	/usr/lib/libbsm.0.dylib
0x000000019aa76000 	/usr/lib/libapp_launch_measurement.dylib
0x0000000199e1f000 	/System/Library/PrivateFrameworks/CoreAnalytics.framework/Versions/A/CoreAnalytics
0x000000019aa7a000 	/System/Library/PrivateFrameworks/CoreAutoLayout.framework/Versions/A/CoreAutoLayout
0x000000019c60e000 	/System/Library/Frameworks/Metal.framework/Versions/A/Metal
0x000000019d832000 	/usr/lib/liblangid.dylib
0x000000019cffa000 	/System/Library/PrivateFrameworks/CoreSVG.framework/Versions/A/CoreSVG
0x000000019724b000 	/System/Library/PrivateFrameworks/SkyLight.framework/Versions/A/SkyLight
0x0000000197772000 	/System/Library/Frameworks/CoreGraphics.framework/Versions/A/CoreGraphics
0x00000001a7144000 	/System/Library/Frameworks/Accelerate.framework/Versions/A/Accelerate
0x00000001a0edd000 	/System/Library/PrivateFrameworks/IconServices.framework/Versions/A/IconServices
0x000000019c5eb000 	/System/Library/Frameworks/IOSurface.framework/Versions/A/IOSurface
0x0000000199e50000 	/usr/lib/libDiagnosticMessagesClient.dylib
0x000000019f3b5000 	/usr/lib/libz.1.dylib
0x00000001ab059000 	/System/Library/Frameworks/ApplicationServices.framework/Versions/A/ApplicationServices
0x000000019cfdf000 	/System/Library/PrivateFrameworks/DFRFoundation.framework/Versions/A/DFRFoundation
0x0000000194a48000 	/usr/lib/libicucore.A.dylib
0x00000001a3017000 	/System/Library/Frameworks/AudioToolbox.framework/Versions/A/AudioToolbox
0x00000001a1f3f000 	/System/Library/PrivateFrameworks/DataDetectorsCore.framework/Versions/A/DataDetectorsCore
0x00000001bdae0000 	/System/Library/PrivateFrameworks/TextInput.framework/Versions/A/TextInput
0x0000000197196000 	/usr/lib/libMobileGestalt.dylib
0x000000019ccd8000 	/System/Library/Frameworks/Carbon.framework/Versions/A/Frameworks/HIToolbox.framework/Versions/A/HIToolbox
0x000000019a357000 	/System/Library/Frameworks/QuartzCore.framework/Versions/A/QuartzCore
0x000000019463e000 	/System/Library/Frameworks/Security.framework/Versions/A/Security
0x00000001a6aa1000 	/System/Library/Frameworks/Carbon.framework/Versions/A/Frameworks/SpeechRecognition.framework/Versions/A/SpeechRecognition
0x000000019a77d000 	/System/Library/PrivateFrameworks/CoreUI.framework/Versions/A/CoreUI
0x0000000193f0c000 	/System/Library/Frameworks/CoreAudio.framework/Versions/A/CoreAudio
0x0000000199f3e000 	/System/Library/Frameworks/DiskArbitration.framework/Versions/A/DiskArbitration
0x00000001a1503000 	/System/Library/PrivateFrameworks/MultitouchSupport.framework/Versions/A/MultitouchSupport
0x0000000197194000 	/usr/lib/libenergytrace.dylib
0x00000001b2084000 	/System/Library/PrivateFrameworks/RenderBox.framework/Versions/A/RenderBox
0x0000000195093000 	/System/Library/Frameworks/IOKit.framework/Versions/A/IOKit
0x00000001a6e98000 	/System/Library/Frameworks/CoreServices.framework/Versions/A/CoreServices
0x000000019aa07000 	/System/Library/PrivateFrameworks/PerformanceAnalysis.framework/Versions/A/PerformanceAnalysis
0x00000001f16e6000 	/System/Library/Frameworks/OpenGL.framework/Versions/A/OpenGL
0x000000019aac4000 	/usr/lib/libxml2.2.dylib
0x000000019e73a000 	/System/Library/PrivateFrameworks/MobileKeyBag.framework/Versions/A/MobileKeyBag
0x0000000190e14000 	/usr/lib/libobjc.A.dylib
0x0000000191122000 	/usr/lib/libc++.1.dylib
0x00000001a6e19000 	/System/Library/Frameworks/Accessibility.framework/Versions/A/Accessibility
0x0000000197ea3000 	/System/Library/Frameworks/ColorSync.framework/Versions/A/ColorSync
0x000000019127e000 	/System/Library/Frameworks/CoreFoundation.framework/Versions/A/CoreFoundation
0x000000019d3b4000 	/System/Library/Frameworks/CoreImage.framework/Versions/A/CoreImage
0x0000000193ced000 	/System/Library/Frameworks/CoreText.framework/Versions/A/CoreText
0x00000001f2c32000 	/System/Library/Frameworks/CoreTransferable.framework/Versions/A/CoreTransferable
0x00000001f31b7000 	/System/Library/Frameworks/DataDetection.framework/Versions/A/DataDetection
0x00000001f31ba000 	/System/Library/Frameworks/DeveloperToolsSupport.framework/Versions/A/DeveloperToolsSupport
0x000000019d035000 	/System/Library/Frameworks/ImageIO.framework/Versions/A/ImageIO
0x00000001f88e8000 	/System/Library/Frameworks/Symbols.framework/Versions/A/Symbols
0x00000001e4e94000 	/System/Library/PrivateFrameworks/FeatureFlags.framework/Versions/A/FeatureFlags
0x000000019f470000 	/System/Library/PrivateFrameworks/SoftLinking.framework/Versions/A/SoftLinking
0x00000001d0751000 	/usr/lib/swift/libswiftAccelerate.dylib
0x00000001a29ac000 	/usr/lib/swift/libswiftCore.dylib
0x00000001ba183000 	/usr/lib/swift/libswiftCoreFoundation.dylib
0x00000001ba1dd000 	/usr/lib/swift/libswiftCoreImage.dylib
0x00000001b74ec000 	/usr/lib/swift/libswiftDarwin.dylib
0x000000027992f000 	/usr/lib/swift/libswiftDataDetection.dylib
0x00000001a8991000 	/usr/lib/swift/libswiftDispatch.dylib
0x00000001ba1de000 	/usr/lib/swift/libswiftIOKit.dylib
0x00000001c6d48000 	/usr/lib/swift/libswiftMetal.dylib
0x00000001d5ce9000 	/usr/lib/swift/libswiftOSLog.dylib
0x00000001ab613000 	/usr/lib/swift/libswiftObjectiveC.dylib
0x000000027995c000 	/usr/lib/swift/libswiftObservation.dylib
0x00000001cc0e7000 	/usr/lib/swift/libswiftQuartzCore.dylib
0x00000001d0742000 	/usr/lib/swift/libswiftUniformTypeIdentifiers.dylib
0x00000001ba195000 	/usr/lib/swift/libswiftXPC.dylib
0x0000000279a42000 	/usr/lib/swift/libswift_Builtin_float.dylib
0x0000000279a45000 	/usr/lib/swift/libswift_Concurrency.dylib
0x0000000279ba4000 	/usr/lib/swift/libswift_StringProcessing.dylib
0x0000000279c37000 	/usr/lib/swift/libswift_errno.dylib
0x0000000279c39000 	/usr/lib/swift/libswift_math.dylib
0x0000000279c3c000 	/usr/lib/swift/libswift_signal.dylib
0x0000000279c3d000 	/usr/lib/swift/libswift_stdio.dylib
0x0000000279c3e000 	/usr/lib/swift/libswift_time.dylib
0x00000001ab617000 	/usr/lib/swift/libswiftos.dylib
0x00000001bda37000 	/usr/lib/swift/libswiftsimd.dylib
0x0000000279c3f000 	/usr/lib/swift/libswiftsys_time.dylib
0x0000000279c40000 	/usr/lib/swift/libswiftunistd.dylib
0x000000019f699000 	/usr/lib/libcompression.dylib
0x00000001a1b97000 	/System/Library/PrivateFrameworks/TextureIO.framework/Versions/A/TextureIO
0x00000001a0b7c000 	/usr/lib/libate.dylib
0x000000019f465000 	/usr/lib/system/libcache.dylib
0x000000019f420000 	/usr/lib/system/libcommonCrypto.dylib
0x000000019f44b000 	/usr/lib/system/libcompiler_rt.dylib
0x000000019f440000 	/usr/lib/system/libcopyfile.dylib
0x0000000190f6f000 	/usr/lib/system/libcorecrypto.dylib
0x0000000191056000 	/usr/lib/system/libdispatch.dylib
0x0000000191216000 	/usr/lib/system/libdyld.dylib
0x000000019f45b000 	/usr/lib/system/libkeymgr.dylib
0x000000019f403000 	/usr/lib/system/libmacho.dylib
0x000000019e82f000 	/usr/lib/system/libquarantine.dylib
0x000000019f458000 	/usr/lib/system/libremovefile.dylib
0x0000000197210000 	/usr/lib/system/libsystem_asl.dylib
0x0000000190f04000 	/usr/lib/system/libsystem_blocks.dylib
0x00000001910a0000 	/usr/lib/system/libsystem_c.dylib
0x000000019f44f000 	/usr/lib/system/libsystem_collections.dylib
0x000000019d81f000 	/usr/lib/system/libsystem_configuration.dylib
0x000000019c5ba000 	/usr/lib/system/libsystem_containermanager.dylib
0x000000019ef45000 	/usr/lib/system/libsystem_coreservices.dylib
0x0000000194d14000 	/usr/lib/system/libsystem_darwin.dylib
0x0000000279d77000 	/usr/lib/system/libsystem_darwindirectory.dylib
0x000000019f45c000 	/usr/lib/system/libsystem_dnssd.dylib
0x0000000279d7b000 	/usr/lib/system/libsystem_eligibility.dylib
0x000000019109d000 	/usr/lib/system/libsystem_featureflags.dylib
0x000000019124e000 	/usr/lib/system/libsystem_info.dylib
0x000000019f3c4000 	/usr/lib/system/libsystem_m.dylib
0x000000019100e000 	/usr/lib/system/libsystem_malloc.dylib
0x0000000197179000 	/usr/lib/system/libsystem_networkextension.dylib
0x0000000195176000 	/usr/lib/system/libsystem_notify.dylib
0x000000019d824000 	/usr/lib/system/libsystem_sandbox.dylib
0x0000000279d83000 	/usr/lib/system/libsystem_sanitizers.dylib
0x000000019f454000 	/usr/lib/system/libsystem_secinit.dylib
0x00000001911cd000 	/usr/lib/system/libsystem_kernel.dylib
0x0000000191246000 	/usr/lib/system/libsystem_platform.dylib
0x0000000191209000 	/usr/lib/system/libsystem_pthread.dylib
0x0000000198d6d000 	/usr/lib/system/libsystem_symptoms.dylib
0x0000000190f53000 	/usr/lib/system/libsystem_trace.dylib
0x000000019f42e000 	/usr/lib/system/libunwind.dylib
0x0000000190f08000 	/usr/lib/system/libxpc.dylib
0x00000001911af000 	/usr/lib/libc++abi.dylib
0x000000027894c000 	/usr/lib/libRosetta.dylib
0x0000000195012000 	/System/Library/PrivateFrameworks/CoreServicesInternal.framework/Versions/A/CoreServicesInternal
0x000000019f438000 	/usr/lib/liboah.dylib
0x000000019f46d000 	/usr/lib/libfakelink.dylib
0x00000001aab0c000 	/System/Library/PrivateFrameworks/DiskImages.framework/Versions/A/DiskImages
0x00000001b7015000 	/System/Library/Frameworks/NetFS.framework/Versions/A/NetFS
0x0000000196daf000 	/System/Library/Frameworks/CFNetwork.framework/Versions/A/CFNetwork
0x000000019aa3e000 	/System/Library/Frameworks/CoreServices.framework/Versions/A/Frameworks/FSEvents.framework/Versions/A/FSEvents
0x0000000194d1f000 	/System/Library/Frameworks/CoreServices.framework/Versions/A/Frameworks/CarbonCore.framework/Versions/A/CarbonCore
0x0000000199eb3000 	/System/Library/Frameworks/CoreServices.framework/Versions/A/Frameworks/Metadata.framework/Versions/A/Metadata
0x000000019ef4d000 	/System/Library/Frameworks/CoreServices.framework/Versions/A/Frameworks/OSServices.framework/Versions/A/OSServices
0x000000019f5ba000 	/System/Library/Frameworks/CoreServices.framework/Versions/A/Frameworks/SearchKit.framework/Versions/A/SearchKit
0x0000000198ce8000 	/System/Library/Frameworks/CoreServices.framework/Versions/A/Frameworks/AE.framework/Versions/A/AE
0x00000001917bd000 	/System/Library/Frameworks/CoreServices.framework/Versions/A/Frameworks/LaunchServices.framework/Versions/A/LaunchServices
0x00000001a09d1000 	/System/Library/Frameworks/CoreServices.framework/Versions/A/Frameworks/DictionaryServices.framework/Versions/A/DictionaryServices
0x000000019aa4c000 	/System/Library/Frameworks/CoreServices.framework/Versions/A/Frameworks/SharedFileList.framework/Versions/A/SharedFileList
0x000000019f650000 	/usr/lib/libapple_nghttp2.dylib
0x0000000198949000 	/usr/lib/libsqlite3.dylib
0x00000001a3690000 	/System/Library/Frameworks/GSS.framework/Versions/A/GSS
0x0000000198c7f000 	/System/Library/PrivateFrameworks/RunningBoardServices.framework/Versions/A/RunningBoardServices
0x0000000198d76000 	/System/Library/Frameworks/Network.framework/Versions/A/Network
0x000000019f407000 	/usr/lib/system/libkxld.dylib
0x000000023b0ad000 	/System/Library/PrivateFrameworks/AppleKeyStore.framework/Versions/A/AppleKeyStore
0x00000002787a4000 	/usr/lib/libCoreEntitlements.dylib
0x0000000256178000 	/System/Library/PrivateFrameworks/MessageSecurity.framework/Versions/A/MessageSecurity
0x000000019892e000 	/System/Library/PrivateFrameworks/ProtocolBuffer.framework/Versions/A/ProtocolBuffer
0x000000019ef2c000 	/System/Library/PrivateFrameworks/AppleFSCompression.framework/Versions/A/AppleFSCompression
0x000000019e83e000 	/usr/lib/libcoretls.dylib
0x00000001a0a47000 	/usr/lib/libcoretls_cfhelpers.dylib
0x000000019f693000 	/usr/lib/libpam.2.dylib
0x00000001a0abb000 	/usr/lib/libxar.1.dylib
0x000000019f4c2000 	/usr/lib/libarchive.2.dylib
0x00000001a4d93000 	/System/Library/Frameworks/Combine.framework/Versions/A/Combine
0x000000023f326000 	/System/Library/PrivateFrameworks/CollectionsInternal.framework/Versions/A/CollectionsInternal
0x000000025f1d8000 	/System/Library/PrivateFrameworks/ReflectionInternal.framework/Versions/A/ReflectionInternal
0x000000025feaf000 	/System/Library/PrivateFrameworks/RuntimeInternal.framework/Versions/A/RuntimeInternal
0x00000002799d3000 	/usr/lib/swift/libswiftSystem.dylib
0x000000019d82d000 	/System/Library/PrivateFrameworks/AppleSystemInfo.framework/Versions/A/AppleSystemInfo
0x00000001ba06e000 	/System/Library/PrivateFrameworks/LoggingSupport.framework/Versions/A/LoggingSupport
0x00000001a7e52000 	/System/Library/PrivateFrameworks/PowerLog.framework/Versions/A/PowerLog
0x00000001f7bea000 	/System/Library/Frameworks/SwiftData.framework/Versions/A/SwiftData
0x000000019ac4f000 	/System/Library/PrivateFrameworks/UserManagement.framework/Versions/A/UserManagement
0x0000000196cdd000 	/usr/lib/libboringssl.dylib
0x0000000198d5c000 	/usr/lib/libdns_services.dylib
0x00000001b921d000 	/usr/lib/libquic.dylib
0x00000001a293b000 	/usr/lib/libusrtcp.dylib
0x00000001ddb5e000 	/System/Library/PrivateFrameworks/InternalSwiftProtobuf.framework/Versions/A/InternalSwiftProtobuf
0x0000000279930000 	/usr/lib/swift/libswiftDistributed.dylib
0x00000002799c9000 	/usr/lib/swift/libswiftSynchronization.dylib
0x0000000196dae000 	/usr/lib/libnetwork.dylib
0x00000001cad1e000 	/System/Library/PrivateFrameworks/OSAnalytics.framework/Versions/A/OSAnalytics
0x000000019f62b000 	/System/Library/PrivateFrameworks/AppleSauce.framework/Versions/A/AppleSauce
0x00000001a9127000 	/System/Library/PrivateFrameworks/CoreSymbolication.framework/Versions/A/CoreSymbolication
0x00000001d9827000 	/System/Library/PrivateFrameworks/Symbolication.framework/Versions/A/Symbolication
0x00000001a9103000 	/System/Library/PrivateFrameworks/DebugSymbols.framework/Versions/A/DebugSymbols
0x000000027866f000 	/usr/lib/libAppleArchive.dylib
0x000000019ef38000 	/usr/lib/libbz2.1.0.dylib
0x00000001a0a28000 	/usr/lib/liblzma.5.dylib
0x000000019e52a000 	/System/Library/PrivateFrameworks/IOMobileFramebuffer.framework/Versions/A/IOMobileFramebuffer
0x00000001ba0f7000 	/System/Library/PrivateFrameworks/MallocStackLogging.framework/Versions/A/MallocStackLogging
0x00000001a0c16000 	/System/Library/PrivateFrameworks/CrashReporterSupport.framework/Versions/A/CrashReporterSupport
0x00000001922c9000 	/System/Library/PrivateFrameworks/Lexicon.framework/Versions/A/Lexicon
0x000000024e4b8000 	/System/Library/PrivateFrameworks/IO80211.framework/Versions/A/IO80211
0x00000001a8c29000 	/System/Library/PrivateFrameworks/FrontBoardServices.framework/Versions/A/FrontBoardServices
0x000000019e766000 	/System/Library/Frameworks/SecurityFoundation.framework/Versions/A/SecurityFoundation
0x000000019e8c8000 	/usr/lib/libgermantok.dylib
0x000000019d951000 	/System/Library/PrivateFrameworks/LinguisticData.framework/Versions/A/LinguisticData
0x0000000198b9a000 	/System/Library/PrivateFrameworks/BaseBoard.framework/Versions/A/BaseBoard
0x00000001a8cf6000 	/System/Library/PrivateFrameworks/BoardServices.framework/Versions/A/BoardServices
0x000000019e757000 	/System/Library/PrivateFrameworks/AssertionServices.framework/Versions/A/AssertionServices
0x00000001aa946000 	/System/Library/PrivateFrameworks/BackBoardServices.framework/Versions/A/BackBoardServices
0x000000019ca05000 	/System/Library/PrivateFrameworks/FontServices.framework/libFontParser.dylib
0x0000000197228000 	/System/Library/PrivateFrameworks/TCC.framework/Versions/A/TCC
0x00000001ae33e000 	/System/Library/PrivateFrameworks/IOSurfaceAccelerator.framework/Versions/A/IOSurfaceAccelerator
0x00000001a1501000 	/System/Library/PrivateFrameworks/WatchdogClient.framework/Versions/A/WatchdogClient
0x0000000193814000 	/System/Library/Frameworks/CoreDisplay.framework/Versions/A/CoreDisplay
0x000000019c8a9000 	/System/Library/Frameworks/CoreMedia.framework/Versions/A/CoreMedia
0x000000019c604000 	/System/Library/PrivateFrameworks/IOAccelerator.framework/Versions/A/IOAccelerator
0x000000019abae000 	/System/Library/Frameworks/CoreVideo.framework/Versions/A/CoreVideo
0x000000019f691000 	/System/Library/Frameworks/MetalPerformanceShaders.framework/Versions/A/MetalPerformanceShaders
0x000000025e516000 	/System/Library/PrivateFrameworks/ProDisplayLibrary.framework/Versions/A/ProDisplayLibrary
0x00000001a1549000 	/System/Library/Frameworks/VideoToolbox.framework/Versions/A/VideoToolbox
0x000000019d82b000 	/System/Library/PrivateFrameworks/AggregateDictionary.framework/Versions/A/AggregateDictionary
0x00000001a0a49000 	/System/Library/PrivateFrameworks/APFS.framework/Versions/A/APFS
0x00000001a0aca000 	/usr/lib/libutil.dylib
0x000000026943b000 	/System/Library/PrivateFrameworks/SwiftASN1Internal.framework/Versions/A/SwiftASN1Internal
0x0000000199f47000 	/System/Library/Frameworks/Accelerate.framework/Versions/A/Frameworks/vImage.framework/Versions/A/vImage
0x00000001a6e73000 	/System/Library/Frameworks/Accelerate.framework/Versions/A/Frameworks/vecLib.framework/Versions/A/vecLib
0x00000001a0b02000 	/System/Library/Frameworks/Accelerate.framework/Versions/A/Frameworks/vecLib.framework/Versions/A/libvMisc.dylib
0x0000000191c35000 	/System/Library/Frameworks/Accelerate.framework/Versions/A/Frameworks/vecLib.framework/Versions/A/libBLAS.dylib
0x00000001a3267000 	/System/Library/Frameworks/ApplicationServices.framework/Versions/A/Frameworks/ATS.framework/Versions/A/ATS
0x0000000198059000 	/System/Library/Frameworks/ApplicationServices.framework/Versions/A/Frameworks/HIServices.framework/Versions/A/HIServices
0x00000001a1b20000 	/System/Library/Frameworks/ApplicationServices.framework/Versions/A/Frameworks/PrintCore.framework/Versions/A/PrintCore
0x00000001a365a000 	/System/Library/Frameworks/ApplicationServices.framework/Versions/A/Frameworks/QD.framework/Versions/A/QD
0x00000001a3651000 	/System/Library/Frameworks/ApplicationServices.framework/Versions/A/Frameworks/ColorSyncLegacy.framework/Versions/A/ColorSyncLegacy
0x00000001a3239000 	/System/Library/Frameworks/ApplicationServices.framework/Versions/A/Frameworks/SpeechSynthesis.framework/Versions/A/SpeechSynthesis
0x000000019e4f7000 	/System/Library/PrivateFrameworks/CoreEmoji.framework/Versions/A/CoreEmoji
0x000000024557d000 	/System/Library/PrivateFrameworks/FontServices.framework/Versions/A/FontServices
0x00000001a104f000 	/System/Library/PrivateFrameworks/OTSVG.framework/Versions/A/OTSVG
0x000000019a72b000 	/System/Library/Frameworks/ApplicationServices.framework/Versions/A/Frameworks/ATS.framework/Versions/A/Resources/libFontRegistry.dylib
0x0000000278d31000 	/usr/lib/libhvf.dylib
0x000000025a41c000 	/System/Library/PrivateFrameworks/ParsingInternal.framework/Versions/A/ParsingInternal
0x0000000279979000 	/usr/lib/swift/libswiftRegexBuilder.dylib
0x0000000279b01000 	/usr/lib/swift/libswift_RegexParser.dylib
0x00000001a13ca000 	/System/Library/PrivateFrameworks/AppleJPEG.framework/Versions/A/AppleJPEG
0x00000001a0e6b000 	/usr/lib/libexpat.1.dylib
0x00000001a19f6000 	/System/Library/Frameworks/ImageIO.framework/Versions/A/Resources/libPng.dylib
0x00000001a1a21000 	/System/Library/Frameworks/ImageIO.framework/Versions/A/Resources/libTIFF.dylib
0x00000001a1b0b000 	/System/Library/Frameworks/ImageIO.framework/Versions/A/Resources/libGIF.dylib
0x00000001a1410000 	/System/Library/Frameworks/ImageIO.framework/Versions/A/Resources/libJP2.dylib
0x00000001a1ab2000 	/System/Library/Frameworks/ImageIO.framework/Versions/A/Resources/libJPEG.dylib
0x00000001a1aa9000 	/System/Library/Frameworks/ImageIO.framework/Versions/A/Resources/libRadiance.dylib
0x000000024a24c000 	/System/Library/PrivateFrameworks/GPUCompiler.framework/Versions/32023/Libraries/libllvm-flatbuffers.dylib
0x0000000245648000 	/System/Library/PrivateFrameworks/FramePacing.framework/Versions/A/FramePacing
0x00000001f16d8000 	/System/Library/Frameworks/OpenGL.framework/Versions/A/Libraries/libCoreFSCache.dylib
0x00000002461bd000 	/System/Library/PrivateFrameworks/GPUCompiler.framework/Versions/32023/Libraries/libGPUCompilerUtils.dylib
0x000000024557e000 	/System/Library/PrivateFrameworks/FontServices.framework/libXTFontStaticRegistryData.dylib
0x00000001ac756000 	/System/Library/PrivateFrameworks/ASEProcessing.framework/Versions/A/ASEProcessing
0x000000025d683000 	/System/Library/PrivateFrameworks/PhotosensitivityProcessing.framework/Versions/A/PhotosensitivityProcessing
0x00000001a1043000 	/System/Library/PrivateFrameworks/GraphVisualizer.framework/Versions/A/GraphVisualizer
0x00000001f1736000 	/System/Library/Frameworks/OpenGL.framework/Versions/A/Libraries/libGLU.dylib
0x00000001f16fa000 	/System/Library/Frameworks/OpenGL.framework/Versions/A/Libraries/libGFXShared.dylib
0x00000001f18c2000 	/System/Library/Frameworks/OpenGL.framework/Versions/A/Libraries/libGL.dylib
0x00000001f1703000 	/System/Library/Frameworks/OpenGL.framework/Versions/A/Libraries/libGLImage.dylib
0x00000001f16f7000 	/System/Library/Frameworks/OpenGL.framework/Versions/A/Libraries/libCVMSPluginSupport.dylib
0x00000001f16e0000 	/System/Library/Frameworks/OpenGL.framework/Versions/A/Libraries/libCoreVMClient.dylib
0x000000019d76f000 	/System/Library/Frameworks/MetalPerformanceShaders.framework/Versions/A/Frameworks/MPSCore.framework/Versions/A/MPSCore
0x000000019ee97000 	/System/Library/Frameworks/MetalPerformanceShaders.framework/Versions/A/Frameworks/MPSImage.framework/Versions/A/MPSImage
0x000000019e8e0000 	/System/Library/Frameworks/MetalPerformanceShaders.framework/Versions/A/Frameworks/MPSNeuralNetwork.framework/Versions/A/MPSNeuralNetwork
0x000000019ed17000 	/System/Library/Frameworks/MetalPerformanceShaders.framework/Versions/A/Frameworks/MPSMatrix.framework/Versions/A/MPSMatrix
0x000000019eb2c000 	/System/Library/Frameworks/MetalPerformanceShaders.framework/Versions/A/Frameworks/MPSRayIntersector.framework/Versions/A/MPSRayIntersector
0x000000019ed49000 	/System/Library/Frameworks/MetalPerformanceShaders.framework/Versions/A/Frameworks/MPSNDArray.framework/Versions/A/MPSNDArray
0x00000001f4fd8000 	/System/Library/Frameworks/MetalPerformanceShaders.framework/Versions/A/Frameworks/MPSFunctions.framework/Versions/A/MPSFunctions
0x00000001f4fba000 	/System/Library/Frameworks/MetalPerformanceShaders.framework/Versions/A/Frameworks/MPSBenchmarkLoop.framework/Versions/A/MPSBenchmarkLoop
0x0000000191ab0000 	/System/Library/PrivateFrameworks/MetalTools.framework/Versions/A/MetalTools
0x00000001bede0000 	/System/Library/PrivateFrameworks/IOAccelMemoryInfo.framework/Versions/A/IOAccelMemoryInfo
0x00000001cc4dc000 	/System/Library/PrivateFrameworks/kperf.framework/Versions/A/kperf
0x00000001ba15e000 	/System/Library/PrivateFrameworks/GPURawCounter.framework/Versions/A/GPURawCounter
0x00000001a1add000 	/System/Library/Frameworks/ApplicationServices.framework/Versions/A/Frameworks/ATSUI.framework/Versions/A/ATSUI
0x00000001a35e5000 	/usr/lib/libcups.2.dylib
0x00000001a367f000 	/System/Library/Frameworks/Kerberos.framework/Versions/A/Kerberos
0x00000001a32e5000 	/usr/lib/libresolv.9.dylib
0x000000019f4a7000 	/usr/lib/libiconv.2.dylib
0x00000001a10a1000 	/System/Library/PrivateFrameworks/Heimdal.framework/Versions/A/Heimdal
0x00000001ab56a000 	/System/Library/Frameworks/Kerberos.framework/Versions/A/Libraries/libHeimdalProxy.dylib
0x00000001a0e86000 	/usr/lib/libheimdal-asn1.dylib
0x000000019aa11000 	/System/Library/Frameworks/OpenDirectory.framework/Versions/A/OpenDirectory
0x00000001a36e2000 	/System/Library/PrivateFrameworks/CommonAuth.framework/Versions/A/CommonAuth
0x000000019aa1f000 	/System/Library/Frameworks/OpenDirectory.framework/Versions/A/Frameworks/CFOpenDirectory.framework/Versions/A/CFOpenDirectory
0x000000019f402000 	/usr/lib/libcharset.1.dylib
0x00000001f1c5e000 	/System/Library/Frameworks/AVFAudio.framework/Versions/A/AVFAudio
0x00000001b3a4a000 	/System/Library/PrivateFrameworks/AXCoreUtilities.framework/Versions/A/AXCoreUtilities
0x0000000251df0000 	/System/Library/PrivateFrameworks/IsolatedCoreAudioClient.framework/Versions/A/IsolatedCoreAudioClient
0x00000001a3220000 	/usr/lib/libAudioStatistics.dylib
0x000000019c881000 	/System/Library/PrivateFrameworks/caulk.framework/Versions/A/caulk
0x0000000193935000 	/System/Library/PrivateFrameworks/AudioToolboxCore.framework/Versions/A/AudioToolboxCore
0x00000001ad860000 	/System/Library/Frameworks/CoreMIDI.framework/Versions/A/CoreMIDI
0x00000001a31c2000 	/System/Library/PrivateFrameworks/AudioSession.framework/Versions/A/AudioSession
0x00000001a4afb000 	/System/Library/Frameworks/IOBluetooth.framework/Versions/A/IOBluetooth
0x00000001a0f70000 	/System/Library/PrivateFrameworks/MediaExperience.framework/Versions/A/MediaExperience
0x000000026beff000 	/System/Library/PrivateFrameworks/Tightbeam.framework/Versions/A/Tightbeam
0x000000023fde3000 	/System/Library/PrivateFrameworks/CoreAudioOrchestration.framework/Versions/A/CoreAudioOrchestration
0x00000001d0e14000 	/System/Library/PrivateFrameworks/AFKUser.framework/Versions/A/AFKUser
0x00000001ba162000 	/usr/lib/swift/libswiftCoreAudio.dylib
0x00000001a1090000 	/System/Library/PrivateFrameworks/AppServerSupport.framework/Versions/A/AppServerSupport
0x00000001a3663000 	/System/Library/PrivateFrameworks/perfdata.framework/Versions/A/perfdata
0x00000001b9316000 	/System/Library/PrivateFrameworks/SystemPolicy.framework/Versions/A/SystemPolicy
0x00000001a3504000 	/usr/lib/libSMC.dylib
0x00000001a19c0000 	/usr/lib/libAudioToolboxUtility.dylib
0x00000001a3671000 	/usr/lib/libperfcheck.dylib
0x000000023bc2b000 	/System/Library/PrivateFrameworks/AudioAnalytics.framework/Versions/A/AudioAnalytics
0x00000001dd925000 	/System/Library/Frameworks/OSLog.framework/Versions/A/OSLog
0x00000001ba129000 	/usr/lib/libmis.dylib
0x00000001a2fd0000 	/System/Library/PrivateFrameworks/AudioSession.framework/libSessionUtility.dylib
0x00000001a1b11000 	/System/Library/PrivateFrameworks/CMCaptureCore.framework/Versions/A/CMCaptureCore
0x00000001f3307000 	/System/Library/Frameworks/ExtensionFoundation.framework/Versions/A/ExtensionFoundation
0x00000001a9234000 	/System/Library/PrivateFrameworks/CoreTime.framework/Versions/A/CoreTime
0x00000001a0d6a000 	/System/Library/PrivateFrameworks/PlugInKit.framework/Versions/A/PlugInKit
0x00000001a7d5b000 	/System/Library/Frameworks/CoreBluetooth.framework/Versions/A/CoreBluetooth
0x00000001ab56b000 	/System/Library/Frameworks/AudioUnit.framework/Versions/A/AudioUnit
0x000000019e5bb000 	/System/Library/PrivateFrameworks/CoreUtils.framework/Versions/A/CoreUtils
0x0000000242d96000 	/System/Library/PrivateFrameworks/CoreUtilsExtras.framework/Versions/A/CoreUtilsExtras
0x00000001a7194000 	/System/Library/Frameworks/MediaAccessibility.framework/Versions/A/MediaAccessibility
0x00000001c2780000 	/System/Library/PrivateFrameworks/AttributeGraph.framework/Versions/A/AttributeGraph
0x00000002785ed000 	/usr/lib/libAXSafeCategoryBundle.dylib
0x00000001b3b06000 	/usr/lib/libAccessibility.dylib
0x000000019e405000 	/System/Library/Frameworks/Accelerate.framework/Versions/A/Frameworks/vecLib.framework/Versions/A/libvDSP.dylib
0x000000019f76f000 	/System/Library/Frameworks/Accelerate.framework/Versions/A/Frameworks/vecLib.framework/Versions/A/libLAPACK.dylib
0x000000019e8cb000 	/System/Library/Frameworks/Accelerate.framework/Versions/A/Frameworks/vecLib.framework/Versions/A/libLinearAlgebra.dylib
0x000000019f66a000 	/System/Library/Frameworks/Accelerate.framework/Versions/A/Frameworks/vecLib.framework/Versions/A/libSparseBLAS.dylib
0x000000019f76a000 	/System/Library/Frameworks/Accelerate.framework/Versions/A/Frameworks/vecLib.framework/Versions/A/libQuadrature.dylib
0x000000019d958000 	/System/Library/Frameworks/Accelerate.framework/Versions/A/Frameworks/vecLib.framework/Versions/A/libBNNS.dylib
0x00000001923d6000 	/System/Library/Frameworks/Accelerate.framework/Versions/A/Frameworks/vecLib.framework/Versions/A/libSparse.dylib
0x0000000253567000 	/System/Library/PrivateFrameworks/MIL.framework/Versions/A/MIL
0x00000001a1aa4000 	/System/Library/PrivateFrameworks/GPUWrangler.framework/Versions/A/GPUWrangler
0x00000001a1a84000 	/System/Library/PrivateFrameworks/IOPresentment.framework/Versions/A/IOPresentment
0x00000001a1aac000 	/System/Library/PrivateFrameworks/DSExternalDisplay.framework/Versions/A/DSExternalDisplay
0x00000001ddd2c000 	/System/Library/PrivateFrameworks/HIDDisplay.framework/Versions/A/HIDDisplay
0x00000001b2d24000 	/System/Library/PrivateFrameworks/HID.framework/Versions/A/HID
0x000000026f741000 	/System/Library/PrivateFrameworks/VideoToolboxParavirtualizationSupport.framework/Versions/A/VideoToolboxParavirtualizationSupport
0x00000001a0e22000 	/System/Library/PrivateFrameworks/AppleVA.framework/Versions/A/AppleVA
0x00000001a8da3000 	/System/Library/PrivateFrameworks/GraphicsServices.framework/Versions/A/GraphicsServices
0x00000001a3855000 	/System/Library/PrivateFrameworks/CorePhoneNumbers.framework/Versions/A/CorePhoneNumbers
0x00000001a7f43000 	/System/Library/PrivateFrameworks/MediaKit.framework/Versions/A/MediaKit
0x00000001a7e8e000 	/System/Library/Frameworks/DiscRecording.framework/Versions/A/DiscRecording
0x00000001a3644000 	/System/Library/PrivateFrameworks/NetAuth.framework/Versions/A/NetAuth
0x000000019ac0f000 	/System/Library/PrivateFrameworks/login.framework/Versions/A/Frameworks/loginsupport.framework/Versions/A/loginsupport
0x00000001a0e90000 	/System/Library/PrivateFrameworks/IconFoundation.framework/Versions/A/IconFoundation
0x00000001a0c0d000 	/usr/lib/libIOReport.dylib
0x000000023b83b000 	/System/Library/PrivateFrameworks/AppleMobileFileIntegrity.framework/Versions/A/AppleMobileFileIntegrity
0x00000002789af000 	/usr/lib/libTLE.dylib
0x00000001ee734000 	/System/Library/PrivateFrameworks/ConfigProfileHelper.framework/Versions/A/ConfigProfileHelper
0x000000019e868000 	/usr/lib/libmecab.dylib
0x0000000192566000 	/usr/lib/libCRFSuite.dylib
0x000000019d834000 	/System/Library/PrivateFrameworks/CoreNLP.framework/Versions/A/CoreNLP
0x000000019f622000 	/usr/lib/libThaiTokenizer.dylib
0x000000019e832000 	/usr/lib/libCheckFix.dylib
0x0000000199e52000 	/System/Library/PrivateFrameworks/MetadataUtilities.framework/Versions/A/MetadataUtilities
0x000000024ed9c000 	/System/Library/PrivateFrameworks/InstalledContentLibrary.framework/Versions/A/InstalledContentLibrary
0x0000000195052000 	/System/Library/PrivateFrameworks/CoreServicesStore.framework/Versions/A/CoreServicesStore
0x00000001cc5e6000 	/System/Library/PrivateFrameworks/MobileSystemServices.framework/Versions/A/MobileSystemServices
0x00000001a0ace000 	/usr/lib/libxslt.1.dylib
0x000000019e7f5000 	/System/Library/PrivateFrameworks/BackgroundTaskManagement.framework/Versions/A/BackgroundTaskManagement
0x00000001aacca000 	/usr/lib/libcurl.4.dylib
0x0000000278be3000 	/usr/lib/libcrypto.46.dylib
0x000000027970d000 	/usr/lib/libssl.48.dylib
0x00000001aa9a2000 	/System/Library/Frameworks/LDAP.framework/Versions/A/LDAP
0x00000001aa9de000 	/System/Library/PrivateFrameworks/TrustEvaluationAgent.framework/Versions/A/TrustEvaluationAgent
0x00000001a3302000 	/usr/lib/libsasl2.2.dylib
0x00000001b74eb000 	/usr/lib/swift/libswiftCoreGraphics.dylib
0x00000001a77c3000 	/usr/lib/swift/libswiftFoundation.dylib
0x00000001ee1be000 	/usr/lib/swift/libswiftSwiftOnoneSupport.dylib
0x00000001d9fd8000 	/System/Library/PrivateFrameworks/CoreMaterial.framework/Versions/A/CoreMaterial
0x000000025ffa6000 	/System/Library/PrivateFrameworks/SFSymbols.framework/Versions/A/SFSymbols
0x00000001a6a8e000 	/System/Library/PrivateFrameworks/SpeechRecognitionCore.framework/Versions/A/SpeechRecognitionCore
0x0000000103c58000 	/Users/mathewmalyil/Library/Java/JavaVirtualMachines/ms-17.0.15/Contents/Home/lib/server/libjvm.dylib
0x0000000102ad4000 	/Users/mathewmalyil/Library/Java/JavaVirtualMachines/ms-17.0.15/Contents/Home/lib/libjimage.dylib
0x0000000102b08000 	/Users/mathewmalyil/Library/Java/JavaVirtualMachines/ms-17.0.15/Contents/Home/lib/libinstrument.dylib
0x0000000102b5c000 	/Users/mathewmalyil/Library/Java/JavaVirtualMachines/ms-17.0.15/Contents/Home/lib/libjava.dylib
0x0000000103aa4000 	/Users/mathewmalyil/Library/Java/JavaVirtualMachines/ms-17.0.15/Contents/Home/lib/libzip.dylib
0x0000000103a78000 	/Users/mathewmalyil/Library/Java/JavaVirtualMachines/ms-17.0.15/Contents/Home/lib/libnio.dylib
0x0000000103c00000 	/Users/mathewmalyil/Library/Java/JavaVirtualMachines/ms-17.0.15/Contents/Home/lib/libnet.dylib
0x0000000103ad0000 	/Users/mathewmalyil/Library/Java/JavaVirtualMachines/ms-17.0.15/Contents/Home/lib/libverify.dylib
0x0000000102b48000 	/Users/mathewmalyil/.gradle/native/1def1411415f61bf3af743bc5b6707747c0891f09f0c88961ee8f79bc544acac/osx-aarch64/libnative-platform.dylib
0x000000012e984000 	/Users/mathewmalyil/.gradle/native/0.2.7/aarch64-macos/libgradle-fileevents.dylib
0x0000000103c40000 	/Users/mathewmalyil/Library/Java/JavaVirtualMachines/ms-17.0.15/Contents/Home/lib/libmanagement.dylib
0x000000011f788000 	/Users/mathewmalyil/Library/Java/JavaVirtualMachines/ms-17.0.15/Contents/Home/lib/libmanagement_ext.dylib
0x000000011f7a0000 	/Users/mathewmalyil/Library/Java/JavaVirtualMachines/ms-17.0.15/Contents/Home/lib/libextnet.dylib


VM Arguments:
jvm_args: --add-opens=java.base/java.lang=ALL-UNNAMED --add-opens=java.base/java.lang.invoke=ALL-UNNAMED --add-opens=java.base/java.util=ALL-UNNAMED --add-opens=java.prefs/java.util.prefs=ALL-UNNAMED --add-exports=jdk.compiler/com.sun.tools.javac.api=ALL-UNNAMED --add-exports=jdk.compiler/com.sun.tools.javac.util=ALL-UNNAMED --add-opens=java.base/java.util=ALL-UNNAMED --add-opens=java.prefs/java.util.prefs=ALL-UNNAMED --add-opens=java.base/java.nio.charset=ALL-UNNAMED --add-opens=java.base/java.net=ALL-UNNAMED --add-opens=java.base/java.util.concurrent.atomic=ALL-UNNAMED --add-opens=java.xml/javax.xml.namespace=ALL-UNNAMED --add-opens=jdk.compiler/com.sun.tools.javac.main=ALL-UNNAMED -Xmx2048m -Dfile.encoding=UTF-8 -Duser.country=GB -Duser.language=en -Duser.variant -javaagent:/Users/mathewmalyil/.gradle/wrapper/dists/gradle-8.13-bin/5xuhj0ry160q40clulazy9h7d/gradle-8.13/lib/agents/gradle-instrumentation-agent-8.13.jar 
java_command: org.gradle.launcher.daemon.bootstrap.GradleDaemon 8.13
java_class_path (initial): /Users/mathewmalyil/.gradle/wrapper/dists/gradle-8.13-bin/5xuhj0ry160q40clulazy9h7d/gradle-8.13/lib/gradle-daemon-main-8.13.jar
Launcher Type: SUN_STANDARD

[Global flags]
     intx CICompilerCount                          = 4                                         {product} {ergonomic}
     uint ConcGCThreads                            = 2                                         {product} {ergonomic}
     uint G1ConcRefinementThreads                  = 8                                         {product} {ergonomic}
   size_t G1HeapRegionSize                         = 1048576                                   {product} {ergonomic}
    uintx GCDrainStackTargetSize                   = 64                                        {product} {ergonomic}
   size_t InitialHeapSize                          = 134217728                                 {product} {ergonomic}
   size_t MarkStackSize                            = 4194304                                   {product} {ergonomic}
   size_t MaxHeapSize                              = 2147483648                                {product} {command line}
   size_t MaxNewSize                               = 1287651328                                {product} {ergonomic}
   size_t MinHeapDeltaBytes                        = 1048576                                   {product} {ergonomic}
   size_t MinHeapSize                              = 8388608                                   {product} {ergonomic}
    uintx NonNMethodCodeHeapSize                   = 5839564                                {pd product} {ergonomic}
    uintx NonProfiledCodeHeapSize                  = 122909338                              {pd product} {ergonomic}
    uintx ProfiledCodeHeapSize                     = 122909338                              {pd product} {ergonomic}
    uintx ReservedCodeCacheSize                    = 251658240                              {pd product} {ergonomic}
     bool SegmentedCodeCache                       = true                                      {product} {ergonomic}
   size_t SoftMaxHeapSize                          = 2147483648                             {manageable} {ergonomic}
     bool UseCompressedClassPointers               = true                           {product lp64_product} {ergonomic}
     bool UseCompressedOops                        = true                           {product lp64_product} {ergonomic}
     bool UseG1GC                                  = true                                      {product} {ergonomic}
     bool UseNUMA                                  = false                                     {product} {ergonomic}
     bool UseNUMAInterleaving                      = false                                     {product} {ergonomic}

Logging:
Log output configuration:
 #0: stdout all=warning uptime,level,tags
 #1: stderr all=off uptime,level,tags

Environment Variables:
JAVA_HOME=/Users/mathewmalyil/Library/Java/JavaVirtualMachines/corretto-17.0.15/Contents/Home
PATH=/Users/mathewmalyil/Library/Python/3.9/bin:/Users/mathewmalyil/Library/Android/sdk/emulator:/Users/mathewmalyil/Library/Android/sdk/tools:/Users/mathewmalyil/Library/Android/sdk/tools/bin:/Users/mathewmalyil/Library/Android/sdk/platform-tools:/Users/mathewmalyil/Library/Java/JavaVirtualMachines/corretto-17.0.15/Contents/Home/bin:/usr/local/bin:/System/Cryptexes/App/usr/bin:/usr/bin:/bin:/usr/sbin:/sbin:/var/run/com.apple.security.cryptexd/codex.system/bootstrap/usr/local/bin:/var/run/com.apple.security.cryptexd/codex.system/bootstrap/usr/bin:/var/run/com.apple.security.cryptexd/codex.system/bootstrap/usr/appleinternal/bin
SHELL=/bin/zsh
LC_CTYPE=UTF-8
TERM=xterm-256color
TMPDIR=/var/folders/xl/f9cbvyl17dj8r3s3rd5n4bfh0000gp/T/

Active Locale:
LC_ALL=C/UTF-8/C/C/C/C
LC_COLLATE=C
LC_CTYPE=UTF-8
LC_MESSAGES=C
LC_MONETARY=C
LC_NUMERIC=C
LC_TIME=C

Signal Handlers:
   SIGSEGV: crash_handler in libjvm.dylib, mask=11100110000111110111111111111111, flags=SA_RESTART|SA_SIGINFO, unblocked
    SIGBUS: crash_handler in libjvm.dylib, mask=11100110000111110111111111111111, flags=SA_RESTART|SA_SIGINFO, unblocked
    SIGFPE: crash_handler in libjvm.dylib, mask=11100110000111110111111111111111, flags=SA_RESTART|SA_SIGINFO, unblocked
   SIGPIPE: javaSignalHandler in libjvm.dylib, mask=11100110000111110111111111111111, flags=SA_RESTART|SA_SIGINFO, blocked
   SIGXFSZ: javaSignalHandler in libjvm.dylib, mask=11100110000111110111111111111111, flags=SA_RESTART|SA_SIGINFO, blocked
    SIGILL: crash_handler in libjvm.dylib, mask=11100110000111110111111111111111, flags=SA_RESTART|SA_SIGINFO, unblocked
   SIGUSR2: SR_handler in libjvm.dylib, mask=00000000000000000000000000000000, flags=SA_RESTART|SA_SIGINFO, blocked
    SIGHUP: UserHandler in libjvm.dylib, mask=11100110000111110111111111111111, flags=SA_RESTART|SA_SIGINFO, blocked
    SIGINT: UserHandler in libjvm.dylib, mask=11100110000111110111111111111111, flags=SA_RESTART|SA_SIGINFO, blocked
   SIGTERM: UserHandler in libjvm.dylib, mask=11100110000111110111111111111111, flags=SA_RESTART|SA_SIGINFO, blocked
   SIGQUIT: UserHandler in libjvm.dylib, mask=11100110000111110111111111111111, flags=SA_RESTART|SA_SIGINFO, blocked
   SIGTRAP: crash_handler in libjvm.dylib, mask=11100110000111110111111111111111, flags=SA_RESTART|SA_SIGINFO, unblocked


Periodic native trim disabled


---------------  S Y S T E M  ---------------

OS:
uname: Darwin 24.6.0 Darwin Kernel Version 24.6.0: Mon Jul 14 11:30:51 PDT 2025; root:xnu-11417.140.69~1/RELEASE_ARM64_T8112 arm64
OS uptime: 0 days 0:30 hours
rlimit (soft/hard): STACK 8176k/65520k , CORE 0k/infinity , NPROC 1333/2000 , NOFILE 1048576/infinity , AS infinity/infinity , CPU infinity/infinity , DATA infinity/infinity , FSIZE infinity/infinity , MEMLOCK infinity/infinity , RSS infinity/infinity
load average: 17.55 16.91 10.46

CPU: total 8 (initial active 8) 0x61:0x0:0xda33d83d:0, fp, simd, crc, lse
machdep.cpu.brand_string:Apple M2
hw.cachelinesize:128
hw.l1icachesize:131072
hw.l1dcachesize:65536
hw.l2cachesize:4194304

Memory: 16k page, physical 8388608k(128000k free), swap 3145728k(954688k free)

vm_info: OpenJDK 64-Bit Server VM (17.0.15+6-LTS) for bsd-aarch64 JRE (17.0.15+6-LTS), built on Apr  9 2025 22:12:40 by "MicrosoftCorporation" with clang Apple LLVM 12.0.5 (clang-1205.0.22.9)

END.
