#
# A fatal error has been detected by the Java Runtime Environment:
#
#  SIGSEGV (0xb) at pc=0x0000000103dc892c, pid=1078, tid=24323
#
# JRE version: OpenJDK Runtime Environment Microsoft-11369864 (17.0.15+6) (build 17.0.15+6-LTS)
# Java VM: OpenJDK 64-Bit Server VM Microsoft-11369864 (17.0.15+6-LTS, mixed mode, sharing, tiered, compressed oops, compressed class ptrs, g1 gc, bsd-aarch64)
# Problematic frame:
# V  [libjvm.dylib+0x29892c]  Compile::start() const+0xc
#
# No core dump will be written. Core dumps have been disabled. To enable core dumping, try "ulimit -c unlimited" before starting Java again
#
# If you would like to submit a bug report, please visit:
#   https://github.com/microsoft/openjdk/issues
#

---------------  S U M M A R Y ------------

Command Line: --add-opens=java.base/java.lang=ALL-UNNAMED --add-opens=java.base/java.lang.invoke=ALL-UNNAMED --add-opens=java.base/java.util=ALL-UNNAMED --add-opens=java.prefs/java.util.prefs=ALL-UNNAMED --add-exports=jdk.compiler/com.sun.tools.javac.api=ALL-UNNAMED --add-exports=jdk.compiler/com.sun.tools.javac.util=ALL-UNNAMED --add-opens=java.base/java.util=ALL-UNNAMED --add-opens=java.prefs/java.util.prefs=ALL-UNNAMED --add-opens=java.base/java.nio.charset=ALL-UNNAMED --add-opens=java.base/java.net=ALL-UNNAMED --add-opens=java.base/java.util.concurrent.atomic=ALL-UNNAMED --add-opens=java.xml/javax.xml.namespace=ALL-UNNAMED --add-opens=jdk.compiler/com.sun.tools.javac.main=ALL-UNNAMED -Xmx2048m -Dfile.encoding=UTF-8 -Duser.country=GB -Duser.language=en -Duser.variant -javaagent:/Users/mathewmalyil/.gradle/wrapper/dists/gradle-8.13-bin/5xuhj0ry160q40clulazy9h7d/gradle-8.13/lib/agents/gradle-instrumentation-agent-8.13.jar org.gradle.launcher.daemon.bootstrap.GradleDaemon 8.13

Host: "Mac14,2" arm64, 8 cores, 8G, Darwin 24.5.0, macOS 15.5 (24F74)
Time: Sat Jun 28 08:49:41 2025 IST elapsed time: 1892.707558 seconds (0d 0h 31m 32s)

---------------  T H R E A D  ---------------

Current thread (0x0000000121038800):  JavaThread "C2 CompilerThread0" daemon [_thread_in_native, id=24323, stack(0x000000016ef6c000,0x000000016f16f000)]


Current CompileTask:
C2:1892707 100793       4       org.jetbrains.org.objectweb.asm.ClassReader::readElementValue (1237 bytes)

Stack: [0x000000016ef6c000,0x000000016f16f000],  sp=0x000000016f16b740,  free space=2045k
Native frames: (J=compiled Java code, j=interpreted, Vv=VM code, C=native code)
V  [libjvm.dylib+0x29892c]  Compile::start() const+0xc
V  [libjvm.dylib+0x6f808c]  PhaseMacroExpand::value_from_mem(Node*, Node*, BasicType, Type const*, TypeOopPtr const*, AllocateNode*)+0x64
V  [libjvm.dylib+0x6f990c]  PhaseMacroExpand::create_scalarized_object_description(AllocateNode*, SafePointNode*)+0x450
V  [libjvm.dylib+0x3545c4]  ConnectionGraph::reduce_phi_on_safepoints(PhiNode*, Unique_Node_List*)+0x434
V  [libjvm.dylib+0x353008]  ConnectionGraph::reduce_phi(PhiNode*)+0x17c
V  [libjvm.dylib+0x34f89c]  ConnectionGraph::compute_escape()+0xd10
V  [libjvm.dylib+0x34eae4]  ConnectionGraph::do_analysis(Compile*, PhaseIterGVN*)+0xd0
V  [libjvm.dylib+0x299554]  Compile::Optimize()+0x9c0
V  [libjvm.dylib+0x297d50]  Compile::Compile(ciEnv*, ciMethod*, int, bool, bool, bool, bool, bool, bool, bool, DirectiveSet*)+0xb30
V  [libjvm.dylib+0x29a71c]  Compile::Compile(ciEnv*, ciMethod*, int, bool, bool, bool, bool, bool, bool, bool, DirectiveSet*)+0x30
V  [libjvm.dylib+0x205194]  C2Compiler::compile_method(ciEnv*, ciMethod*, int, bool, DirectiveSet*)+0x12c
V  [libjvm.dylib+0x2a9850]  CompileBroker::invoke_compiler_on_method(CompileTask*)+0x548
V  [libjvm.dylib+0x2a915c]  CompileBroker::compiler_thread_loop()+0x3f0
V  [libjvm.dylib+0x9bdf14]  JavaThread::thread_main_inner()+0x15c
V  [libjvm.dylib+0x9bc574]  Thread::call_run()+0xcc
V  [libjvm.dylib+0x7d9064]  thread_native_entry(Thread*)+0x158
C  [libsystem_pthread.dylib+0x6c0c]  _pthread_start+0x88


siginfo: si_signo: 11 (SIGSEGV), si_code: 2 (SEGV_ACCERR), si_addr: 0x0000000000000020

Registers:
 x0=0x000000016f16e078  x1=0x000000013abd16f0  x2=0x0000000000000000  x3=0x0000000000000000
 x4=0x00000001218da108  x5=0x000000013f121500  x6=0x000000013f605730  x7=0x0000000000000c93
 x8=0x0000000000000000  x9=0x000000016f16e548 x10=0x000000013f121500 x11=0x000000013f121500
x12=0x000000013fb04150 x13=0x0000000000000001 x14=0x0000000000000000 x15=0x000000013fa500d8
x16=0x0000000000000040 x17=0x00006000028b4e70 x18=0x0000000000000000 x19=0x000000016f16b8f0
x20=0x000000013f605730 x21=0x000000013f121500 x22=0x000000013f605730 x23=0x000000000000000a
x24=0x000000000000000c x25=0x000000013fc7d350 x26=0x000000000000003d x27=0x00000001218da108
x28=0x000000000000000c  fp=0x000000016f16b740  lr=0x000000010422808c  sp=0x000000016f16b740
pc=0x0000000103dc892c cpsr=0x0000000020001000

Register to memory mapping:

 x0=0x000000016f16e078 is pointing into the stack for thread: 0x0000000121038800
 x1=0x000000013abd16f0 points into unknown readable memory: 0x0000000104728890 | 90 88 72 04 01 00 00 00
 x2=0x0 is NULL
 x3=0x0 is NULL
 x4=0x00000001218da108 points into unknown readable memory: 0x00000001047631e8 | e8 31 76 04 01 00 00 00
 x5=0x000000013f121500 points into unknown readable memory: 0x00000001047634c0 | c0 34 76 04 01 00 00 00
 x6=0x000000013f605730 points into unknown readable memory: 0x0000000104726df0 | f0 6d 72 04 01 00 00 00
 x7=0x0000000000000c93 is an unknown value
 x8=0x0 is NULL
 x9=0x000000016f16e548 is pointing into the stack for thread: 0x0000000121038800
x10=0x000000013f121500 points into unknown readable memory: 0x00000001047634c0 | c0 34 76 04 01 00 00 00
x11=0x000000013f121500 points into unknown readable memory: 0x00000001047634c0 | c0 34 76 04 01 00 00 00
x12=0x000000013fb04150 points into unknown readable memory: 0xffffffff00000012 | 12 00 00 00 ff ff ff ff
x13=0x0000000000000001 is an unknown value
x14=0x0 is NULL
x15=0x000000013fa500d8 points into unknown readable memory: 0x0000000104758fd8 | d8 8f 75 04 01 00 00 00
x16=0x0000000000000040 is an unknown value
x17=0x00006000028b4e70 points into unknown readable memory: 0xfffffffffffffffe | fe ff ff ff ff ff ff ff
x18=0x0 is NULL
x19=0x000000016f16b8f0 is pointing into the stack for thread: 0x0000000121038800
x20=0x000000013f605730 points into unknown readable memory: 0x0000000104726df0 | f0 6d 72 04 01 00 00 00
x21=0x000000013f121500 points into unknown readable memory: 0x00000001047634c0 | c0 34 76 04 01 00 00 00
x22=0x000000013f605730 points into unknown readable memory: 0x0000000104726df0 | f0 6d 72 04 01 00 00 00
x23=0x000000000000000a is an unknown value
x24=0x000000000000000c is an unknown value
x25=0x000000013fc7d350 points into unknown readable memory: 0x0000000104756ea8 | a8 6e 75 04 01 00 00 00
x26=0x000000000000003d is an unknown value
x27=0x00000001218da108 points into unknown readable memory: 0x00000001047631e8 | e8 31 76 04 01 00 00 00
x28=0x000000000000000c is an unknown value


Top of Stack: (sp=0x000000016f16b740)
0x000000016f16b740:   000000016f16b810 000000010422808c
0x000000016f16b750:   000000013fc7d558 000000013f121500
0x000000016f16b760:   00000001218da108 000000013f123a60
0x000000016f16b770:   000000016f16b780 0000000104502f18
0x000000016f16b780:   000000016f16b7e0 0000000103e68c08
0x000000016f16b790:   000000000000000c 00000001218da108
0x000000016f16b7a0:   000000013f121120 000000000000000a
0x000000016f16b7b0:   000000013abd16f0 000000016f16b8f0
0x000000016f16b7c0:   000000000000000c 00000001218da108
0x000000016f16b7d0:   000000013f121120 000000000000000a
0x000000016f16b7e0:   000000013abd16f0 000000016f16b8f0
0x000000016f16b7f0:   000000013f605730 0000000000000000
0x000000016f16b800:   0000000000000000 000000013fc7d5c0
0x000000016f16b810:   000000016f16b8b0 000000010422990c
0x000000016f16b820:   0000000104738528 000000013ad80788
0x000000016f16b830:   000000013fc7d5c0 000000019bf940f8
0x000000016f16b840:   000000013f121120 000000013abd16f0
0x000000016f16b850:   0000000000000004 0000000000000000
0x000000016f16b860:   000000013ae2cc90 000000013fc7d5c0
0x000000016f16b870:   000000013ad80718 000000013f605730
0x000000016f16b880:   0000000000000000 0000000000000001
0x000000016f16b890:   0000000000000006 000000016f16e078
0x000000016f16b8a0:   000000013b44f150 000000013b32d828
0x000000016f16b8b0:   000000016f16b9b0 0000000103e845c4
0x000000016f16b8c0:   000000013ad80598 000000013f8af778
0x000000016f16b8d0:   000000016f16b9c8 000000019bf940f8
0x000000016f16b8e0:   000000013ad80458 0000000000000000
0x000000016f16b8f0:   000000000000000f 000000016f16e078
0x000000016f16b900:   000000016f16c930 00000001045009fc
0x000000016f16b910:   0000000000000001 000000013b5d8c00
0x000000016f16b920:   0000000000000004 0000000000000020
0x000000016f16b930:   0000600000db2190 000000013b5d8be0 

Instructions: (pc=0x0000000103dc892c)
0x0000000103dc882c:   b4 0a 00 f9 75 16 04 f9 fd 7b 42 a9 f4 4f 41 a9
0x0000000103dc883c:   f6 57 c3 a8 c0 03 5f d6 f4 4f be a9 fd 7b 01 a9
0x0000000103dc884c:   fd 43 00 91 f3 03 01 aa c8 4e 00 f0 08 8d 0c 91
0x0000000103dc885c:   03 01 40 39 04 00 80 52 0a e2 1c 94 1f 4c 04 a9
0x0000000103dc886c:   1f 40 01 39 1f 1c 00 f9 fd 7b 41 a9 f4 4f c2 a8
0x0000000103dc887c:   c0 03 5f d6 fd 7b bf a9 fd 03 00 91 fd 7b c1 a8
0x0000000103dc888c:   c0 03 5f d6 ff c3 00 d1 f4 4f 01 a9 fd 7b 02 a9
0x0000000103dc889c:   fd 83 00 91 f4 03 01 aa f3 03 00 aa 00 b8 40 f9
0x0000000103dc88ac:   02 00 80 52 b6 4f fe 97 60 c2 40 f9 a0 00 00 b4
0x0000000103dc88bc:   f4 03 00 f9 21 42 00 d0 21 68 26 91 11 43 1f 94
0x0000000103dc88cc:   68 c6 40 f9 48 00 00 b5 74 c6 00 f9 74 06 40 f9
0x0000000103dc88dc:   30 b1 fd 97 81 c6 40 f9 3f 00 00 eb 20 01 00 54
0x0000000103dc88ec:   80 00 00 b4 61 00 00 b4 3c 28 20 94 a0 00 00 34
0x0000000103dc88fc:   60 06 40 f9 21 05 80 52 23 00 80 52 0b 2e 00 94
0x0000000103dc890c:   7f 6a 01 f9 fd 7b 42 a9 f4 4f 41 a9 ff c3 00 91
0x0000000103dc891c:   c0 03 5f d6 fd 7b bf a9 fd 03 00 91 08 68 41 f9
0x0000000103dc892c:   09 21 40 b9 49 01 00 34 08 09 40 f9 09 0d 09 8b
0x0000000103dc893c:   00 85 40 f8 0a 2c 40 b9 4a 0d 00 12 5f 25 00 71
0x0000000103dc894c:   80 01 00 54 1f 01 09 eb 43 ff ff 54 21 42 00 d0
0x0000000103dc895c:   21 8c 1b 91 23 42 00 d0 63 18 1c 91 00 00 bc 52
0x0000000103dc896c:   02 8a 80 52 04 d8 00 94 90 00 15 94 00 00 80 d2
0x0000000103dc897c:   fd 7b c1 a8 c0 03 5f d6 ff c3 03 d1 fc 6f 09 a9
0x0000000103dc898c:   fa 67 0a a9 f8 5f 0b a9 f6 57 0c a9 f4 4f 0d a9
0x0000000103dc899c:   fd 7b 0e a9 fd 83 03 91 f4 03 01 aa f3 03 00 aa
0x0000000103dc89ac:   55 4e 00 f0 b5 e2 36 91 b9 02 40 f9 e0 03 15 aa
0x0000000103dc89bc:   20 03 3f d6 08 00 40 f9 16 1d 41 f9 d7 6a 41 a9
0x0000000103dc89cc:   db 62 42 a9 61 ca 43 f9 62 ce 43 f9 e0 03 00 91
0x0000000103dc89dc:   43 00 80 52 de e8 15 94 e8 02 40 f9 c8 00 00 b4
0x0000000103dc89ec:   e0 03 16 aa e1 03 18 aa 08 68 fa 97 e0 03 17 aa
0x0000000103dc89fc:   b1 67 fa 97 c8 0e 40 f9 1f 01 1a eb 60 00 00 54
0x0000000103dc8a0c:   d7 6a 01 a9 db 12 00 f9 e0 03 15 aa 20 03 3f d6
0x0000000103dc8a1c:   08 00 40 f9 15 1d 41 f9 b6 62 41 a9 b9 5e 42 a9 


Stack slot to memory mapping:
stack at sp + 0 slots: 0x000000016f16b810 is pointing into the stack for thread: 0x0000000121038800
stack at sp + 1 slots: 0x000000010422808c: _ZN16PhaseMacroExpand14value_from_memEP4NodeS1_9BasicTypePK4TypePK10TypeOopPtrP12AllocateNode+0x64 in /Users/mathewmalyil/Library/Java/JavaVirtualMachines/ms-17.0.15/Contents/Home/lib/server/libjvm.dylib at 0x0000000103b30000
stack at sp + 2 slots: 0x000000013fc7d558 points into unknown readable memory: 0x000000010472bd60 | 60 bd 72 04 01 00 00 00
stack at sp + 3 slots: 0x000000013f121500 points into unknown readable memory: 0x00000001047634c0 | c0 34 76 04 01 00 00 00
stack at sp + 4 slots: 0x00000001218da108 points into unknown readable memory: 0x00000001047631e8 | e8 31 76 04 01 00 00 00
stack at sp + 5 slots: 0x000000013f123a60 points into unknown readable memory: 0x00000001047634c0 | c0 34 76 04 01 00 00 00
stack at sp + 6 slots: 0x000000016f16b780 is pointing into the stack for thread: 0x0000000121038800
stack at sp + 7 slots: 0x0000000104502f18: _ZN4Type3cmpEPKS_S1_+0x24 in /Users/mathewmalyil/Library/Java/JavaVirtualMachines/ms-17.0.15/Contents/Home/lib/server/libjvm.dylib at 0x0000000103b30000


---------------  P R O C E S S  ---------------

Threads class SMR info:
_java_thread_list=0x00006000043d29c0, length=174, elements={
0x000000012100dc00, 0x0000000121030600, 0x00000001218ac800, 0x00000001218aac00,
0x00000001218b0800, 0x00000001218ab200, 0x0000000121038800, 0x0000000121038e00,
0x0000000121039400, 0x0000000121039a00, 0x00000001218ac200, 0x0000000121e14800,
0x0000000121e7c200, 0x0000000121036800, 0x000000011fa22000, 0x000000011fa48a00,
0x00000001201ff600, 0x0000000121fff400, 0x000000013d019200, 0x000000013c3cbc00,
0x0000000121f6a600, 0x000000013d1ce600, 0x000000013d1cec00, 0x000000013d1d0000,
0x000000013d1d0600, 0x000000013d1d0c00, 0x0000000121f6d000, 0x000000013c527800,
0x000000011ff90c00, 0x000000011fd69e00, 0x000000013e399000, 0x000000013fbb5400,
0x000000013b711000, 0x0000000168ad5c00, 0x000000013f248a00, 0x0000000121ea4600,
0x000000013f171000, 0x000000013fb17c00, 0x000000013f2d3000, 0x000000013f58b800,
0x000000013b435800, 0x000000013d1c6000, 0x000000013fbb4e00, 0x000000013f56ce00,
0x000000013a8b3e00, 0x000000013ae76c00, 0x000000013a97f000, 0x000000013e706c00,
0x000000013d444600, 0x000000013ac57400, 0x000000013f565000, 0x0000000121910e00,
0x000000013d428600, 0x0000000121ea3000, 0x0000000121906000, 0x0000000121f96800,
0x0000000121f96e00, 0x000000013fb42400, 0x000000013fb42a00, 0x000000013d39b600,
0x000000013d1a6e00, 0x000000013b08fa00, 0x000000013b435e00, 0x000000013e059200,
0x000000013d306e00, 0x000000013f2b3000, 0x000000013b5f1800, 0x0000000121964200,
0x0000000121964800, 0x000000013f406a00, 0x000000013f9cea00, 0x000000013fbab600,
0x000000013ae7f200, 0x000000013abd9c00, 0x000000013ac5a200, 0x000000013ac5a800,
0x000000013acf6c00, 0x000000013fbabc00, 0x000000013acf7200, 0x000000013f407000,
0x000000013f6e3400, 0x000000013f6e3a00, 0x000000013f2b6000, 0x000000013b05ac00,
0x000000013d647e00, 0x000000013b5f0800, 0x000000013e0a5800, 0x000000013f2b6600,
0x000000013f3fc800, 0x000000013adc0400, 0x000000013f3fce00, 0x000000013ad13400,
0x000000013fb16c00, 0x000000013ad13a00, 0x000000012190b400, 0x000000013ac55200,
0x000000013ac56800, 0x000000013ac56e00, 0x000000013aa8c000, 0x000000013aa8c600,
0x000000013aa8cc00, 0x000000013ac02400, 0x000000013ac03800, 0x000000013ffb0a00,
0x000000013ffb1000, 0x000000013ac03e00, 0x000000013ffb1600, 0x0000000168ad5600,
0x000000013f61d200, 0x000000013d357200, 0x000000013f169400, 0x000000013ac52e00,
0x000000011fdcd000, 0x000000013ac53e00, 0x0000000121ed3000, 0x000000013f1a9a00,
0x000000013fab4e00, 0x0000000121ee6200, 0x000000013fd19600, 0x000000013fd19c00,
0x000000013fd1a200, 0x000000013fd1a800, 0x000000011ff1d800, 0x000000013ab81800,
0x000000013ab81e00, 0x000000013ab8da00, 0x000000013ab8e000, 0x000000013fd25800,
0x000000013f502000, 0x000000013d7d6600, 0x000000013fd28600, 0x000000013e0a5e00,
0x000000013fd25e00, 0x000000013fd2ac00, 0x000000013fd32c00, 0x000000013fd2da00,
0x000000013fd2b200, 0x000000013fd2e000, 0x000000013fd2b800, 0x000000013fd30600,
0x000000013ab9ce00, 0x000000013ab8e600, 0x000000013ac6ac00, 0x000000013ac6b200,
0x000000013ab9d400, 0x000000013ab9e000, 0x000000013fd3c200, 0x000000013f7fcc00,
0x000000013f1ef800, 0x000000013f7fd200, 0x000000013f7fd800, 0x000000013f7fde00,
0x000000013f518600, 0x000000013f61cc00, 0x000000013c8c3200, 0x0000000121f6b200,
0x000000013ba18200, 0x0000000121973e00, 0x000000013a87f400, 0x0000000121972000,
0x0000000121047800, 0x000000013b815c00, 0x0000000168c9ee00, 0x000000013ac05a00,
0x000000013ad0fc00, 0x000000013ecc9a00, 0x000000013ecce800, 0x000000013f1f5600,
0x000000013d29ca00, 0x000000013fface00, 0x000000013ffac600, 0x000000013d7c5600,
0x000000013ad2ae00, 0x000000013aff9200
}

Java Threads: ( => current thread )
  0x000000012100dc00 JavaThread "main" [_thread_blocked, id=5891, stack(0x000000016d5c4000,0x000000016d7c7000)]
  0x0000000121030600 JavaThread "Reference Handler" daemon [_thread_blocked, id=30467, stack(0x000000016e418000,0x000000016e61b000)]
  0x00000001218ac800 JavaThread "Finalizer" daemon [_thread_blocked, id=22275, stack(0x000000016e624000,0x000000016e827000)]
  0x00000001218aac00 JavaThread "Signal Dispatcher" daemon [_thread_blocked, id=27907, stack(0x000000016e948000,0x000000016eb4b000)]
  0x00000001218b0800 JavaThread "Service Thread" daemon [_thread_blocked, id=23555, stack(0x000000016eb54000,0x000000016ed57000)]
  0x00000001218ab200 JavaThread "Monitor Deflation Thread" daemon [_thread_blocked, id=27395, stack(0x000000016ed60000,0x000000016ef63000)]
=>0x0000000121038800 JavaThread "C2 CompilerThread0" daemon [_thread_in_native, id=24323, stack(0x000000016ef6c000,0x000000016f16f000)]
  0x0000000121038e00 JavaThread "C1 CompilerThread0" daemon [_thread_blocked, id=27139, stack(0x000000016f178000,0x000000016f37b000)]
  0x0000000121039400 JavaThread "Sweeper thread" daemon [_thread_blocked, id=26627, stack(0x000000016f384000,0x000000016f587000)]
  0x0000000121039a00 JavaThread "Common-Cleaner" daemon [_thread_blocked, id=26115, stack(0x000000016f590000,0x000000016f793000)]
  0x00000001218ac200 JavaThread "Notification Thread" daemon [_thread_blocked, id=25091, stack(0x000000016f79c000,0x000000016f99f000)]
  0x0000000121e14800 JavaThread "Daemon health stats" [_thread_blocked, id=33539, stack(0x000000016ffcc000,0x00000001701cf000)]
  0x0000000121e7c200 JavaThread "Incoming local TCP Connector on port 49228" [_thread_in_native, id=42755, stack(0x00000001701d8000,0x00000001703db000)]
  0x0000000121036800 JavaThread "Daemon periodic checks" [_thread_blocked, id=42499, stack(0x00000001703e4000,0x00000001705e7000)]
  0x000000011fa22000 JavaThread "Cache worker for journal cache (/Users/mathewmalyil/.gradle/caches/journal-1)" [_thread_blocked, id=37635, stack(0x0000000171e80000,0x0000000172083000)]
  0x000000011fa48a00 JavaThread "File lock request listener" [_thread_in_native, id=39427, stack(0x000000017208c000,0x000000017228f000)]
  0x00000001201ff600 JavaThread "Cache worker for file hash cache (/Users/mathewmalyil/.gradle/caches/8.13/fileHashes)" [_thread_blocked, id=39171, stack(0x0000000172298000,0x000000017249b000)]
  0x0000000121fff400 JavaThread "File watcher server" daemon [_thread_in_native, id=44035, stack(0x0000000172ac8000,0x0000000172ccb000)]
  0x000000013d019200 JavaThread "File watcher consumer" daemon [_thread_blocked, id=64771, stack(0x0000000172cd4000,0x0000000172ed7000)]
  0x000000013c3cbc00 JavaThread "jar transforms" [_thread_blocked, id=44547, stack(0x0000000172ee0000,0x00000001730e3000)]
  0x0000000121f6a600 JavaThread "jar transforms Thread 2" [_thread_blocked, id=44803, stack(0x00000001730ec000,0x00000001732ef000)]
  0x000000013d1ce600 JavaThread "jar transforms Thread 3" [_thread_blocked, id=45315, stack(0x00000001732f8000,0x00000001734fb000)]
  0x000000013d1cec00 JavaThread "jar transforms Thread 4" [_thread_blocked, id=45827, stack(0x0000000173504000,0x0000000173707000)]
  0x000000013d1d0000 JavaThread "jar transforms Thread 5" [_thread_blocked, id=46339, stack(0x0000000173710000,0x0000000173913000)]
  0x000000013d1d0600 JavaThread "jar transforms Thread 6" [_thread_blocked, id=64003, stack(0x000000017391c000,0x0000000173b1f000)]
  0x000000013d1d0c00 JavaThread "jar transforms Thread 7" [_thread_blocked, id=63491, stack(0x0000000173b28000,0x0000000173d2b000)]
  0x0000000121f6d000 JavaThread "jar transforms Thread 8" [_thread_blocked, id=62979, stack(0x0000000173d34000,0x0000000173f37000)]
  0x000000013c527800 JavaThread "Cache worker for file content cache (/Users/mathewmalyil/.gradle/caches/8.13/fileContent)" [_thread_blocked, id=62467, stack(0x000000017414c000,0x000000017434f000)]
  0x000000011ff90c00 JavaThread "Memory manager" [_thread_blocked, id=124675, stack(0x0000000313ad4000,0x0000000313cd7000)]
  0x000000011fd69e00 JavaThread "pool-5-thread-1" [_thread_blocked, id=77575, stack(0x000000030c628000,0x000000030c82b000)]
  0x000000013e399000 JavaThread "pool-9-thread-1" [_thread_blocked, id=89611, stack(0x0000000312450000,0x0000000312653000)]
  0x000000013fbb5400 JavaThread "pool-13-thread-1" [_thread_blocked, id=96519, stack(0x0000000177a9c000,0x0000000177c9f000)]
  0x000000013b711000 JavaThread "pool-18-thread-1" [_thread_blocked, id=72215, stack(0x000000030d688000,0x000000030d88b000)]
  0x0000000168ad5c00 JavaThread "pool-21-thread-1" [_thread_blocked, id=126495, stack(0x000000030c834000,0x000000030ca37000)]
  0x000000013f248a00 JavaThread "pool-25-thread-1" [_thread_blocked, id=38683, stack(0x000000030daa0000,0x000000030dca3000)]
  0x0000000121ea4600 JavaThread "pool-28-thread-1" [_thread_blocked, id=101647, stack(0x000000030ca40000,0x000000030cc43000)]
  0x000000013f171000 JavaThread "Daemon Thread 10" [_thread_blocked, id=119831, stack(0x00000001705f0000,0x00000001707f3000)]
  0x000000013fb17c00 JavaThread "Daemon Thread 11" [_thread_blocked, id=60451, stack(0x00000001707fc000,0x00000001709ff000)]
  0x000000013f2d3000 JavaThread "Daemon worker Thread 6" [_thread_blocked, id=99859, stack(0x0000000170a08000,0x0000000170c0b000)]
  0x000000013f58b800 JavaThread "pool-31-thread-1" [_thread_blocked, id=82467, stack(0x000000030deb8000,0x000000030e0bb000)]
  0x000000013b435800 JavaThread "included builds" [_thread_blocked, id=62767, stack(0x000000030e0c4000,0x000000030e2c7000)]
  0x000000013d1c6000 JavaThread "VFS cleanup Thread 7" [_thread_blocked, id=65831, stack(0x000000017102c000,0x000000017122f000)]
  0x000000013fbb4e00 JavaThread "Handler for socket connection from /127.0.0.1:49228 to /127.0.0.1:49836" [_thread_in_native, id=66859, stack(0x0000000170c14000,0x0000000170e17000)]
  0x000000013f56ce00 JavaThread "Cancel handler" [_thread_blocked, id=73515, stack(0x0000000170e20000,0x0000000171023000)]
  0x000000013a8b3e00 JavaThread "Asynchronous log dispatcher for DefaultDaemonConnection: socket connection from /127.0.0.1:49228 to /127.0.0.1:49836" [_thread_blocked, id=116247, stack(0x0000000171238000,0x000000017143b000)]
  0x000000013ae76c00 JavaThread "Stdin handler" [_thread_blocked, id=83519, stack(0x00000001724a4000,0x00000001726a7000)]
  0x000000013a97f000 JavaThread "Daemon client event forwarder" [_thread_blocked, id=115991, stack(0x00000001726b0000,0x00000001728b3000)]
  0x000000013e706c00 JavaThread "Cache worker for file hash cache (/Users/mathewmalyil/AndroidStudioProjects/SmartDocAI2/.gradle/8.13/fileHashes)" [_thread_blocked, id=122399, stack(0x0000000173f40000,0x0000000174143000)]
  0x000000013d444600 JavaThread "Cache worker for Build Output Cleanup Cache (/Users/mathewmalyil/AndroidStudioProjects/SmartDocAI2/.gradle/buildOutputCleanup)" [_thread_blocked, id=52519, stack(0x0000000174358000,0x000000017455b000)]
  0x000000013ac57400 JavaThread "Cache worker for checksums cache (/Users/mathewmalyil/AndroidStudioProjects/SmartDocAI2/.gradle/8.13/checksums)" [_thread_blocked, id=71971, stack(0x0000000174564000,0x0000000174767000)]
  0x000000013f565000 JavaThread "Cache worker for cache directory md-supplier (/Users/mathewmalyil/.gradle/caches/8.13/md-supplier)" [_thread_blocked, id=83759, stack(0x0000000174770000,0x0000000174973000)]
  0x0000000121910e00 JavaThread "Cache worker for cache directory md-rule (/Users/mathewmalyil/.gradle/caches/8.13/md-rule)" [_thread_blocked, id=77867, stack(0x000000017497c000,0x0000000174b7f000)]
  0x000000013d428600 JavaThread "Unconstrained build operations" [_thread_blocked, id=38439, stack(0x0000000174b88000,0x0000000174d8b000)]
  0x0000000121ea3000 JavaThread "Unconstrained build operations Thread 2" [_thread_blocked, id=97047, stack(0x0000000174d94000,0x0000000174f97000)]
  0x0000000121906000 JavaThread "Unconstrained build operations Thread 3" [_thread_blocked, id=84007, stack(0x0000000176004000,0x0000000176207000)]
  0x0000000121f96800 JavaThread "Unconstrained build operations Thread 4" [_thread_blocked, id=122651, stack(0x0000000176210000,0x0000000176413000)]
  0x0000000121f96e00 JavaThread "Unconstrained build operations Thread 5" [_thread_blocked, id=119067, stack(0x000000017641c000,0x000000017661f000)]
  0x000000013fb42400 JavaThread "Unconstrained build operations Thread 6" [_thread_blocked, id=34863, stack(0x0000000176628000,0x000000017682b000)]
  0x000000013fb42a00 JavaThread "Unconstrained build operations Thread 7" [_thread_blocked, id=92195, stack(0x0000000176834000,0x0000000176a37000)]
  0x000000013d39b600 JavaThread "Unconstrained build operations Thread 8" [_thread_blocked, id=122911, stack(0x0000000176a40000,0x0000000176c43000)]
  0x000000013d1a6e00 JavaThread "Unconstrained build operations Thread 9" [_thread_blocked, id=69679, stack(0x0000000176c4c000,0x0000000176e4f000)]
  0x000000013b08fa00 JavaThread "Unconstrained build operations Thread 10" [_thread_blocked, id=67107, stack(0x0000000176e58000,0x000000017705b000)]
  0x000000013b435e00 JavaThread "Unconstrained build operations Thread 11" [_thread_blocked, id=99359, stack(0x0000000177064000,0x0000000177267000)]
  0x000000013e059200 JavaThread "Unconstrained build operations Thread 12" [_thread_blocked, id=100383, stack(0x0000000177ca8000,0x0000000177eab000)]
  0x000000013d306e00 JavaThread "Unconstrained build operations Thread 13" [_thread_blocked, id=86567, stack(0x0000000307a94000,0x0000000307c97000)]
  0x000000013f2b3000 JavaThread "Unconstrained build operations Thread 14" [_thread_blocked, id=127267, stack(0x0000000307ca0000,0x0000000307ea3000)]
  0x000000013b5f1800 JavaThread "build event listener" [_thread_blocked, id=121371, stack(0x000000030c004000,0x000000030c207000)]
  0x0000000121964200 JavaThread "build event listener" [_thread_blocked, id=74023, stack(0x000000030c210000,0x000000030c413000)]
  0x0000000121964800 JavaThread "Problems report writer" [_thread_blocked, id=91683, stack(0x000000030c41c000,0x000000030c61f000)]
  0x000000013f406a00 JavaThread "pool-34-thread-1" [_thread_blocked, id=120859, stack(0x000000030cc4c000,0x000000030ce4f000)]
  0x000000013f9cea00 JavaThread "build event listener" [_thread_blocked, id=69939, stack(0x000000030ce58000,0x000000030d05b000)]
  0x000000013fbab600 JavaThread "included builds" [_thread_blocked, id=123679, stack(0x000000030d064000,0x000000030d267000)]
  0x000000013ae7f200 JavaThread "Execution worker" [_thread_blocked, id=96791, stack(0x000000030d270000,0x000000030d473000)]
  0x000000013abd9c00 JavaThread "Execution worker Thread 2" [_thread_blocked, id=51503, stack(0x000000030d47c000,0x000000030d67f000)]
  0x000000013ac5a200 JavaThread "Execution worker Thread 3" [_thread_blocked, id=67375, stack(0x000000030d894000,0x000000030da97000)]
  0x000000013ac5a800 JavaThread "Execution worker Thread 4" [_thread_blocked, id=74795, stack(0x000000030dcac000,0x000000030deaf000)]
  0x000000013acf6c00 JavaThread "Execution worker Thread 5" [_thread_blocked, id=52263, stack(0x000000030e2d0000,0x000000030e4d3000)]
  0x000000013fbabc00 JavaThread "Execution worker Thread 6" [_thread_blocked, id=57135, stack(0x000000030e4dc000,0x000000030e6df000)]
  0x000000013acf7200 JavaThread "Execution worker Thread 7" [_thread_blocked, id=79411, stack(0x000000030e6e8000,0x000000030e8eb000)]
  0x000000013f407000 JavaThread "Cache worker for execution history cache (/Users/mathewmalyil/AndroidStudioProjects/SmartDocAI2/.gradle/8.13/executionHistory)" [_thread_blocked, id=80419, stack(0x000000030e8f4000,0x000000030eaf7000)]
  0x000000013f6e3400 JavaThread "Unconstrained build operations Thread 15" [_thread_blocked, id=68135, stack(0x000000030eb00000,0x000000030ed03000)]
  0x000000013f6e3a00 JavaThread "Unconstrained build operations Thread 16" [_thread_blocked, id=130851, stack(0x000000030ed0c000,0x000000030ef0f000)]
  0x000000013f2b6000 JavaThread "Unconstrained build operations Thread 17" [_thread_blocked, id=57395, stack(0x000000030ef18000,0x000000030f11b000)]
  0x000000013b05ac00 JavaThread "Unconstrained build operations Thread 18" [_thread_blocked, id=77099, stack(0x000000030f124000,0x000000030f327000)]
  0x000000013d647e00 JavaThread "Unconstrained build operations Thread 19" [_thread_blocked, id=35879, stack(0x000000030f330000,0x000000030f533000)]
  0x000000013b5f0800 JavaThread "Unconstrained build operations Thread 20" [_thread_blocked, id=79907, stack(0x000000030f53c000,0x000000030f73f000)]
  0x000000013e0a5800 JavaThread "Unconstrained build operations Thread 21" [_thread_blocked, id=125991, stack(0x000000030f748000,0x000000030f94b000)]
  0x000000013f2b6600 JavaThread "Unconstrained build operations Thread 22" [_thread_blocked, id=52011, stack(0x000000030f954000,0x000000030fb57000)]
  0x000000013f3fc800 JavaThread "Unconstrained build operations Thread 23" [_thread_blocked, id=50983, stack(0x000000030fb60000,0x000000030fd63000)]
  0x000000013adc0400 JavaThread "Unconstrained build operations Thread 24" [_thread_blocked, id=76323, stack(0x000000030fd6c000,0x000000030ff6f000)]
  0x000000013f3fce00 JavaThread "Unconstrained build operations Thread 25" [_thread_blocked, id=92967, stack(0x000000030ff78000,0x000000031017b000)]
  0x000000013ad13400 JavaThread "Unconstrained build operations Thread 26" [_thread_blocked, id=118551, stack(0x0000000310184000,0x0000000310387000)]
  0x000000013fb16c00 JavaThread "Unconstrained build operations Thread 27" [_thread_blocked, id=118295, stack(0x0000000310390000,0x0000000310593000)]
  0x000000013ad13a00 JavaThread "Unconstrained build operations Thread 28" [_thread_blocked, id=72995, stack(0x000000031059c000,0x000000031079f000)]
  0x000000012190b400 JavaThread "WorkerExecutor Queue" [_thread_blocked, id=125479, stack(0x00000003107a8000,0x00000003109ab000)]
  0x000000013ac55200 JavaThread "Unconstrained build operations Thread 29" [_thread_blocked, id=60715, stack(0x00000003109b4000,0x0000000310bb7000)]
  0x000000013ac56800 JavaThread "Unconstrained build operations Thread 30" [_thread_blocked, id=70691, stack(0x0000000310bc0000,0x0000000310dc3000)]
  0x000000013ac56e00 JavaThread "Unconstrained build operations Thread 31" [_thread_blocked, id=81703, stack(0x0000000310dcc000,0x0000000310fcf000)]
  0x000000013aa8c000 JavaThread "Unconstrained build operations Thread 32" [_thread_blocked, id=118811, stack(0x0000000310fd8000,0x00000003111db000)]
  0x000000013aa8c600 JavaThread "Unconstrained build operations Thread 33" [_thread_blocked, id=77351, stack(0x00000003111e4000,0x00000003113e7000)]
  0x000000013aa8cc00 JavaThread "Unconstrained build operations Thread 34" [_thread_blocked, id=56611, stack(0x00000003113f0000,0x00000003115f3000)]
  0x000000013ac02400 JavaThread "Unconstrained build operations Thread 35" [_thread_blocked, id=61223, stack(0x00000003115fc000,0x00000003117ff000)]
  0x000000013ac03800 JavaThread "WorkerExecutor Queue Thread 3" [_thread_in_native, id=102675, stack(0x0000000311a14000,0x0000000311c17000)]
  0x000000013ffb0a00 JavaThread "WorkerExecutor Queue Thread 4" [_thread_blocked, id=91183, stack(0x0000000311c20000,0x0000000311e23000)]
  0x000000013ffb1000 JavaThread "WorkerExecutor Queue Thread 5" [_thread_blocked, id=80683, stack(0x0000000311e2c000,0x000000031202f000)]
  0x000000013ac03e00 JavaThread "WorkerExecutor Queue Thread 6" [_thread_blocked, id=84279, stack(0x0000000312038000,0x000000031223b000)]
  0x000000013ffb1600 JavaThread "WorkerExecutor Queue Thread 7" [_thread_blocked, id=76583, stack(0x0000000312244000,0x0000000312447000)]
  0x0000000168ad5600 JavaThread "WorkerExecutor Queue Thread 8" [_thread_blocked, id=81955, stack(0x000000031265c000,0x000000031285f000)]
  0x000000013f61d200 JavaThread "Unconstrained build operations Thread 36" [_thread_blocked, id=120343, stack(0x0000000312868000,0x0000000312a6b000)]
  0x000000013d357200 JavaThread "Unconstrained build operations Thread 37" [_thread_blocked, id=94499, stack(0x0000000312a74000,0x0000000312c77000)]
  0x000000013f169400 JavaThread "Unconstrained build operations Thread 38" [_thread_blocked, id=103955, stack(0x0000000312c80000,0x0000000312e83000)]
  0x000000013ac52e00 JavaThread "Unconstrained build operations Thread 39" [_thread_blocked, id=95783, stack(0x0000000312e8c000,0x000000031308f000)]
  0x000000011fdcd000 JavaThread "Unconstrained build operations Thread 40" [_thread_blocked, id=88103, stack(0x0000000313098000,0x000000031329b000)]
  0x000000013ac53e00 JavaThread "Unconstrained build operations Thread 41" [_thread_blocked, id=96283, stack(0x00000003132a4000,0x00000003134a7000)]
  0x0000000121ed3000 JavaThread "Unconstrained build operations Thread 42" [_thread_blocked, id=41259, stack(0x00000003134b0000,0x00000003136b3000)]
  0x000000013f1a9a00 JavaThread "Unconstrained build operations Thread 43" [_thread_blocked, id=87587, stack(0x00000003136bc000,0x00000003138bf000)]
  0x000000013fab4e00 JavaThread "Unconstrained build operations Thread 44" [_thread_blocked, id=98075, stack(0x00000003138c8000,0x0000000313acb000)]
  0x0000000121ee6200 JavaThread "Unconstrained build operations Thread 45" [_thread_blocked, id=48183, stack(0x0000000313ce0000,0x0000000313ee3000)]
  0x000000013fd19600 JavaThread "Unconstrained build operations Thread 46" [_thread_blocked, id=56879, stack(0x000000031c004000,0x000000031c207000)]
  0x000000013fd19c00 JavaThread "Unconstrained build operations Thread 47" [_thread_blocked, id=95527, stack(0x000000031c210000,0x000000031c413000)]
  0x000000013fd1a200 JavaThread "Unconstrained build operations Thread 48" [_thread_blocked, id=53287, stack(0x000000031c41c000,0x000000031c61f000)]
  0x000000013fd1a800 JavaThread "Unconstrained build operations Thread 49" [_thread_blocked, id=61739, stack(0x000000031c628000,0x000000031c82b000)]
  0x000000011ff1d800 JavaThread "Unconstrained build operations Thread 50" [_thread_blocked, id=128547, stack(0x000000031c834000,0x000000031ca37000)]
  0x000000013ab81800 JavaThread "Unconstrained build operations Thread 51" [_thread_blocked, id=76839, stack(0x000000031ca40000,0x000000031cc43000)]
  0x000000013ab81e00 JavaThread "Unconstrained build operations Thread 52" [_thread_blocked, id=128035, stack(0x000000031cc4c000,0x000000031ce4f000)]
  0x000000013ab8da00 JavaThread "Unconstrained build operations Thread 53" [_thread_blocked, id=85307, stack(0x000000031ce58000,0x000000031d05b000)]
  0x000000013ab8e000 JavaThread "Unconstrained build operations Thread 54" [_thread_blocked, id=93479, stack(0x000000031d064000,0x000000031d267000)]
  0x000000013fd25800 JavaThread "Unconstrained build operations Thread 55" [_thread_blocked, id=128295, stack(0x000000031d270000,0x000000031d473000)]
  0x000000013f502000 JavaThread "Unconstrained build operations Thread 56" [_thread_blocked, id=41503, stack(0x000000031d47c000,0x000000031d67f000)]
  0x000000013d7d6600 JavaThread "Unconstrained build operations Thread 57" [_thread_blocked, id=91435, stack(0x000000031d688000,0x000000031d88b000)]
  0x000000013fd28600 JavaThread "Unconstrained build operations Thread 58" [_thread_blocked, id=94755, stack(0x000000031d894000,0x000000031da97000)]
  0x000000013e0a5e00 JavaThread "Unconstrained build operations Thread 59" [_thread_blocked, id=130347, stack(0x000000031daa0000,0x000000031dca3000)]
  0x000000013fd25e00 JavaThread "Unconstrained build operations Thread 60" [_thread_blocked, id=126251, stack(0x000000031dcac000,0x000000031deaf000)]
  0x000000013fd2ac00 JavaThread "Unconstrained build operations Thread 61" [_thread_blocked, id=47655, stack(0x000000031deb8000,0x000000031e0bb000)]
  0x000000013fd32c00 JavaThread "Unconstrained build operations Thread 62" [_thread_blocked, id=97563, stack(0x000000031e0c4000,0x000000031e2c7000)]
  0x000000013fd2da00 JavaThread "Unconstrained build operations Thread 63" [_thread_blocked, id=73771, stack(0x000000031e2d0000,0x000000031e4d3000)]
  0x000000013fd2b200 JavaThread "Unconstrained build operations Thread 64" [_thread_blocked, id=75051, stack(0x000000031e4dc000,0x000000031e6df000)]
  0x000000013fd2e000 JavaThread "Unconstrained build operations Thread 65" [_thread_blocked, id=84767, stack(0x000000031e6e8000,0x000000031e8eb000)]
  0x000000013fd2b800 JavaThread "Unconstrained build operations Thread 66" [_thread_blocked, id=79655, stack(0x000000031e8f4000,0x000000031eaf7000)]
  0x000000013fd30600 JavaThread "Unconstrained build operations Thread 67" [_thread_blocked, id=121107, stack(0x000000031eb00000,0x000000031ed03000)]
  0x000000013ab9ce00 JavaThread "Unconstrained build operations Thread 68" [_thread_blocked, id=83231, stack(0x000000031ed0c000,0x000000031ef0f000)]
  0x000000013ab8e600 JavaThread "Unconstrained build operations Thread 69" [_thread_blocked, id=67619, stack(0x000000031ef18000,0x000000031f11b000)]
  0x000000013ac6ac00 JavaThread "Unconstrained build operations Thread 70" [_thread_blocked, id=68383, stack(0x000000031f124000,0x000000031f327000)]
  0x000000013ac6b200 JavaThread "Unconstrained build operations Thread 71" [_thread_blocked, id=70943, stack(0x000000031f330000,0x000000031f533000)]
  0x000000013ab9d400 JavaThread "Unconstrained build operations Thread 72" [_thread_blocked, id=59167, stack(0x000000031f53c000,0x000000031f73f000)]
  0x000000013ab9e000 JavaThread "Unconstrained build operations Thread 73" [_thread_blocked, id=98319, stack(0x000000031f748000,0x000000031f94b000)]
  0x000000013fd3c200 JavaThread "Unconstrained build operations Thread 74" [_thread_blocked, id=87843, stack(0x000000031f954000,0x000000031fb57000)]
  0x000000013f7fcc00 JavaThread "Unconstrained build operations Thread 75" [_thread_blocked, id=81183, stack(0x000000031fb60000,0x000000031fd63000)]
  0x000000013f1ef800 JavaThread "Unconstrained build operations Thread 76" [_thread_blocked, id=99595, stack(0x000000031fd6c000,0x000000031ff6f000)]
  0x000000013f7fd200 JavaThread "Unconstrained build operations Thread 77" [_thread_blocked, id=100875, stack(0x0000000321004000,0x0000000321207000)]
  0x000000013f7fd800 JavaThread "Unconstrained build operations Thread 78" [_thread_blocked, id=101387, stack(0x0000000321210000,0x0000000321413000)]
  0x000000013f7fde00 JavaThread "Unconstrained build operations Thread 79" [_thread_blocked, id=101131, stack(0x000000032141c000,0x000000032161f000)]
  0x000000013f518600 JavaThread "Unconstrained build operations Thread 80" [_thread_blocked, id=42019, stack(0x0000000321628000,0x000000032182b000)]
  0x000000013f61cc00 JavaThread "pool-35-thread-1" [_thread_blocked, id=61979, stack(0x0000000321a40000,0x0000000321c43000)]
  0x000000013c8c3200 JavaThread "process reaper (pid 1507)" daemon [_thread_in_native, id=101899, stack(0x000000016e8bc000,0x000000016e8f3000)]
  0x0000000121f6b200 JavaThread "stderr" [_thread_in_native, id=104203, stack(0x0000000321c4c000,0x0000000321e4f000)]
  0x000000013ba18200 JavaThread "stdout" [_thread_in_native, id=102923, stack(0x0000000326004000,0x0000000326207000)]
  0x0000000121973e00 JavaThread "ForkJoinPool-5-worker-1" daemon [_thread_blocked, id=47399, stack(0x0000000326210000,0x0000000326413000)]
  0x000000013a87f400 JavaThread "ForkJoinPool-5-worker-2" daemon [_thread_blocked, id=102155, stack(0x000000032641c000,0x000000032661f000)]
  0x0000000121972000 JavaThread "ForkJoinPool-5-worker-3" daemon [_thread_blocked, id=35111, stack(0x0000000326628000,0x000000032682b000)]
  0x0000000121047800 JavaThread "ForkJoinPool-5-worker-4" daemon [_thread_blocked, id=92443, stack(0x0000000326834000,0x0000000326a37000)]
  0x000000013b815c00 JavaThread "ForkJoinPool-5-worker-5" daemon [_thread_blocked, id=104963, stack(0x0000000327400000,0x0000000327603000)]
  0x0000000168c9ee00 JavaThread "ForkJoinPool-5-worker-6" daemon [_thread_blocked, id=114947, stack(0x000000032760c000,0x000000032780f000)]
  0x000000013ac05a00 JavaThread "ForkJoinPool-5-worker-7" daemon [_thread_blocked, id=114691, stack(0x0000000327818000,0x0000000327a1b000)]
  0x000000013ad0fc00 JavaThread "ForkJoinPool-5-worker-8" daemon [_thread_blocked, id=114179, stack(0x0000000327a24000,0x0000000327c27000)]
  0x000000013ecc9a00 JavaThread "WorkerExecutor Queue Thread 10" [_thread_blocked, id=88875, stack(0x0000000311808000,0x0000000311a0b000)]
  0x000000013ecce800 JavaThread "WorkerExecutor Queue Thread 11" [_thread_blocked, id=117775, stack(0x0000000321834000,0x0000000321a37000)]
  0x000000013f1f5600 JavaThread "process reaper (pid 1525)" daemon [_thread_in_native, id=113667, stack(0x000000016e8fc000,0x000000016e933000)]
  0x000000013d29ca00 JavaThread "RMI Scheduler(0)" daemon [_thread_blocked, id=105735, stack(0x0000000327c30000,0x0000000327e33000)]
  0x000000013fface00 JavaThread "RMI RenewClean-[127.0.0.1:17093,org.jetbrains.kotlin.daemon.common.LoopbackNetworkInterface$ClientLoopbackSocketFactory@6853bced]" daemon [_thread_blocked, id=105987, stack(0x0000000330004000,0x0000000330207000)]
  0x000000013ffac600 JavaThread "RMI GC Daemon" daemon [_thread_blocked, id=106499, stack(0x0000000330210000,0x0000000330413000)]
  0x000000013d7c5600 JavaThread "RMI TCP Accept-0" daemon [_thread_in_native, id=112643, stack(0x000000033041c000,0x000000033061f000)]
  0x000000013ad2ae00 JavaThread "RMI Reaper" [_thread_blocked, id=112131, stack(0x0000000330628000,0x000000033082b000)]
  0x000000013aff9200 JavaThread "RMI TCP Connection(1)-127.0.0.1" daemon [_thread_in_native, id=111619, stack(0x0000000330834000,0x0000000330a37000)]

Other Threads:
  0x0000000120f0bc20 VMThread "VM Thread" [stack: 0x000000016e20c000,0x000000016e40f000] [id=20227]
  0x0000000120f12710 WatcherThread [stack: 0x000000016f9a8000,0x000000016fbab000] [id=25603]
  0x0000000120e08db0 GCTaskThread "GC Thread#0" [stack: 0x000000016d7d0000,0x000000016d9d3000] [id=14595]
  0x0000000120e122d0 GCTaskThread "GC Thread#1" [stack: 0x000000016fbb4000,0x000000016fdb7000] [id=32771]
  0x0000000120e12b40 GCTaskThread "GC Thread#2" [stack: 0x000000016fdc0000,0x000000016ffc3000] [id=33027]
  0x000000011f714dc0 GCTaskThread "GC Thread#3" [stack: 0x0000000171444000,0x0000000171647000] [id=36099]
  0x0000000103a39780 GCTaskThread "GC Thread#4" [stack: 0x0000000171650000,0x0000000171853000] [id=40451]
  0x0000000103a3a1b0 GCTaskThread "GC Thread#5" [stack: 0x000000017185c000,0x0000000171a5f000] [id=40195]
  0x0000000103a3aa20 GCTaskThread "GC Thread#6" [stack: 0x0000000171a68000,0x0000000171c6b000] [id=36867]
  0x0000000103a3b290 GCTaskThread "GC Thread#7" [stack: 0x0000000171c74000,0x0000000171e77000] [id=37123]
  0x0000000120f05130 ConcurrentGCThread "G1 Main Marker" [stack: 0x000000016d9dc000,0x000000016dbdf000] [id=14339]
  0x0000000120f059c0 ConcurrentGCThread "G1 Conc#0" [stack: 0x000000016dbe8000,0x000000016ddeb000] [id=13571]
  0x0000000103a620b0 ConcurrentGCThread "G1 Conc#1" [stack: 0x00000001728bc000,0x0000000172abf000] [id=65283]
  0x0000000120f076f0 ConcurrentGCThread "G1 Refine#0" [stack: 0x000000016ddf4000,0x000000016dff7000] [id=21507]
  0x00000001209041c0 ConcurrentGCThread "G1 Refine#1" [stack: 0x0000000174fa0000,0x00000001751a3000] [id=48643]
  0x00000001209047b0 ConcurrentGCThread "G1 Refine#2" [stack: 0x00000001751ac000,0x00000001753af000] [id=49155]
  0x0000000120806fb0 ConcurrentGCThread "G1 Refine#3" [stack: 0x00000001753b8000,0x00000001755bb000] [id=49411]
  0x0000000120c04d40 ConcurrentGCThread "G1 Refine#4" [stack: 0x00000001755c4000,0x00000001757c7000] [id=50179]
  0x0000000120809320 ConcurrentGCThread "G1 Refine#5" [stack: 0x0000000177478000,0x000000017767b000] [id=54019]
  0x000000012080a0d0 ConcurrentGCThread "G1 Refine#6" [stack: 0x0000000177684000,0x0000000177887000] [id=54275]
  0x0000000120e3b7c0 ConcurrentGCThread "G1 Refine#7" [stack: 0x0000000177890000,0x0000000177a93000] [id=65539]
  0x0000000120f07f90 ConcurrentGCThread "G1 Service" [stack: 0x000000016e000000,0x000000016e203000] [id=16643]

Threads with active compile tasks:
C2 CompilerThread0  1892718 100793       4       org.jetbrains.org.objectweb.asm.ClassReader::readElementValue (1237 bytes)

VM state: not at safepoint (normal execution)

VM Mutex/Monitor currently owned by a thread: None

Heap address: 0x0000000780000000, size: 2048 MB, Compressed Oops mode: Zero based, Oop shift amount: 3

CDS archive(s) mapped at: [0x000000d000000000-0x000000d000bc0000-0x000000d000bc0000), size 12320768, SharedBaseAddress: 0x000000d000000000, ArchiveRelocationMode: 1.
Compressed class space mapped at: 0x000000d001000000-0x000000d041000000, reserved size: 1073741824
Narrow klass base: 0x000000d000000000, Narrow klass shift: 0, Narrow klass range: 0x100000000

GC Precious Log:
 CPUs: 8 total, 8 available
 Memory: 8192M
 Large Page Support: Disabled
 NUMA Support: Disabled
 Compressed Oops: Enabled (Zero based)
 Heap Region Size: 1M
 Heap Min Capacity: 8M
 Heap Initial Capacity: 128M
 Heap Max Capacity: 2G
 Pre-touch: Disabled
 Parallel Workers: 8
 Concurrent Workers: 2
 Concurrent Refinement Workers: 8
 Periodic GC: Disabled

Heap:
 garbage-first heap   total 1855488K, used 936458K [0x0000000780000000, 0x0000000800000000)
  region size 1024K, 397 young (406528K), 3 survivors (3072K)
 Metaspace       used 312275K, committed 314944K, reserved 1376256K
  class space    used 39177K, committed 40512K, reserved 1048576K

Heap Regions: E=young(eden), S=young(survivor), O=old, HS=humongous(starts), HC=humongous(continues), CS=collection set, F=free, OA=open archive, CA=closed archive, TAMS=top-at-mark-start (previous, next)
|   0|0x0000000780000000, 0x0000000780100000, 0x0000000780100000|100%| O|  |TAMS 0x0000000780100000, 0x0000000780000000| Untracked 
|   1|0x0000000780100000, 0x0000000780200000, 0x0000000780200000|100%| O|  |TAMS 0x0000000780200000, 0x0000000780100000| Untracked 
|   2|0x0000000780200000, 0x0000000780300000, 0x0000000780300000|100%| O|  |TAMS 0x0000000780300000, 0x0000000780200000| Untracked 
|   3|0x0000000780300000, 0x0000000780400000, 0x0000000780400000|100%|HS|  |TAMS 0x0000000780400000, 0x0000000780300000| Complete 
|   4|0x0000000780400000, 0x0000000780500000, 0x0000000780500000|100%|HC|  |TAMS 0x0000000780500000, 0x0000000780400000| Complete 
|   5|0x0000000780500000, 0x0000000780600000, 0x0000000780600000|100%|HC|  |TAMS 0x0000000780600000, 0x0000000780500000| Complete 
|   6|0x0000000780600000, 0x0000000780700000, 0x0000000780700000|100%|HS|  |TAMS 0x0000000780700000, 0x0000000780600000| Complete 
|   7|0x0000000780700000, 0x0000000780800000, 0x0000000780800000|100%| O|  |TAMS 0x0000000780800000, 0x0000000780700000| Untracked 
|   8|0x0000000780800000, 0x0000000780900000, 0x0000000780900000|100%| O|  |TAMS 0x0000000780900000, 0x0000000780800000| Untracked 
|   9|0x0000000780900000, 0x0000000780a00000, 0x0000000780a00000|100%| O|  |TAMS 0x0000000780a00000, 0x0000000780900000| Untracked 
|  10|0x0000000780a00000, 0x0000000780b00000, 0x0000000780b00000|100%| O|  |TAMS 0x0000000780b00000, 0x0000000780a00000| Untracked 
|  11|0x0000000780b00000, 0x0000000780c00000, 0x0000000780c00000|100%| O|  |TAMS 0x0000000780c00000, 0x0000000780b00000| Untracked 
|  12|0x0000000780c00000, 0x0000000780d00000, 0x0000000780d00000|100%| O|  |TAMS 0x0000000780d00000, 0x0000000780c00000| Untracked 
|  13|0x0000000780d00000, 0x0000000780e00000, 0x0000000780e00000|100%| O|  |TAMS 0x0000000780e00000, 0x0000000780d00000| Untracked 
|  14|0x0000000780e00000, 0x0000000780f00000, 0x0000000780f00000|100%| O|  |TAMS 0x0000000780f00000, 0x0000000780e00000| Untracked 
|  15|0x0000000780f00000, 0x0000000781000000, 0x0000000781000000|100%| O|  |TAMS 0x0000000781000000, 0x0000000780f00000| Untracked 
|  16|0x0000000781000000, 0x0000000781100000, 0x0000000781100000|100%| O|  |TAMS 0x0000000781100000, 0x0000000781000000| Untracked 
|  17|0x0000000781100000, 0x0000000781200000, 0x0000000781200000|100%| O|  |TAMS 0x0000000781200000, 0x0000000781100000| Untracked 
|  18|0x0000000781200000, 0x0000000781300000, 0x0000000781300000|100%| O|  |TAMS 0x0000000781300000, 0x0000000781200000| Untracked 
|  19|0x0000000781300000, 0x0000000781400000, 0x0000000781400000|100%|HS|  |TAMS 0x0000000781400000, 0x0000000781300000| Complete 
|  20|0x0000000781400000, 0x0000000781500000, 0x0000000781500000|100%|HC|  |TAMS 0x0000000781500000, 0x0000000781400000| Complete 
|  21|0x0000000781500000, 0x0000000781600000, 0x0000000781600000|100%|HC|  |TAMS 0x0000000781600000, 0x0000000781500000| Complete 
|  22|0x0000000781600000, 0x0000000781700000, 0x0000000781700000|100%|HC|  |TAMS 0x0000000781700000, 0x0000000781600000| Complete 
|  23|0x0000000781700000, 0x0000000781800000, 0x0000000781800000|100%|HC|  |TAMS 0x0000000781800000, 0x0000000781700000| Complete 
|  24|0x0000000781800000, 0x0000000781900000, 0x0000000781900000|100%|HC|  |TAMS 0x0000000781900000, 0x0000000781800000| Complete 
|  25|0x0000000781900000, 0x0000000781a00000, 0x0000000781a00000|100%|HC|  |TAMS 0x0000000781a00000, 0x0000000781900000| Complete 
|  26|0x0000000781a00000, 0x0000000781b00000, 0x0000000781b00000|100%|HS|  |TAMS 0x0000000781b00000, 0x0000000781a00000| Complete 
|  27|0x0000000781b00000, 0x0000000781c00000, 0x0000000781c00000|100%|HS|  |TAMS 0x0000000781c00000, 0x0000000781b00000| Complete 
|  28|0x0000000781c00000, 0x0000000781d00000, 0x0000000781d00000|100%|HC|  |TAMS 0x0000000781d00000, 0x0000000781c00000| Complete 
|  29|0x0000000781d00000, 0x0000000781e00000, 0x0000000781e00000|100%|HC|  |TAMS 0x0000000781e00000, 0x0000000781d00000| Complete 
|  30|0x0000000781e00000, 0x0000000781f00000, 0x0000000781f00000|100%|HC|  |TAMS 0x0000000781f00000, 0x0000000781e00000| Complete 
|  31|0x0000000781f00000, 0x0000000782000000, 0x0000000782000000|100%|HS|  |TAMS 0x0000000782000000, 0x0000000781f00000| Complete 
|  32|0x0000000782000000, 0x0000000782100000, 0x0000000782100000|100%|HC|  |TAMS 0x0000000782100000, 0x0000000782000000| Complete 
|  33|0x0000000782100000, 0x0000000782200000, 0x0000000782200000|100%|HC|  |TAMS 0x0000000782200000, 0x0000000782100000| Complete 
|  34|0x0000000782200000, 0x0000000782300000, 0x0000000782300000|100%|HS|  |TAMS 0x0000000782300000, 0x0000000782200000| Complete 
|  35|0x0000000782300000, 0x0000000782400000, 0x0000000782400000|100%| O|  |TAMS 0x0000000782400000, 0x0000000782300000| Untracked 
|  36|0x0000000782400000, 0x0000000782500000, 0x0000000782500000|100%| O|  |TAMS 0x0000000782500000, 0x0000000782400000| Untracked 
|  37|0x0000000782500000, 0x0000000782600000, 0x0000000782600000|100%| O|  |TAMS 0x0000000782600000, 0x0000000782500000| Untracked 
|  38|0x0000000782600000, 0x0000000782700000, 0x0000000782700000|100%| O|  |TAMS 0x0000000782700000, 0x0000000782600000| Untracked 
|  39|0x0000000782700000, 0x0000000782800000, 0x0000000782800000|100%|HS|  |TAMS 0x0000000782800000, 0x0000000782700000| Complete 
|  40|0x0000000782800000, 0x0000000782900000, 0x0000000782900000|100%|HC|  |TAMS 0x0000000782900000, 0x0000000782800000| Complete 
|  41|0x0000000782900000, 0x0000000782a00000, 0x0000000782a00000|100%|HC|  |TAMS 0x0000000782a00000, 0x0000000782900000| Complete 
|  42|0x0000000782a00000, 0x0000000782b00000, 0x0000000782b00000|100%|HC|  |TAMS 0x0000000782b00000, 0x0000000782a00000| Complete 
|  43|0x0000000782b00000, 0x0000000782c00000, 0x0000000782c00000|100%|HC|  |TAMS 0x0000000782c00000, 0x0000000782b00000| Complete 
|  44|0x0000000782c00000, 0x0000000782d00000, 0x0000000782d00000|100%|HC|  |TAMS 0x0000000782d00000, 0x0000000782c00000| Complete 
|  45|0x0000000782d00000, 0x0000000782e00000, 0x0000000782e00000|100%|HC|  |TAMS 0x0000000782e00000, 0x0000000782d00000| Complete 
|  46|0x0000000782e00000, 0x0000000782f00000, 0x0000000782f00000|100%|HS|  |TAMS 0x0000000782f00000, 0x0000000782e00000| Complete 
|  47|0x0000000782f00000, 0x0000000783000000, 0x0000000783000000|100%|HS|  |TAMS 0x0000000783000000, 0x0000000782f00000| Complete 
|  48|0x0000000783000000, 0x0000000783100000, 0x0000000783100000|100%|HC|  |TAMS 0x0000000783100000, 0x0000000783000000| Complete 
|  49|0x0000000783100000, 0x0000000783200000, 0x0000000783200000|100%|HC|  |TAMS 0x0000000783200000, 0x0000000783100000| Complete 
|  50|0x0000000783200000, 0x0000000783300000, 0x0000000783300000|100%|HC|  |TAMS 0x0000000783300000, 0x0000000783200000| Complete 
|  51|0x0000000783300000, 0x0000000783400000, 0x0000000783400000|100%| O|  |TAMS 0x0000000783400000, 0x0000000783300000| Untracked 
|  52|0x0000000783400000, 0x0000000783500000, 0x0000000783500000|100%| O|  |TAMS 0x0000000783500000, 0x0000000783400000| Untracked 
|  53|0x0000000783500000, 0x0000000783600000, 0x0000000783600000|100%| O|  |TAMS 0x0000000783600000, 0x0000000783500000| Untracked 
|  54|0x0000000783600000, 0x0000000783700000, 0x0000000783700000|100%| O|  |TAMS 0x0000000783700000, 0x0000000783600000| Untracked 
|  55|0x0000000783700000, 0x0000000783800000, 0x0000000783800000|100%|HS|  |TAMS 0x0000000783800000, 0x0000000783700000| Complete 
|  56|0x0000000783800000, 0x0000000783900000, 0x0000000783900000|100%|HC|  |TAMS 0x0000000783900000, 0x0000000783800000| Complete 
|  57|0x0000000783900000, 0x0000000783a00000, 0x0000000783a00000|100%|HC|  |TAMS 0x0000000783a00000, 0x0000000783900000| Complete 
|  58|0x0000000783a00000, 0x0000000783b00000, 0x0000000783b00000|100%|HS|  |TAMS 0x0000000783b00000, 0x0000000783a00000| Complete 
|  59|0x0000000783b00000, 0x0000000783c00000, 0x0000000783c00000|100%| O|  |TAMS 0x0000000783c00000, 0x0000000783b00000| Untracked 
|  60|0x0000000783c00000, 0x0000000783d00000, 0x0000000783d00000|100%| O|  |TAMS 0x0000000783d00000, 0x0000000783c00000| Untracked 
|  61|0x0000000783d00000, 0x0000000783e00000, 0x0000000783e00000|100%| O|  |TAMS 0x0000000783e00000, 0x0000000783d00000| Untracked 
|  62|0x0000000783e00000, 0x0000000783f00000, 0x0000000783f00000|100%| O|  |TAMS 0x0000000783f00000, 0x0000000783e00000| Untracked 
|  63|0x0000000783f00000, 0x0000000784000000, 0x0000000784000000|100%| O|  |TAMS 0x0000000784000000, 0x0000000783f00000| Untracked 
|  64|0x0000000784000000, 0x0000000784100000, 0x0000000784100000|100%| O|  |TAMS 0x0000000784100000, 0x0000000784000000| Untracked 
|  65|0x0000000784100000, 0x0000000784200000, 0x0000000784200000|100%| O|  |TAMS 0x0000000784200000, 0x0000000784100000| Untracked 
|  66|0x0000000784200000, 0x0000000784300000, 0x0000000784300000|100%| O|  |TAMS 0x0000000784300000, 0x0000000784200000| Untracked 
|  67|0x0000000784300000, 0x0000000784400000, 0x0000000784400000|100%| O|  |TAMS 0x0000000784400000, 0x0000000784300000| Untracked 
|  68|0x0000000784400000, 0x0000000784500000, 0x0000000784500000|100%| O|  |TAMS 0x0000000784500000, 0x0000000784400000| Untracked 
|  69|0x0000000784500000, 0x0000000784600000, 0x0000000784600000|100%| O|  |TAMS 0x0000000784600000, 0x0000000784500000| Untracked 
|  70|0x0000000784600000, 0x0000000784700000, 0x0000000784700000|100%| O|  |TAMS 0x0000000784700000, 0x0000000784600000| Untracked 
|  71|0x0000000784700000, 0x0000000784800000, 0x0000000784800000|100%| O|  |TAMS 0x0000000784800000, 0x0000000784700000| Untracked 
|  72|0x0000000784800000, 0x0000000784900000, 0x0000000784900000|100%| O|  |TAMS 0x0000000784900000, 0x0000000784800000| Untracked 
|  73|0x0000000784900000, 0x0000000784a00000, 0x0000000784a00000|100%| O|  |TAMS 0x0000000784a00000, 0x0000000784900000| Untracked 
|  74|0x0000000784a00000, 0x0000000784b00000, 0x0000000784b00000|100%| O|  |TAMS 0x0000000784b00000, 0x0000000784a00000| Untracked 
|  75|0x0000000784b00000, 0x0000000784c00000, 0x0000000784c00000|100%| O|  |TAMS 0x0000000784c00000, 0x0000000784b00000| Untracked 
|  76|0x0000000784c00000, 0x0000000784d00000, 0x0000000784d00000|100%| O|  |TAMS 0x0000000784d00000, 0x0000000784c00000| Untracked 
|  77|0x0000000784d00000, 0x0000000784e00000, 0x0000000784e00000|100%| O|  |TAMS 0x0000000784e00000, 0x0000000784d00000| Untracked 
|  78|0x0000000784e00000, 0x0000000784f00000, 0x0000000784f00000|100%| O|  |TAMS 0x0000000784f00000, 0x0000000784e00000| Untracked 
|  79|0x0000000784f00000, 0x0000000785000000, 0x0000000785000000|100%| O|  |TAMS 0x0000000785000000, 0x0000000784f00000| Untracked 
|  80|0x0000000785000000, 0x0000000785100000, 0x0000000785100000|100%| O|  |TAMS 0x0000000785100000, 0x0000000785000000| Untracked 
|  81|0x0000000785100000, 0x0000000785100000, 0x0000000785200000|  0%| F|  |TAMS 0x0000000785100000, 0x0000000785100000| Untracked 
|  82|0x0000000785200000, 0x0000000785300000, 0x0000000785300000|100%| O|  |TAMS 0x0000000785300000, 0x0000000785200000| Untracked 
|  83|0x0000000785300000, 0x0000000785400000, 0x0000000785400000|100%| O|  |TAMS 0x0000000785400000, 0x0000000785300000| Untracked 
|  84|0x0000000785400000, 0x0000000785500000, 0x0000000785500000|100%| O|  |TAMS 0x0000000785500000, 0x0000000785400000| Untracked 
|  85|0x0000000785500000, 0x0000000785600000, 0x0000000785600000|100%| O|  |TAMS 0x0000000785600000, 0x0000000785500000| Untracked 
|  86|0x0000000785600000, 0x0000000785700000, 0x0000000785700000|100%| O|  |TAMS 0x0000000785700000, 0x0000000785600000| Untracked 
|  87|0x0000000785700000, 0x0000000785800000, 0x0000000785800000|100%| O|  |TAMS 0x0000000785800000, 0x0000000785700000| Untracked 
|  88|0x0000000785800000, 0x0000000785900000, 0x0000000785900000|100%| O|  |TAMS 0x0000000785900000, 0x0000000785800000| Untracked 
|  89|0x0000000785900000, 0x0000000785a00000, 0x0000000785a00000|100%| O|  |TAMS 0x0000000785a00000, 0x0000000785900000| Untracked 
|  90|0x0000000785a00000, 0x0000000785b00000, 0x0000000785b00000|100%| O|  |TAMS 0x0000000785b00000, 0x0000000785a00000| Untracked 
|  91|0x0000000785b00000, 0x0000000785c00000, 0x0000000785c00000|100%| O|  |TAMS 0x0000000785c00000, 0x0000000785b00000| Untracked 
|  92|0x0000000785c00000, 0x0000000785d00000, 0x0000000785d00000|100%| O|  |TAMS 0x0000000785d00000, 0x0000000785c00000| Untracked 
|  93|0x0000000785d00000, 0x0000000785e00000, 0x0000000785e00000|100%|HS|  |TAMS 0x0000000785e00000, 0x0000000785d00000| Complete 
|  94|0x0000000785e00000, 0x0000000785f00000, 0x0000000785f00000|100%|HC|  |TAMS 0x0000000785f00000, 0x0000000785e00000| Complete 
|  95|0x0000000785f00000, 0x0000000786000000, 0x0000000786000000|100%|HC|  |TAMS 0x0000000786000000, 0x0000000785f00000| Complete 
|  96|0x0000000786000000, 0x0000000786100000, 0x0000000786100000|100%| O|  |TAMS 0x0000000786100000, 0x0000000786000000| Untracked 
|  97|0x0000000786100000, 0x0000000786200000, 0x0000000786200000|100%| O|  |TAMS 0x0000000786200000, 0x0000000786100000| Untracked 
|  98|0x0000000786200000, 0x0000000786300000, 0x0000000786300000|100%| O|  |TAMS 0x0000000786300000, 0x0000000786200000| Untracked 
|  99|0x0000000786300000, 0x0000000786400000, 0x0000000786400000|100%| O|  |TAMS 0x0000000786400000, 0x0000000786300000| Untracked 
| 100|0x0000000786400000, 0x0000000786500000, 0x0000000786500000|100%| O|  |TAMS 0x0000000786500000, 0x0000000786400000| Untracked 
| 101|0x0000000786500000, 0x0000000786600000, 0x0000000786600000|100%| O|  |TAMS 0x0000000786600000, 0x0000000786500000| Untracked 
| 102|0x0000000786600000, 0x0000000786700000, 0x0000000786700000|100%| O|  |TAMS 0x0000000786700000, 0x0000000786600000| Complete 
| 103|0x0000000786700000, 0x0000000786800000, 0x0000000786800000|100%| O|  |TAMS 0x0000000786800000, 0x0000000786700000| Untracked 
| 104|0x0000000786800000, 0x0000000786900000, 0x0000000786900000|100%| O|  |TAMS 0x0000000786900000, 0x0000000786800000| Untracked 
| 105|0x0000000786900000, 0x0000000786a00000, 0x0000000786a00000|100%| O|  |TAMS 0x0000000786a00000, 0x0000000786900000| Untracked 
| 106|0x0000000786a00000, 0x0000000786b00000, 0x0000000786b00000|100%| O|  |TAMS 0x0000000786b00000, 0x0000000786a00000| Untracked 
| 107|0x0000000786b00000, 0x0000000786c00000, 0x0000000786c00000|100%| O|  |TAMS 0x0000000786c00000, 0x0000000786b00000| Untracked 
| 108|0x0000000786c00000, 0x0000000786d00000, 0x0000000786d00000|100%| O|  |TAMS 0x0000000786d00000, 0x0000000786c00000| Untracked 
| 109|0x0000000786d00000, 0x0000000786e00000, 0x0000000786e00000|100%| O|  |TAMS 0x0000000786e00000, 0x0000000786d00000| Untracked 
| 110|0x0000000786e00000, 0x0000000786f00000, 0x0000000786f00000|100%| O|  |TAMS 0x0000000786f00000, 0x0000000786e00000| Untracked 
| 111|0x0000000786f00000, 0x0000000787000000, 0x0000000787000000|100%| O|  |TAMS 0x0000000787000000, 0x0000000786f00000| Untracked 
| 112|0x0000000787000000, 0x0000000787100000, 0x0000000787100000|100%|HS|  |TAMS 0x0000000787100000, 0x0000000787000000| Complete 
| 113|0x0000000787100000, 0x0000000787200000, 0x0000000787200000|100%| O|  |TAMS 0x0000000787200000, 0x0000000787100000| Untracked 
| 114|0x0000000787200000, 0x0000000787300000, 0x0000000787300000|100%| O|  |TAMS 0x0000000787300000, 0x0000000787200000| Untracked 
| 115|0x0000000787300000, 0x0000000787400000, 0x0000000787400000|100%| O|  |TAMS 0x0000000787400000, 0x0000000787300000| Untracked 
| 116|0x0000000787400000, 0x0000000787500000, 0x0000000787500000|100%| O|  |TAMS 0x0000000787500000, 0x0000000787400000| Untracked 
| 117|0x0000000787500000, 0x0000000787600000, 0x0000000787600000|100%| O|  |TAMS 0x0000000787600000, 0x0000000787500000| Untracked 
| 118|0x0000000787600000, 0x0000000787600000, 0x0000000787700000|  0%| F|  |TAMS 0x0000000787600000, 0x0000000787600000| Untracked 
| 119|0x0000000787700000, 0x0000000787700000, 0x0000000787800000|  0%| F|  |TAMS 0x0000000787700000, 0x0000000787700000| Untracked 
| 120|0x0000000787800000, 0x0000000787900000, 0x0000000787900000|100%| O|  |TAMS 0x0000000787900000, 0x0000000787800000| Untracked 
| 121|0x0000000787900000, 0x0000000787a00000, 0x0000000787a00000|100%| O|  |TAMS 0x0000000787a00000, 0x0000000787900000| Untracked 
| 122|0x0000000787a00000, 0x0000000787b00000, 0x0000000787b00000|100%| O|  |TAMS 0x0000000787b00000, 0x0000000787a00000| Untracked 
| 123|0x0000000787b00000, 0x0000000787b00000, 0x0000000787c00000|  0%| F|  |TAMS 0x0000000787b00000, 0x0000000787b00000| Untracked 
| 124|0x0000000787c00000, 0x0000000787c00000, 0x0000000787d00000|  0%| F|  |TAMS 0x0000000787c00000, 0x0000000787c00000| Untracked 
| 125|0x0000000787d00000, 0x0000000787d00000, 0x0000000787e00000|  0%| F|  |TAMS 0x0000000787d00000, 0x0000000787d00000| Untracked 
| 126|0x0000000787e00000, 0x0000000787f00000, 0x0000000787f00000|100%| O|  |TAMS 0x0000000787f00000, 0x0000000787e00000| Untracked 
| 127|0x0000000787f00000, 0x0000000788000000, 0x0000000788000000|100%| O|  |TAMS 0x0000000788000000, 0x0000000787f00000| Untracked 
| 128|0x0000000788000000, 0x0000000788100000, 0x0000000788100000|100%| O|  |TAMS 0x0000000788100000, 0x0000000788000000| Untracked 
| 129|0x0000000788100000, 0x0000000788200000, 0x0000000788200000|100%| O|  |TAMS 0x0000000788200000, 0x0000000788100000| Untracked 
| 130|0x0000000788200000, 0x0000000788300000, 0x0000000788300000|100%| O|  |TAMS 0x0000000788300000, 0x0000000788200000| Untracked 
| 131|0x0000000788300000, 0x0000000788400000, 0x0000000788400000|100%| O|  |TAMS 0x0000000788400000, 0x0000000788300000| Untracked 
| 132|0x0000000788400000, 0x0000000788500000, 0x0000000788500000|100%| O|  |TAMS 0x0000000788500000, 0x0000000788400000| Untracked 
| 133|0x0000000788500000, 0x0000000788600000, 0x0000000788600000|100%| O|  |TAMS 0x0000000788600000, 0x0000000788500000| Complete 
| 134|0x0000000788600000, 0x0000000788700000, 0x0000000788700000|100%| O|  |TAMS 0x0000000788700000, 0x0000000788600000| Untracked 
| 135|0x0000000788700000, 0x0000000788800000, 0x0000000788800000|100%| O|  |TAMS 0x0000000788800000, 0x0000000788700000| Untracked 
| 136|0x0000000788800000, 0x0000000788900000, 0x0000000788900000|100%| O|  |TAMS 0x0000000788900000, 0x0000000788800000| Untracked 
| 137|0x0000000788900000, 0x0000000788a00000, 0x0000000788a00000|100%|HS|  |TAMS 0x0000000788900000, 0x0000000788900000| Complete 
| 138|0x0000000788a00000, 0x0000000788b00000, 0x0000000788b00000|100%| O|  |TAMS 0x0000000788b00000, 0x0000000788a00000| Untracked 
| 139|0x0000000788b00000, 0x0000000788c00000, 0x0000000788c00000|100%| O|  |TAMS 0x0000000788c00000, 0x0000000788b00000| Untracked 
| 140|0x0000000788c00000, 0x0000000788d00000, 0x0000000788d00000|100%| O|  |TAMS 0x0000000788d00000, 0x0000000788c00000| Untracked 
| 141|0x0000000788d00000, 0x0000000788e00000, 0x0000000788e00000|100%| O|  |TAMS 0x0000000788e00000, 0x0000000788d00000| Untracked 
| 142|0x0000000788e00000, 0x0000000788f00000, 0x0000000788f00000|100%| O|  |TAMS 0x0000000788f00000, 0x0000000788e00000| Untracked 
| 143|0x0000000788f00000, 0x0000000789000000, 0x0000000789000000|100%| O|  |TAMS 0x0000000789000000, 0x0000000788f00000| Untracked 
| 144|0x0000000789000000, 0x0000000789000000, 0x0000000789100000|  0%| F|  |TAMS 0x0000000789000000, 0x0000000789000000| Untracked 
| 145|0x0000000789100000, 0x0000000789200000, 0x0000000789200000|100%| O|  |TAMS 0x0000000789200000, 0x0000000789100000| Untracked 
| 146|0x0000000789200000, 0x0000000789300000, 0x0000000789300000|100%|HS|  |TAMS 0x0000000789200000, 0x0000000789200000| Complete 
| 147|0x0000000789300000, 0x0000000789400000, 0x0000000789400000|100%| O|  |TAMS 0x0000000789400000, 0x0000000789300000| Untracked 
| 148|0x0000000789400000, 0x0000000789500000, 0x0000000789500000|100%| O|  |TAMS 0x0000000789500000, 0x0000000789400000| Complete 
| 149|0x0000000789500000, 0x0000000789600000, 0x0000000789600000|100%| O|  |TAMS 0x0000000789600000, 0x0000000789500000| Untracked 
| 150|0x0000000789600000, 0x0000000789600000, 0x0000000789700000|  0%| F|  |TAMS 0x0000000789600000, 0x0000000789600000| Untracked 
| 151|0x0000000789700000, 0x0000000789800000, 0x0000000789800000|100%| O|  |TAMS 0x0000000789800000, 0x0000000789700000| Untracked 
| 152|0x0000000789800000, 0x0000000789900000, 0x0000000789900000|100%| O|  |TAMS 0x0000000789900000, 0x0000000789800000| Untracked 
| 153|0x0000000789900000, 0x0000000789a00000, 0x0000000789a00000|100%| O|  |TAMS 0x0000000789a00000, 0x0000000789900000| Untracked 
| 154|0x0000000789a00000, 0x0000000789b00000, 0x0000000789b00000|100%| O|  |TAMS 0x0000000789b00000, 0x0000000789a00000| Untracked 
| 155|0x0000000789b00000, 0x0000000789c00000, 0x0000000789c00000|100%| O|  |TAMS 0x0000000789c00000, 0x0000000789b00000| Untracked 
| 156|0x0000000789c00000, 0x0000000789d00000, 0x0000000789d00000|100%| O|  |TAMS 0x0000000789d00000, 0x0000000789c00000| Untracked 
| 157|0x0000000789d00000, 0x0000000789e00000, 0x0000000789e00000|100%| O|  |TAMS 0x0000000789e00000, 0x0000000789d00000| Untracked 
| 158|0x0000000789e00000, 0x0000000789f00000, 0x0000000789f00000|100%| O|  |TAMS 0x0000000789f00000, 0x0000000789e00000| Untracked 
| 159|0x0000000789f00000, 0x000000078a000000, 0x000000078a000000|100%| O|  |TAMS 0x000000078a000000, 0x0000000789f00000| Untracked 
| 160|0x000000078a000000, 0x000000078a100000, 0x000000078a100000|100%| O|  |TAMS 0x000000078a100000, 0x000000078a000000| Untracked 
| 161|0x000000078a100000, 0x000000078a200000, 0x000000078a200000|100%| O|  |TAMS 0x000000078a200000, 0x000000078a100000| Untracked 
| 162|0x000000078a200000, 0x000000078a300000, 0x000000078a300000|100%| O|  |TAMS 0x000000078a300000, 0x000000078a200000| Untracked 
| 163|0x000000078a300000, 0x000000078a400000, 0x000000078a400000|100%| O|  |TAMS 0x000000078a400000, 0x000000078a300000| Untracked 
| 164|0x000000078a400000, 0x000000078a500000, 0x000000078a500000|100%| O|  |TAMS 0x000000078a500000, 0x000000078a400000| Untracked 
| 165|0x000000078a500000, 0x000000078a600000, 0x000000078a600000|100%|HS|  |TAMS 0x000000078a600000, 0x000000078a500000| Complete 
| 166|0x000000078a600000, 0x000000078a700000, 0x000000078a700000|100%|HS|  |TAMS 0x000000078a700000, 0x000000078a600000| Complete 
| 167|0x000000078a700000, 0x000000078a800000, 0x000000078a800000|100%| O|  |TAMS 0x000000078a800000, 0x000000078a700000| Untracked 
| 168|0x000000078a800000, 0x000000078a900000, 0x000000078a900000|100%| O|  |TAMS 0x000000078a900000, 0x000000078a800000| Untracked 
| 169|0x000000078a900000, 0x000000078aa00000, 0x000000078aa00000|100%| O|  |TAMS 0x000000078aa00000, 0x000000078a900000| Untracked 
| 170|0x000000078aa00000, 0x000000078ab00000, 0x000000078ab00000|100%| O|  |TAMS 0x000000078ab00000, 0x000000078aa00000| Untracked 
| 171|0x000000078ab00000, 0x000000078ac00000, 0x000000078ac00000|100%| O|  |TAMS 0x000000078ac00000, 0x000000078ab00000| Untracked 
| 172|0x000000078ac00000, 0x000000078ad00000, 0x000000078ad00000|100%| O|  |TAMS 0x000000078ad00000, 0x000000078ac00000| Untracked 
| 173|0x000000078ad00000, 0x000000078ae00000, 0x000000078ae00000|100%| O|  |TAMS 0x000000078ae00000, 0x000000078ad00000| Untracked 
| 174|0x000000078ae00000, 0x000000078af00000, 0x000000078af00000|100%| O|  |TAMS 0x000000078af00000, 0x000000078ae00000| Untracked 
| 175|0x000000078af00000, 0x000000078b000000, 0x000000078b000000|100%| O|  |TAMS 0x000000078b000000, 0x000000078af00000| Untracked 
| 176|0x000000078b000000, 0x000000078b100000, 0x000000078b100000|100%| O|  |TAMS 0x000000078b100000, 0x000000078b000000| Untracked 
| 177|0x000000078b100000, 0x000000078b200000, 0x000000078b200000|100%| O|  |TAMS 0x000000078b200000, 0x000000078b100000| Untracked 
| 178|0x000000078b200000, 0x000000078b300000, 0x000000078b300000|100%| O|  |TAMS 0x000000078b300000, 0x000000078b200000| Untracked 
| 179|0x000000078b300000, 0x000000078b400000, 0x000000078b400000|100%| O|  |TAMS 0x000000078b400000, 0x000000078b300000| Untracked 
| 180|0x000000078b400000, 0x000000078b500000, 0x000000078b500000|100%| O|  |TAMS 0x000000078b500000, 0x000000078b400000| Untracked 
| 181|0x000000078b500000, 0x000000078b600000, 0x000000078b600000|100%| O|  |TAMS 0x000000078b600000, 0x000000078b500000| Untracked 
| 182|0x000000078b600000, 0x000000078b700000, 0x000000078b700000|100%| O|  |TAMS 0x000000078b700000, 0x000000078b600000| Untracked 
| 183|0x000000078b700000, 0x000000078b800000, 0x000000078b800000|100%| O|  |TAMS 0x000000078b800000, 0x000000078b700000| Complete 
| 184|0x000000078b800000, 0x000000078b900000, 0x000000078b900000|100%| O|  |TAMS 0x000000078b900000, 0x000000078b800000| Untracked 
| 185|0x000000078b900000, 0x000000078b900000, 0x000000078ba00000|  0%| F|  |TAMS 0x000000078b900000, 0x000000078b900000| Untracked 
| 186|0x000000078ba00000, 0x000000078bb00000, 0x000000078bb00000|100%| O|  |TAMS 0x000000078bb00000, 0x000000078ba00000| Untracked 
| 187|0x000000078bb00000, 0x000000078bc00000, 0x000000078bc00000|100%| O|  |TAMS 0x000000078bc00000, 0x000000078bb00000| Untracked 
| 188|0x000000078bc00000, 0x000000078bd00000, 0x000000078bd00000|100%| O|  |TAMS 0x000000078bd00000, 0x000000078bc00000| Untracked 
| 189|0x000000078bd00000, 0x000000078be00000, 0x000000078be00000|100%| O|  |TAMS 0x000000078be00000, 0x000000078bd00000| Untracked 
| 190|0x000000078be00000, 0x000000078bf00000, 0x000000078bf00000|100%| O|  |TAMS 0x000000078bf00000, 0x000000078be00000| Untracked 
| 191|0x000000078bf00000, 0x000000078c000000, 0x000000078c000000|100%| O|  |TAMS 0x000000078c000000, 0x000000078bf00000| Complete 
| 192|0x000000078c000000, 0x000000078c100000, 0x000000078c100000|100%| O|  |TAMS 0x000000078c100000, 0x000000078c000000| Untracked 
| 193|0x000000078c100000, 0x000000078c200000, 0x000000078c200000|100%| O|  |TAMS 0x000000078c200000, 0x000000078c100000| Untracked 
| 194|0x000000078c200000, 0x000000078c300000, 0x000000078c300000|100%| O|  |TAMS 0x000000078c300000, 0x000000078c200000| Untracked 
| 195|0x000000078c300000, 0x000000078c400000, 0x000000078c400000|100%| O|  |TAMS 0x000000078c400000, 0x000000078c300000| Untracked 
| 196|0x000000078c400000, 0x000000078c400000, 0x000000078c500000|  0%| F|  |TAMS 0x000000078c400000, 0x000000078c400000| Untracked 
| 197|0x000000078c500000, 0x000000078c500000, 0x000000078c600000|  0%| F|  |TAMS 0x000000078c500000, 0x000000078c500000| Untracked 
| 198|0x000000078c600000, 0x000000078c600000, 0x000000078c700000|  0%| F|  |TAMS 0x000000078c600000, 0x000000078c600000| Untracked 
| 199|0x000000078c700000, 0x000000078c800000, 0x000000078c800000|100%| O|  |TAMS 0x000000078c800000, 0x000000078c700000| Untracked 
| 200|0x000000078c800000, 0x000000078c900000, 0x000000078c900000|100%| O|  |TAMS 0x000000078c900000, 0x000000078c800000| Untracked 
| 201|0x000000078c900000, 0x000000078ca00000, 0x000000078ca00000|100%| O|  |TAMS 0x000000078ca00000, 0x000000078c900000| Untracked 
| 202|0x000000078ca00000, 0x000000078cb00000, 0x000000078cb00000|100%| O|  |TAMS 0x000000078cb00000, 0x000000078ca00000| Untracked 
| 203|0x000000078cb00000, 0x000000078cb00000, 0x000000078cc00000|  0%| F|  |TAMS 0x000000078cb00000, 0x000000078cb00000| Untracked 
| 204|0x000000078cc00000, 0x000000078cd00000, 0x000000078cd00000|100%| O|  |TAMS 0x000000078cd00000, 0x000000078cc00000| Untracked 
| 205|0x000000078cd00000, 0x000000078ce00000, 0x000000078ce00000|100%| O|  |TAMS 0x000000078ce00000, 0x000000078cd00000| Untracked 
| 206|0x000000078ce00000, 0x000000078ce00000, 0x000000078cf00000|  0%| F|  |TAMS 0x000000078ce00000, 0x000000078ce00000| Untracked 
| 207|0x000000078cf00000, 0x000000078cf00000, 0x000000078d000000|  0%| F|  |TAMS 0x000000078cf00000, 0x000000078cf00000| Untracked 
| 208|0x000000078d000000, 0x000000078d000000, 0x000000078d100000|  0%| F|  |TAMS 0x000000078d000000, 0x000000078d000000| Untracked 
| 209|0x000000078d100000, 0x000000078d200000, 0x000000078d200000|100%| O|  |TAMS 0x000000078d200000, 0x000000078d100000| Untracked 
| 210|0x000000078d200000, 0x000000078d300000, 0x000000078d300000|100%| O|  |TAMS 0x000000078d300000, 0x000000078d200000| Untracked 
| 211|0x000000078d300000, 0x000000078d400000, 0x000000078d400000|100%| O|  |TAMS 0x000000078d400000, 0x000000078d300000| Untracked 
| 212|0x000000078d400000, 0x000000078d400000, 0x000000078d500000|  0%| F|  |TAMS 0x000000078d400000, 0x000000078d400000| Untracked 
| 213|0x000000078d500000, 0x000000078d500000, 0x000000078d600000|  0%| F|  |TAMS 0x000000078d500000, 0x000000078d500000| Untracked 
| 214|0x000000078d600000, 0x000000078d700000, 0x000000078d700000|100%| O|  |TAMS 0x000000078d700000, 0x000000078d600000| Untracked 
| 215|0x000000078d700000, 0x000000078d800000, 0x000000078d800000|100%| O|  |TAMS 0x000000078d800000, 0x000000078d700000| Untracked 
| 216|0x000000078d800000, 0x000000078d900000, 0x000000078d900000|100%|HS|  |TAMS 0x000000078d900000, 0x000000078d800000| Complete 
| 217|0x000000078d900000, 0x000000078d900000, 0x000000078da00000|  0%| F|  |TAMS 0x000000078d900000, 0x000000078d900000| Untracked 
| 218|0x000000078da00000, 0x000000078da00000, 0x000000078db00000|  0%| F|  |TAMS 0x000000078da00000, 0x000000078da00000| Untracked 
| 219|0x000000078db00000, 0x000000078dc00000, 0x000000078dc00000|100%| O|  |TAMS 0x000000078dc00000, 0x000000078db00000| Untracked 
| 220|0x000000078dc00000, 0x000000078dd00000, 0x000000078dd00000|100%| O|  |TAMS 0x000000078dd00000, 0x000000078dc00000| Untracked 
| 221|0x000000078dd00000, 0x000000078dd00000, 0x000000078de00000|  0%| F|  |TAMS 0x000000078dd00000, 0x000000078dd00000| Untracked 
| 222|0x000000078de00000, 0x000000078de00000, 0x000000078df00000|  0%| F|  |TAMS 0x000000078de00000, 0x000000078de00000| Untracked 
| 223|0x000000078df00000, 0x000000078df00000, 0x000000078e000000|  0%| F|  |TAMS 0x000000078df00000, 0x000000078df00000| Untracked 
| 224|0x000000078e000000, 0x000000078e100000, 0x000000078e100000|100%| O|  |TAMS 0x000000078e100000, 0x000000078e000000| Untracked 
| 225|0x000000078e100000, 0x000000078e200000, 0x000000078e200000|100%| O|  |TAMS 0x000000078e200000, 0x000000078e100000| Untracked 
| 226|0x000000078e200000, 0x000000078e300000, 0x000000078e300000|100%| O|  |TAMS 0x000000078e300000, 0x000000078e200000| Untracked 
| 227|0x000000078e300000, 0x000000078e400000, 0x000000078e400000|100%| O|  |TAMS 0x000000078e400000, 0x000000078e300000| Untracked 
| 228|0x000000078e400000, 0x000000078e400000, 0x000000078e500000|  0%| F|  |TAMS 0x000000078e400000, 0x000000078e400000| Untracked 
| 229|0x000000078e500000, 0x000000078e600000, 0x000000078e600000|100%| O|  |TAMS 0x000000078e600000, 0x000000078e500000| Untracked 
| 230|0x000000078e600000, 0x000000078e600000, 0x000000078e700000|  0%| F|  |TAMS 0x000000078e600000, 0x000000078e600000| Untracked 
| 231|0x000000078e700000, 0x000000078e800000, 0x000000078e800000|100%| O|  |TAMS 0x000000078e800000, 0x000000078e700000| Complete 
| 232|0x000000078e800000, 0x000000078e900000, 0x000000078e900000|100%| O|  |TAMS 0x000000078e900000, 0x000000078e800000| Untracked 
| 233|0x000000078e900000, 0x000000078e900000, 0x000000078ea00000|  0%| F|  |TAMS 0x000000078e900000, 0x000000078e900000| Untracked 
| 234|0x000000078ea00000, 0x000000078eb00000, 0x000000078eb00000|100%| O|  |TAMS 0x000000078eb00000, 0x000000078ea00000| Untracked 
| 235|0x000000078eb00000, 0x000000078ec00000, 0x000000078ec00000|100%|HS|  |TAMS 0x000000078ec00000, 0x000000078eb00000| Complete 
| 236|0x000000078ec00000, 0x000000078ed00000, 0x000000078ed00000|100%|HS|  |TAMS 0x000000078ed00000, 0x000000078ec00000| Complete 
| 237|0x000000078ed00000, 0x000000078ed00000, 0x000000078ee00000|  0%| F|  |TAMS 0x000000078ed00000, 0x000000078ed00000| Untracked 
| 238|0x000000078ee00000, 0x000000078ef00000, 0x000000078ef00000|100%|HS|  |TAMS 0x000000078ef00000, 0x000000078ee00000| Complete 
| 239|0x000000078ef00000, 0x000000078f000000, 0x000000078f000000|100%| O|  |TAMS 0x000000078f000000, 0x000000078ef00000| Untracked 
| 240|0x000000078f000000, 0x000000078f100000, 0x000000078f100000|100%|HS|  |TAMS 0x000000078f100000, 0x000000078f000000| Complete 
| 241|0x000000078f100000, 0x000000078f200000, 0x000000078f200000|100%| O|  |TAMS 0x000000078f200000, 0x000000078f100000| Untracked 
| 242|0x000000078f200000, 0x000000078f300000, 0x000000078f300000|100%| O|  |TAMS 0x000000078f300000, 0x000000078f200000| Untracked 
| 243|0x000000078f300000, 0x000000078f400000, 0x000000078f400000|100%| O|  |TAMS 0x000000078f400000, 0x000000078f300000| Untracked 
| 244|0x000000078f400000, 0x000000078f500000, 0x000000078f500000|100%| O|  |TAMS 0x000000078f500000, 0x000000078f400000| Untracked 
| 245|0x000000078f500000, 0x000000078f600000, 0x000000078f600000|100%| O|  |TAMS 0x000000078f600000, 0x000000078f500000| Untracked 
| 246|0x000000078f600000, 0x000000078f700000, 0x000000078f700000|100%|HS|  |TAMS 0x000000078f700000, 0x000000078f600000| Complete 
| 247|0x000000078f700000, 0x000000078f800000, 0x000000078f800000|100%|HC|  |TAMS 0x000000078f800000, 0x000000078f700000| Complete 
| 248|0x000000078f800000, 0x000000078f900000, 0x000000078f900000|100%|HC|  |TAMS 0x000000078f900000, 0x000000078f800000| Complete 
| 249|0x000000078f900000, 0x000000078fa00000, 0x000000078fa00000|100%|HC|  |TAMS 0x000000078fa00000, 0x000000078f900000| Complete 
| 250|0x000000078fa00000, 0x000000078fb00000, 0x000000078fb00000|100%|HC|  |TAMS 0x000000078fb00000, 0x000000078fa00000| Complete 
| 251|0x000000078fb00000, 0x000000078fc00000, 0x000000078fc00000|100%|HC|  |TAMS 0x000000078fc00000, 0x000000078fb00000| Complete 
| 252|0x000000078fc00000, 0x000000078fd00000, 0x000000078fd00000|100%|HS|  |TAMS 0x000000078fd00000, 0x000000078fc00000| Complete 
| 253|0x000000078fd00000, 0x000000078fe00000, 0x000000078fe00000|100%| O|  |TAMS 0x000000078fe00000, 0x000000078fd00000| Complete 
| 254|0x000000078fe00000, 0x000000078ff00000, 0x000000078ff00000|100%|HS|  |TAMS 0x000000078ff00000, 0x000000078fe00000| Complete 
| 255|0x000000078ff00000, 0x0000000790000000, 0x0000000790000000|100%|HC|  |TAMS 0x0000000790000000, 0x000000078ff00000| Complete 
| 256|0x0000000790000000, 0x0000000790100000, 0x0000000790100000|100%|HC|  |TAMS 0x0000000790100000, 0x0000000790000000| Complete 
| 257|0x0000000790100000, 0x0000000790200000, 0x0000000790200000|100%|HC|  |TAMS 0x0000000790200000, 0x0000000790100000| Complete 
| 258|0x0000000790200000, 0x0000000790300000, 0x0000000790300000|100%|HC|  |TAMS 0x0000000790300000, 0x0000000790200000| Complete 
| 259|0x0000000790300000, 0x0000000790400000, 0x0000000790400000|100%|HC|  |TAMS 0x0000000790400000, 0x0000000790300000| Complete 
| 260|0x0000000790400000, 0x0000000790500000, 0x0000000790500000|100%|HC|  |TAMS 0x0000000790500000, 0x0000000790400000| Complete 
| 261|0x0000000790500000, 0x0000000790600000, 0x0000000790600000|100%|HS|  |TAMS 0x0000000790600000, 0x0000000790500000| Complete 
| 262|0x0000000790600000, 0x0000000790700000, 0x0000000790700000|100%| O|  |TAMS 0x0000000790700000, 0x0000000790600000| Complete 
| 263|0x0000000790700000, 0x0000000790800000, 0x0000000790800000|100%| O|  |TAMS 0x0000000790800000, 0x0000000790700000| Untracked 
| 264|0x0000000790800000, 0x0000000790900000, 0x0000000790900000|100%| O|  |TAMS 0x0000000790900000, 0x0000000790800000| Untracked 
| 265|0x0000000790900000, 0x0000000790900000, 0x0000000790a00000|  0%| F|  |TAMS 0x0000000790900000, 0x0000000790900000| Untracked 
| 266|0x0000000790a00000, 0x0000000790a00000, 0x0000000790b00000|  0%| F|  |TAMS 0x0000000790a00000, 0x0000000790a00000| Untracked 
| 267|0x0000000790b00000, 0x0000000790c00000, 0x0000000790c00000|100%| O|  |TAMS 0x0000000790c00000, 0x0000000790b00000| Untracked 
| 268|0x0000000790c00000, 0x0000000790c00000, 0x0000000790d00000|  0%| F|  |TAMS 0x0000000790c00000, 0x0000000790c00000| Untracked 
| 269|0x0000000790d00000, 0x0000000790d00000, 0x0000000790e00000|  0%| F|  |TAMS 0x0000000790d00000, 0x0000000790d00000| Untracked 
| 270|0x0000000790e00000, 0x0000000790e00000, 0x0000000790f00000|  0%| F|  |TAMS 0x0000000790e00000, 0x0000000790e00000| Untracked 
| 271|0x0000000790f00000, 0x0000000791000000, 0x0000000791000000|100%| O|  |TAMS 0x0000000791000000, 0x0000000790f00000| Untracked 
| 272|0x0000000791000000, 0x0000000791100000, 0x0000000791100000|100%| O|  |TAMS 0x0000000791100000, 0x0000000791000000| Untracked 
| 273|0x0000000791100000, 0x0000000791200000, 0x0000000791200000|100%| O|  |TAMS 0x0000000791200000, 0x0000000791100000| Untracked 
| 274|0x0000000791200000, 0x0000000791300000, 0x0000000791300000|100%| O|  |TAMS 0x0000000791300000, 0x0000000791200000| Untracked 
| 275|0x0000000791300000, 0x0000000791400000, 0x0000000791400000|100%| O|  |TAMS 0x0000000791400000, 0x0000000791300000| Untracked 
| 276|0x0000000791400000, 0x0000000791500000, 0x0000000791500000|100%| O|  |TAMS 0x0000000791500000, 0x0000000791400000| Untracked 
| 277|0x0000000791500000, 0x0000000791600000, 0x0000000791600000|100%| O|  |TAMS 0x0000000791600000, 0x0000000791500000| Untracked 
| 278|0x0000000791600000, 0x0000000791700000, 0x0000000791700000|100%| O|  |TAMS 0x0000000791700000, 0x0000000791600000| Untracked 
| 279|0x0000000791700000, 0x0000000791700000, 0x0000000791800000|  0%| F|  |TAMS 0x0000000791700000, 0x0000000791700000| Untracked 
| 280|0x0000000791800000, 0x0000000791800000, 0x0000000791900000|  0%| F|  |TAMS 0x0000000791800000, 0x0000000791800000| Untracked 
| 281|0x0000000791900000, 0x0000000791a00000, 0x0000000791a00000|100%| O|  |TAMS 0x0000000791a00000, 0x0000000791900000| Untracked 
| 282|0x0000000791a00000, 0x0000000791b00000, 0x0000000791b00000|100%| O|  |TAMS 0x0000000791b00000, 0x0000000791a00000| Untracked 
| 283|0x0000000791b00000, 0x0000000791c00000, 0x0000000791c00000|100%| O|  |TAMS 0x0000000791c00000, 0x0000000791b00000| Untracked 
| 284|0x0000000791c00000, 0x0000000791d00000, 0x0000000791d00000|100%| O|  |TAMS 0x0000000791d00000, 0x0000000791c00000| Untracked 
| 285|0x0000000791d00000, 0x0000000791e00000, 0x0000000791e00000|100%| O|  |TAMS 0x0000000791e00000, 0x0000000791d00000| Untracked 
| 286|0x0000000791e00000, 0x0000000791f00000, 0x0000000791f00000|100%| O|  |TAMS 0x0000000791f00000, 0x0000000791e00000| Untracked 
| 287|0x0000000791f00000, 0x0000000792000000, 0x0000000792000000|100%| O|  |TAMS 0x0000000792000000, 0x0000000791f00000| Untracked 
| 288|0x0000000792000000, 0x0000000792100000, 0x0000000792100000|100%| O|  |TAMS 0x0000000792100000, 0x0000000792000000| Untracked 
| 289|0x0000000792100000, 0x0000000792200000, 0x0000000792200000|100%| O|  |TAMS 0x0000000792200000, 0x0000000792100000| Untracked 
| 290|0x0000000792200000, 0x0000000792300000, 0x0000000792300000|100%| O|  |TAMS 0x0000000792300000, 0x0000000792200000| Untracked 
| 291|0x0000000792300000, 0x0000000792400000, 0x0000000792400000|100%| O|  |TAMS 0x0000000792400000, 0x0000000792300000| Untracked 
| 292|0x0000000792400000, 0x0000000792500000, 0x0000000792500000|100%| O|  |TAMS 0x0000000792500000, 0x0000000792400000| Complete 
| 293|0x0000000792500000, 0x0000000792500000, 0x0000000792600000|  0%| F|  |TAMS 0x0000000792500000, 0x0000000792500000| Untracked 
| 294|0x0000000792600000, 0x0000000792600000, 0x0000000792700000|  0%| F|  |TAMS 0x0000000792600000, 0x0000000792600000| Untracked 
| 295|0x0000000792700000, 0x0000000792800000, 0x0000000792800000|100%| O|  |TAMS 0x0000000792800000, 0x0000000792700000| Complete 
| 296|0x0000000792800000, 0x0000000792800000, 0x0000000792900000|  0%| F|  |TAMS 0x0000000792800000, 0x0000000792800000| Untracked 
| 297|0x0000000792900000, 0x0000000792a00000, 0x0000000792a00000|100%| O|  |TAMS 0x0000000792a00000, 0x0000000792900000| Untracked 
| 298|0x0000000792a00000, 0x0000000792b00000, 0x0000000792b00000|100%| O|  |TAMS 0x0000000792b00000, 0x0000000792a00000| Untracked 
| 299|0x0000000792b00000, 0x0000000792c00000, 0x0000000792c00000|100%| O|  |TAMS 0x0000000792c00000, 0x0000000792b00000| Untracked 
| 300|0x0000000792c00000, 0x0000000792d00000, 0x0000000792d00000|100%| O|  |TAMS 0x0000000792d00000, 0x0000000792c00000| Untracked 
| 301|0x0000000792d00000, 0x0000000792e00000, 0x0000000792e00000|100%| O|  |TAMS 0x0000000792e00000, 0x0000000792d00000| Untracked 
| 302|0x0000000792e00000, 0x0000000792f00000, 0x0000000792f00000|100%| O|  |TAMS 0x0000000792f00000, 0x0000000792e00000| Untracked 
| 303|0x0000000792f00000, 0x0000000793000000, 0x0000000793000000|100%| O|  |TAMS 0x0000000793000000, 0x0000000792f00000| Untracked 
| 304|0x0000000793000000, 0x0000000793100000, 0x0000000793100000|100%| O|  |TAMS 0x0000000793100000, 0x0000000793000000| Untracked 
| 305|0x0000000793100000, 0x0000000793200000, 0x0000000793200000|100%|HS|  |TAMS 0x0000000793200000, 0x0000000793100000| Complete 
| 306|0x0000000793200000, 0x0000000793300000, 0x0000000793300000|100%|HS|  |TAMS 0x0000000793300000, 0x0000000793200000| Complete 
| 307|0x0000000793300000, 0x0000000793400000, 0x0000000793400000|100%| O|  |TAMS 0x0000000793400000, 0x0000000793300000| Untracked 
| 308|0x0000000793400000, 0x0000000793500000, 0x0000000793500000|100%| O|  |TAMS 0x0000000793500000, 0x0000000793400000| Untracked 
| 309|0x0000000793500000, 0x0000000793600000, 0x0000000793600000|100%| O|  |TAMS 0x0000000793600000, 0x0000000793500000| Untracked 
| 310|0x0000000793600000, 0x0000000793700000, 0x0000000793700000|100%| O|  |TAMS 0x0000000793700000, 0x0000000793600000| Untracked 
| 311|0x0000000793700000, 0x0000000793800000, 0x0000000793800000|100%| O|  |TAMS 0x0000000793800000, 0x0000000793700000| Untracked 
| 312|0x0000000793800000, 0x0000000793900000, 0x0000000793900000|100%| O|  |TAMS 0x0000000793900000, 0x0000000793800000| Untracked 
| 313|0x0000000793900000, 0x0000000793a00000, 0x0000000793a00000|100%| O|  |TAMS 0x0000000793a00000, 0x0000000793900000| Untracked 
| 314|0x0000000793a00000, 0x0000000793b00000, 0x0000000793b00000|100%| O|  |TAMS 0x0000000793b00000, 0x0000000793a00000| Untracked 
| 315|0x0000000793b00000, 0x0000000793c00000, 0x0000000793c00000|100%| O|  |TAMS 0x0000000793c00000, 0x0000000793b00000| Complete 
| 316|0x0000000793c00000, 0x0000000793d00000, 0x0000000793d00000|100%| O|  |TAMS 0x0000000793d00000, 0x0000000793c00000| Untracked 
| 317|0x0000000793d00000, 0x0000000793e00000, 0x0000000793e00000|100%|HS|  |TAMS 0x0000000793e00000, 0x0000000793d00000| Complete 
| 318|0x0000000793e00000, 0x0000000793f00000, 0x0000000793f00000|100%|HS|  |TAMS 0x0000000793f00000, 0x0000000793e00000| Complete 
| 319|0x0000000793f00000, 0x0000000794000000, 0x0000000794000000|100%|HS|  |TAMS 0x0000000794000000, 0x0000000793f00000| Complete 
| 320|0x0000000794000000, 0x0000000794100000, 0x0000000794100000|100%|HS|  |TAMS 0x0000000794100000, 0x0000000794000000| Complete 
| 321|0x0000000794100000, 0x0000000794200000, 0x0000000794200000|100%| O|  |TAMS 0x0000000794200000, 0x0000000794100000| Untracked 
| 322|0x0000000794200000, 0x0000000794300000, 0x0000000794300000|100%| O|  |TAMS 0x0000000794300000, 0x0000000794200000| Untracked 
| 323|0x0000000794300000, 0x0000000794400000, 0x0000000794400000|100%| O|  |TAMS 0x0000000794400000, 0x0000000794300000| Untracked 
| 324|0x0000000794400000, 0x0000000794500000, 0x0000000794500000|100%| O|  |TAMS 0x0000000794500000, 0x0000000794400000| Untracked 
| 325|0x0000000794500000, 0x0000000794600000, 0x0000000794600000|100%| O|  |TAMS 0x0000000794600000, 0x0000000794500000| Untracked 
| 326|0x0000000794600000, 0x0000000794700000, 0x0000000794700000|100%| O|  |TAMS 0x0000000794700000, 0x0000000794600000| Untracked 
| 327|0x0000000794700000, 0x0000000794800000, 0x0000000794800000|100%| O|  |TAMS 0x0000000794800000, 0x0000000794700000| Untracked 
| 328|0x0000000794800000, 0x0000000794900000, 0x0000000794900000|100%| O|  |TAMS 0x0000000794900000, 0x0000000794800000| Untracked 
| 329|0x0000000794900000, 0x0000000794a00000, 0x0000000794a00000|100%| O|  |TAMS 0x0000000794a00000, 0x0000000794900000| Untracked 
| 330|0x0000000794a00000, 0x0000000794b00000, 0x0000000794b00000|100%| O|  |TAMS 0x0000000794b00000, 0x0000000794a00000| Untracked 
| 331|0x0000000794b00000, 0x0000000794c00000, 0x0000000794c00000|100%| O|  |TAMS 0x0000000794c00000, 0x0000000794b00000| Untracked 
| 332|0x0000000794c00000, 0x0000000794d00000, 0x0000000794d00000|100%| O|  |TAMS 0x0000000794d00000, 0x0000000794c00000| Untracked 
| 333|0x0000000794d00000, 0x0000000794e00000, 0x0000000794e00000|100%| O|  |TAMS 0x0000000794e00000, 0x0000000794d00000| Untracked 
| 334|0x0000000794e00000, 0x0000000794f00000, 0x0000000794f00000|100%| O|  |TAMS 0x0000000794f00000, 0x0000000794e00000| Untracked 
| 335|0x0000000794f00000, 0x0000000795000000, 0x0000000795000000|100%| O|  |TAMS 0x0000000795000000, 0x0000000794f00000| Untracked 
| 336|0x0000000795000000, 0x0000000795100000, 0x0000000795100000|100%| O|  |TAMS 0x0000000795100000, 0x0000000795000000| Untracked 
| 337|0x0000000795100000, 0x0000000795100000, 0x0000000795200000|  0%| F|  |TAMS 0x0000000795100000, 0x0000000795100000| Untracked 
| 338|0x0000000795200000, 0x0000000795300000, 0x0000000795300000|100%| O|  |TAMS 0x0000000795300000, 0x0000000795200000| Untracked 
| 339|0x0000000795300000, 0x0000000795400000, 0x0000000795400000|100%| O|  |TAMS 0x0000000795400000, 0x0000000795300000| Untracked 
| 340|0x0000000795400000, 0x0000000795500000, 0x0000000795500000|100%| O|  |TAMS 0x0000000795500000, 0x0000000795400000| Untracked 
| 341|0x0000000795500000, 0x0000000795500000, 0x0000000795600000|  0%| F|  |TAMS 0x0000000795500000, 0x0000000795500000| Untracked 
| 342|0x0000000795600000, 0x0000000795700000, 0x0000000795700000|100%| O|  |TAMS 0x0000000795700000, 0x0000000795600000| Untracked 
| 343|0x0000000795700000, 0x0000000795800000, 0x0000000795800000|100%| O|  |TAMS 0x0000000795800000, 0x0000000795700000| Untracked 
| 344|0x0000000795800000, 0x0000000795800000, 0x0000000795900000|  0%| F|  |TAMS 0x0000000795800000, 0x0000000795800000| Untracked 
| 345|0x0000000795900000, 0x0000000795a00000, 0x0000000795a00000|100%| O|  |TAMS 0x0000000795a00000, 0x0000000795900000| Untracked 
| 346|0x0000000795a00000, 0x0000000795b00000, 0x0000000795b00000|100%| O|  |TAMS 0x0000000795b00000, 0x0000000795a00000| Untracked 
| 347|0x0000000795b00000, 0x0000000795c00000, 0x0000000795c00000|100%| O|  |TAMS 0x0000000795c00000, 0x0000000795b00000| Untracked 
| 348|0x0000000795c00000, 0x0000000795c00000, 0x0000000795d00000|  0%| F|  |TAMS 0x0000000795c00000, 0x0000000795c00000| Untracked 
| 349|0x0000000795d00000, 0x0000000795d00000, 0x0000000795e00000|  0%| F|  |TAMS 0x0000000795d00000, 0x0000000795d00000| Untracked 
| 350|0x0000000795e00000, 0x0000000795f00000, 0x0000000795f00000|100%| O|  |TAMS 0x0000000795f00000, 0x0000000795e00000| Untracked 
| 351|0x0000000795f00000, 0x0000000796000000, 0x0000000796000000|100%| O|  |TAMS 0x0000000796000000, 0x0000000795f00000| Untracked 
| 352|0x0000000796000000, 0x0000000796100000, 0x0000000796100000|100%|HS|  |TAMS 0x0000000796100000, 0x0000000796000000| Complete 
| 353|0x0000000796100000, 0x0000000796200000, 0x0000000796200000|100%|HC|  |TAMS 0x0000000796200000, 0x0000000796100000| Complete 
| 354|0x0000000796200000, 0x0000000796300000, 0x0000000796300000|100%|HS|  |TAMS 0x0000000796300000, 0x0000000796200000| Complete 
| 355|0x0000000796300000, 0x0000000796400000, 0x0000000796400000|100%|HC|  |TAMS 0x0000000796400000, 0x0000000796300000| Complete 
| 356|0x0000000796400000, 0x0000000796500000, 0x0000000796500000|100%|HC|  |TAMS 0x0000000796500000, 0x0000000796400000| Complete 
| 357|0x0000000796500000, 0x0000000796600000, 0x0000000796600000|100%|HC|  |TAMS 0x0000000796600000, 0x0000000796500000| Complete 
| 358|0x0000000796600000, 0x0000000796700000, 0x0000000796700000|100%| O|  |TAMS 0x0000000796700000, 0x0000000796600000| Untracked 
| 359|0x0000000796700000, 0x0000000796800000, 0x0000000796800000|100%| O|  |TAMS 0x0000000796800000, 0x0000000796700000| Untracked 
| 360|0x0000000796800000, 0x0000000796900000, 0x0000000796900000|100%| O|  |TAMS 0x0000000796900000, 0x0000000796800000| Untracked 
| 361|0x0000000796900000, 0x0000000796a00000, 0x0000000796a00000|100%| O|  |TAMS 0x0000000796a00000, 0x0000000796900000| Untracked 
| 362|0x0000000796a00000, 0x0000000796b00000, 0x0000000796b00000|100%| O|  |TAMS 0x0000000796b00000, 0x0000000796a00000| Untracked 
| 363|0x0000000796b00000, 0x0000000796c00000, 0x0000000796c00000|100%| O|  |TAMS 0x0000000796c00000, 0x0000000796b00000| Untracked 
| 364|0x0000000796c00000, 0x0000000796d00000, 0x0000000796d00000|100%| O|  |TAMS 0x0000000796d00000, 0x0000000796c00000| Untracked 
| 365|0x0000000796d00000, 0x0000000796e00000, 0x0000000796e00000|100%| O|  |TAMS 0x0000000796e00000, 0x0000000796d00000| Untracked 
| 366|0x0000000796e00000, 0x0000000796f00000, 0x0000000796f00000|100%| O|  |TAMS 0x0000000796f00000, 0x0000000796e00000| Untracked 
| 367|0x0000000796f00000, 0x0000000797000000, 0x0000000797000000|100%| O|  |TAMS 0x0000000797000000, 0x0000000796f00000| Complete 
| 368|0x0000000797000000, 0x0000000797100000, 0x0000000797100000|100%| O|  |TAMS 0x0000000797100000, 0x0000000797000000| Untracked 
| 369|0x0000000797100000, 0x0000000797200000, 0x0000000797200000|100%| O|  |TAMS 0x0000000797200000, 0x0000000797100000| Untracked 
| 370|0x0000000797200000, 0x0000000797300000, 0x0000000797300000|100%| O|  |TAMS 0x0000000797300000, 0x0000000797200000| Untracked 
| 371|0x0000000797300000, 0x0000000797400000, 0x0000000797400000|100%| O|  |TAMS 0x0000000797400000, 0x0000000797300000| Untracked 
| 372|0x0000000797400000, 0x0000000797500000, 0x0000000797500000|100%| O|  |TAMS 0x0000000797500000, 0x0000000797400000| Untracked 
| 373|0x0000000797500000, 0x0000000797600000, 0x0000000797600000|100%| O|  |TAMS 0x0000000797600000, 0x0000000797500000| Untracked 
| 374|0x0000000797600000, 0x0000000797700000, 0x0000000797700000|100%| O|  |TAMS 0x0000000797700000, 0x0000000797600000| Untracked 
| 375|0x0000000797700000, 0x0000000797800000, 0x0000000797800000|100%| O|  |TAMS 0x0000000797800000, 0x0000000797700000| Untracked 
| 376|0x0000000797800000, 0x0000000797800000, 0x0000000797900000|  0%| F|  |TAMS 0x0000000797800000, 0x0000000797800000| Untracked 
| 377|0x0000000797900000, 0x0000000797a00000, 0x0000000797a00000|100%| O|  |TAMS 0x0000000797a00000, 0x0000000797900000| Untracked 
| 378|0x0000000797a00000, 0x0000000797b00000, 0x0000000797b00000|100%| O|  |TAMS 0x0000000797b00000, 0x0000000797a00000| Untracked 
| 379|0x0000000797b00000, 0x0000000797c00000, 0x0000000797c00000|100%| O|  |TAMS 0x0000000797c00000, 0x0000000797b00000| Untracked 
| 380|0x0000000797c00000, 0x0000000797d00000, 0x0000000797d00000|100%| O|  |TAMS 0x0000000797d00000, 0x0000000797c00000| Complete 
| 381|0x0000000797d00000, 0x0000000797e00000, 0x0000000797e00000|100%| O|  |TAMS 0x0000000797e00000, 0x0000000797d00000| Untracked 
| 382|0x0000000797e00000, 0x0000000797f00000, 0x0000000797f00000|100%|HS|  |TAMS 0x0000000797f00000, 0x0000000797e00000| Complete 
| 383|0x0000000797f00000, 0x0000000798000000, 0x0000000798000000|100%|HC|  |TAMS 0x0000000798000000, 0x0000000797f00000| Complete 
| 384|0x0000000798000000, 0x0000000798100000, 0x0000000798100000|100%| O|  |TAMS 0x0000000798100000, 0x0000000798000000| Untracked 
| 385|0x0000000798100000, 0x0000000798200000, 0x0000000798200000|100%| O|  |TAMS 0x0000000798200000, 0x0000000798100000| Untracked 
| 386|0x0000000798200000, 0x0000000798300000, 0x0000000798300000|100%| O|  |TAMS 0x0000000798300000, 0x0000000798200000| Untracked 
| 387|0x0000000798300000, 0x0000000798400000, 0x0000000798400000|100%| O|  |TAMS 0x0000000798400000, 0x0000000798300000| Complete 
| 388|0x0000000798400000, 0x0000000798500000, 0x0000000798500000|100%| O|  |TAMS 0x0000000798500000, 0x0000000798400000| Complete 
| 389|0x0000000798500000, 0x0000000798600000, 0x0000000798600000|100%| O|  |TAMS 0x0000000798600000, 0x0000000798500000| Untracked 
| 390|0x0000000798600000, 0x0000000798700000, 0x0000000798700000|100%| O|  |TAMS 0x0000000798700000, 0x0000000798600000| Untracked 
| 391|0x0000000798700000, 0x0000000798700000, 0x0000000798800000|  0%| F|  |TAMS 0x0000000798700000, 0x0000000798700000| Untracked 
| 392|0x0000000798800000, 0x0000000798900000, 0x0000000798900000|100%| O|  |TAMS 0x0000000798900000, 0x0000000798800000| Complete 
| 393|0x0000000798900000, 0x0000000798a00000, 0x0000000798a00000|100%| O|  |TAMS 0x0000000798a00000, 0x0000000798900000| Untracked 
| 394|0x0000000798a00000, 0x0000000798b00000, 0x0000000798b00000|100%| O|  |TAMS 0x0000000798b00000, 0x0000000798a00000| Complete 
| 395|0x0000000798b00000, 0x0000000798b00000, 0x0000000798c00000|  0%| F|  |TAMS 0x0000000798b00000, 0x0000000798b00000| Untracked 
| 396|0x0000000798c00000, 0x0000000798d00000, 0x0000000798d00000|100%| O|  |TAMS 0x0000000798d00000, 0x0000000798c00000| Complete 
| 397|0x0000000798d00000, 0x0000000798e00000, 0x0000000798e00000|100%| O|  |TAMS 0x0000000798e00000, 0x0000000798d00000| Complete 
| 398|0x0000000798e00000, 0x0000000798f00000, 0x0000000798f00000|100%|HS|  |TAMS 0x0000000798f00000, 0x0000000798e00000| Complete 
| 399|0x0000000798f00000, 0x0000000799000000, 0x0000000799000000|100%|HC|  |TAMS 0x0000000799000000, 0x0000000798f00000| Complete 
| 400|0x0000000799000000, 0x0000000799100000, 0x0000000799100000|100%| O|  |TAMS 0x0000000799100000, 0x0000000799000000| Complete 
| 401|0x0000000799100000, 0x0000000799100000, 0x0000000799200000|  0%| F|  |TAMS 0x0000000799100000, 0x0000000799100000| Untracked 
| 402|0x0000000799200000, 0x0000000799300000, 0x0000000799300000|100%| O|  |TAMS 0x0000000799300000, 0x0000000799200000| Untracked 
| 403|0x0000000799300000, 0x0000000799400000, 0x0000000799400000|100%| O|  |TAMS 0x0000000799400000, 0x0000000799300000| Complete 
| 404|0x0000000799400000, 0x0000000799500000, 0x0000000799500000|100%|HS|  |TAMS 0x0000000799500000, 0x0000000799400000| Complete 
| 405|0x0000000799500000, 0x0000000799600000, 0x0000000799600000|100%|HC|  |TAMS 0x0000000799600000, 0x0000000799500000| Complete 
| 406|0x0000000799600000, 0x0000000799700000, 0x0000000799700000|100%|HC|  |TAMS 0x0000000799700000, 0x0000000799600000| Complete 
| 407|0x0000000799700000, 0x0000000799800000, 0x0000000799800000|100%|HC|  |TAMS 0x0000000799800000, 0x0000000799700000| Complete 
| 408|0x0000000799800000, 0x0000000799900000, 0x0000000799900000|100%| O|  |TAMS 0x0000000799900000, 0x0000000799800000| Untracked 
| 409|0x0000000799900000, 0x0000000799a00000, 0x0000000799a00000|100%| O|  |TAMS 0x0000000799a00000, 0x0000000799900000| Untracked 
| 410|0x0000000799a00000, 0x0000000799b00000, 0x0000000799b00000|100%| O|  |TAMS 0x0000000799b00000, 0x0000000799a00000| Untracked 
| 411|0x0000000799b00000, 0x0000000799c00000, 0x0000000799c00000|100%| O|  |TAMS 0x0000000799c00000, 0x0000000799b00000| Untracked 
| 412|0x0000000799c00000, 0x0000000799d00000, 0x0000000799d00000|100%| O|  |TAMS 0x0000000799d00000, 0x0000000799c00000| Untracked 
| 413|0x0000000799d00000, 0x0000000799e00000, 0x0000000799e00000|100%| O|  |TAMS 0x0000000799e00000, 0x0000000799d00000| Complete 
| 414|0x0000000799e00000, 0x0000000799f00000, 0x0000000799f00000|100%| O|  |TAMS 0x0000000799f00000, 0x0000000799e00000| Complete 
| 415|0x0000000799f00000, 0x000000079a000000, 0x000000079a000000|100%| O|  |TAMS 0x000000079a000000, 0x0000000799f00000| Complete 
| 416|0x000000079a000000, 0x000000079a100000, 0x000000079a100000|100%| O|  |TAMS 0x000000079a100000, 0x000000079a000000| Complete 
| 417|0x000000079a100000, 0x000000079a200000, 0x000000079a200000|100%| O|  |TAMS 0x000000079a200000, 0x000000079a100000| Untracked 
| 418|0x000000079a200000, 0x000000079a300000, 0x000000079a300000|100%| O|  |TAMS 0x000000079a300000, 0x000000079a200000| Untracked 
| 419|0x000000079a300000, 0x000000079a400000, 0x000000079a400000|100%| O|  |TAMS 0x000000079a400000, 0x000000079a300000| Untracked 
| 420|0x000000079a400000, 0x000000079a500000, 0x000000079a500000|100%| O|  |TAMS 0x000000079a500000, 0x000000079a400000| Complete 
| 421|0x000000079a500000, 0x000000079a600000, 0x000000079a600000|100%| O|  |TAMS 0x000000079a600000, 0x000000079a500000| Untracked 
| 422|0x000000079a600000, 0x000000079a700000, 0x000000079a700000|100%| O|  |TAMS 0x000000079a700000, 0x000000079a600000| Untracked 
| 423|0x000000079a700000, 0x000000079a800000, 0x000000079a800000|100%| O|  |TAMS 0x000000079a800000, 0x000000079a700000| Untracked 
| 424|0x000000079a800000, 0x000000079a900000, 0x000000079a900000|100%| O|  |TAMS 0x000000079a900000, 0x000000079a800000| Untracked 
| 425|0x000000079a900000, 0x000000079aa00000, 0x000000079aa00000|100%| O|  |TAMS 0x000000079aa00000, 0x000000079a900000| Untracked 
| 426|0x000000079aa00000, 0x000000079ab00000, 0x000000079ab00000|100%| O|  |TAMS 0x000000079ab00000, 0x000000079aa00000| Untracked 
| 427|0x000000079ab00000, 0x000000079ac00000, 0x000000079ac00000|100%| O|  |TAMS 0x000000079ac00000, 0x000000079ab00000| Untracked 
| 428|0x000000079ac00000, 0x000000079ad00000, 0x000000079ad00000|100%| O|  |TAMS 0x000000079ad00000, 0x000000079ac00000| Untracked 
| 429|0x000000079ad00000, 0x000000079ae00000, 0x000000079ae00000|100%| O|  |TAMS 0x000000079ae00000, 0x000000079ad00000| Untracked 
| 430|0x000000079ae00000, 0x000000079af00000, 0x000000079af00000|100%| O|  |TAMS 0x000000079af00000, 0x000000079ae00000| Untracked 
| 431|0x000000079af00000, 0x000000079b000000, 0x000000079b000000|100%| O|  |TAMS 0x000000079b000000, 0x000000079af00000| Complete 
| 432|0x000000079b000000, 0x000000079b100000, 0x000000079b100000|100%|HS|  |TAMS 0x000000079b000000, 0x000000079b000000| Complete 
| 433|0x000000079b100000, 0x000000079b200000, 0x000000079b200000|100%|HC|  |TAMS 0x000000079b100000, 0x000000079b100000| Complete 
| 434|0x000000079b200000, 0x000000079b300000, 0x000000079b300000|100%| O|  |TAMS 0x000000079b300000, 0x000000079b200000| Complete 
| 435|0x000000079b300000, 0x000000079b400000, 0x000000079b400000|100%|HS|  |TAMS 0x000000079b400000, 0x000000079b300000| Complete 
| 436|0x000000079b400000, 0x000000079b500000, 0x000000079b500000|100%|HC|  |TAMS 0x000000079b500000, 0x000000079b400000| Complete 
| 437|0x000000079b500000, 0x000000079b600000, 0x000000079b600000|100%| O|  |TAMS 0x000000079b600000, 0x000000079b500000| Complete 
| 438|0x000000079b600000, 0x000000079b700000, 0x000000079b700000|100%| O|  |TAMS 0x000000079b700000, 0x000000079b600000| Complete 
| 439|0x000000079b700000, 0x000000079b800000, 0x000000079b800000|100%| O|  |TAMS 0x000000079b800000, 0x000000079b700000| Untracked 
| 440|0x000000079b800000, 0x000000079b900000, 0x000000079b900000|100%| O|  |TAMS 0x000000079b900000, 0x000000079b800000| Untracked 
| 441|0x000000079b900000, 0x000000079ba00000, 0x000000079ba00000|100%| O|  |TAMS 0x000000079ba00000, 0x000000079b900000| Untracked 
| 442|0x000000079ba00000, 0x000000079ba00000, 0x000000079bb00000|  0%| F|  |TAMS 0x000000079ba00000, 0x000000079ba00000| Untracked 
| 443|0x000000079bb00000, 0x000000079bb00000, 0x000000079bc00000|  0%| F|  |TAMS 0x000000079bb00000, 0x000000079bb00000| Untracked 
| 444|0x000000079bc00000, 0x000000079bd00000, 0x000000079bd00000|100%| O|  |TAMS 0x000000079bd00000, 0x000000079bc00000| Complete 
| 445|0x000000079bd00000, 0x000000079be00000, 0x000000079be00000|100%| O|  |TAMS 0x000000079be00000, 0x000000079bd00000| Complete 
| 446|0x000000079be00000, 0x000000079bf00000, 0x000000079bf00000|100%| O|  |TAMS 0x000000079bf00000, 0x000000079be00000| Complete 
| 447|0x000000079bf00000, 0x000000079c000000, 0x000000079c000000|100%| O|  |TAMS 0x000000079c000000, 0x000000079bf00000| Untracked 
| 448|0x000000079c000000, 0x000000079c100000, 0x000000079c100000|100%| O|  |TAMS 0x000000079c100000, 0x000000079c000000| Untracked 
| 449|0x000000079c100000, 0x000000079c200000, 0x000000079c200000|100%| O|  |TAMS 0x000000079c200000, 0x000000079c100000| Untracked 
| 450|0x000000079c200000, 0x000000079c300000, 0x000000079c300000|100%| O|  |TAMS 0x000000079c300000, 0x000000079c200000| Untracked 
| 451|0x000000079c300000, 0x000000079c400000, 0x000000079c400000|100%| O|  |TAMS 0x000000079c400000, 0x000000079c300000| Untracked 
| 452|0x000000079c400000, 0x000000079c500000, 0x000000079c500000|100%| O|  |TAMS 0x000000079c500000, 0x000000079c400000| Untracked 
| 453|0x000000079c500000, 0x000000079c600000, 0x000000079c600000|100%| O|  |TAMS 0x000000079c600000, 0x000000079c500000| Untracked 
| 454|0x000000079c600000, 0x000000079c700000, 0x000000079c700000|100%| O|  |TAMS 0x000000079c700000, 0x000000079c600000| Untracked 
| 455|0x000000079c700000, 0x000000079c800000, 0x000000079c800000|100%| O|  |TAMS 0x000000079c800000, 0x000000079c700000| Untracked 
| 456|0x000000079c800000, 0x000000079c900000, 0x000000079c900000|100%| O|  |TAMS 0x000000079c900000, 0x000000079c800000| Untracked 
| 457|0x000000079c900000, 0x000000079ca00000, 0x000000079ca00000|100%| O|  |TAMS 0x000000079ca00000, 0x000000079c900000| Untracked 
| 458|0x000000079ca00000, 0x000000079cb00000, 0x000000079cb00000|100%| O|  |TAMS 0x000000079cb00000, 0x000000079ca00000| Untracked 
| 459|0x000000079cb00000, 0x000000079cc00000, 0x000000079cc00000|100%| O|  |TAMS 0x000000079cc00000, 0x000000079cb00000| Untracked 
| 460|0x000000079cc00000, 0x000000079cd00000, 0x000000079cd00000|100%| O|  |TAMS 0x000000079cd00000, 0x000000079cc00000| Complete 
| 461|0x000000079cd00000, 0x000000079ce00000, 0x000000079ce00000|100%| O|  |TAMS 0x000000079ce00000, 0x000000079cd00000| Complete 
| 462|0x000000079ce00000, 0x000000079cf00000, 0x000000079cf00000|100%| O|  |TAMS 0x000000079cf00000, 0x000000079ce00000| Complete 
| 463|0x000000079cf00000, 0x000000079d000000, 0x000000079d000000|100%| O|  |TAMS 0x000000079d000000, 0x000000079cf00000| Complete 
| 464|0x000000079d000000, 0x000000079d100000, 0x000000079d100000|100%| O|  |TAMS 0x000000079d100000, 0x000000079d000000| Complete 
| 465|0x000000079d100000, 0x000000079d200000, 0x000000079d200000|100%| O|  |TAMS 0x000000079d200000, 0x000000079d100000| Untracked 
| 466|0x000000079d200000, 0x000000079d300000, 0x000000079d300000|100%| O|  |TAMS 0x000000079d300000, 0x000000079d200000| Untracked 
| 467|0x000000079d300000, 0x000000079d400000, 0x000000079d400000|100%| O|  |TAMS 0x000000079d400000, 0x000000079d300000| Untracked 
| 468|0x000000079d400000, 0x000000079d500000, 0x000000079d500000|100%| O|  |TAMS 0x000000079d500000, 0x000000079d400000| Untracked 
| 469|0x000000079d500000, 0x000000079d500000, 0x000000079d600000|  0%| F|  |TAMS 0x000000079d500000, 0x000000079d500000| Untracked 
| 470|0x000000079d600000, 0x000000079d600000, 0x000000079d700000|  0%| F|  |TAMS 0x000000079d600000, 0x000000079d600000| Untracked 
| 471|0x000000079d700000, 0x000000079d700000, 0x000000079d800000|  0%| F|  |TAMS 0x000000079d700000, 0x000000079d700000| Untracked 
| 472|0x000000079d800000, 0x000000079d900000, 0x000000079d900000|100%| O|  |TAMS 0x000000079d900000, 0x000000079d800000| Complete 
| 473|0x000000079d900000, 0x000000079da00000, 0x000000079da00000|100%| O|  |TAMS 0x000000079da00000, 0x000000079d900000| Untracked 
| 474|0x000000079da00000, 0x000000079db00000, 0x000000079db00000|100%| O|  |TAMS 0x000000079db00000, 0x000000079da00000| Untracked 
| 475|0x000000079db00000, 0x000000079db00000, 0x000000079dc00000|  0%| F|  |TAMS 0x000000079db00000, 0x000000079db00000| Untracked 
| 476|0x000000079dc00000, 0x000000079dc00000, 0x000000079dd00000|  0%| F|  |TAMS 0x000000079dc00000, 0x000000079dc00000| Untracked 
| 477|0x000000079dd00000, 0x000000079dd00000, 0x000000079de00000|  0%| F|  |TAMS 0x000000079dd00000, 0x000000079dd00000| Untracked 
| 478|0x000000079de00000, 0x000000079df00000, 0x000000079df00000|100%| O|  |TAMS 0x000000079df00000, 0x000000079de00000| Complete 
| 479|0x000000079df00000, 0x000000079e000000, 0x000000079e000000|100%| O|  |TAMS 0x000000079e000000, 0x000000079df00000| Untracked 
| 480|0x000000079e000000, 0x000000079e100000, 0x000000079e100000|100%| O|  |TAMS 0x000000079e100000, 0x000000079e000000| Untracked 
| 481|0x000000079e100000, 0x000000079e200000, 0x000000079e200000|100%| O|  |TAMS 0x000000079e200000, 0x000000079e100000| Untracked 
| 482|0x000000079e200000, 0x000000079e300000, 0x000000079e300000|100%| O|  |TAMS 0x000000079e300000, 0x000000079e200000| Untracked 
| 483|0x000000079e300000, 0x000000079e400000, 0x000000079e400000|100%| O|  |TAMS 0x000000079e400000, 0x000000079e300000| Untracked 
| 484|0x000000079e400000, 0x000000079e500000, 0x000000079e500000|100%| O|  |TAMS 0x000000079e500000, 0x000000079e400000| Untracked 
| 485|0x000000079e500000, 0x000000079e600000, 0x000000079e600000|100%| O|  |TAMS 0x000000079e600000, 0x000000079e500000| Untracked 
| 486|0x000000079e600000, 0x000000079e700000, 0x000000079e700000|100%| O|  |TAMS 0x000000079e700000, 0x000000079e600000| Untracked 
| 487|0x000000079e700000, 0x000000079e800000, 0x000000079e800000|100%| O|  |TAMS 0x000000079e800000, 0x000000079e700000| Untracked 
| 488|0x000000079e800000, 0x000000079e900000, 0x000000079e900000|100%| O|  |TAMS 0x000000079e900000, 0x000000079e800000| Untracked 
| 489|0x000000079e900000, 0x000000079ea00000, 0x000000079ea00000|100%| O|  |TAMS 0x000000079ea00000, 0x000000079e900000| Untracked 
| 490|0x000000079ea00000, 0x000000079eb00000, 0x000000079eb00000|100%| O|  |TAMS 0x000000079eb00000, 0x000000079ea00000| Untracked 
| 491|0x000000079eb00000, 0x000000079ec00000, 0x000000079ec00000|100%| O|  |TAMS 0x000000079ec00000, 0x000000079eb00000| Untracked 
| 492|0x000000079ec00000, 0x000000079ed00000, 0x000000079ed00000|100%| O|  |TAMS 0x000000079ed00000, 0x000000079ec00000| Untracked 
| 493|0x000000079ed00000, 0x000000079ee00000, 0x000000079ee00000|100%| O|  |TAMS 0x000000079ee00000, 0x000000079ed00000| Untracked 
| 494|0x000000079ee00000, 0x000000079ee00000, 0x000000079ef00000|  0%| F|  |TAMS 0x000000079ee00000, 0x000000079ee00000| Untracked 
| 495|0x000000079ef00000, 0x000000079f000000, 0x000000079f000000|100%| O|  |TAMS 0x000000079f000000, 0x000000079ef00000| Complete 
| 496|0x000000079f000000, 0x000000079f100000, 0x000000079f100000|100%| O|  |TAMS 0x000000079f100000, 0x000000079f000000| Complete 
| 497|0x000000079f100000, 0x000000079f200000, 0x000000079f200000|100%| O|  |TAMS 0x000000079f200000, 0x000000079f100000| Complete 
| 498|0x000000079f200000, 0x000000079f300000, 0x000000079f300000|100%| O|  |TAMS 0x000000079f300000, 0x000000079f200000| Complete 
| 499|0x000000079f300000, 0x000000079f400000, 0x000000079f400000|100%| O|  |TAMS 0x000000079f400000, 0x000000079f300000| Complete 
| 500|0x000000079f400000, 0x000000079f500000, 0x000000079f500000|100%| O|  |TAMS 0x000000079f500000, 0x000000079f400000| Complete 
| 501|0x000000079f500000, 0x000000079f600000, 0x000000079f600000|100%| O|  |TAMS 0x000000079f600000, 0x000000079f500000| Complete 
| 502|0x000000079f600000, 0x000000079f700000, 0x000000079f700000|100%| O|  |TAMS 0x000000079f700000, 0x000000079f600000| Untracked 
| 503|0x000000079f700000, 0x000000079f800000, 0x000000079f800000|100%| O|  |TAMS 0x000000079f800000, 0x000000079f700000| Untracked 
| 504|0x000000079f800000, 0x000000079f900000, 0x000000079f900000|100%| O|  |TAMS 0x000000079f900000, 0x000000079f800000| Untracked 
| 505|0x000000079f900000, 0x000000079fa00000, 0x000000079fa00000|100%| O|  |TAMS 0x000000079fa00000, 0x000000079f900000| Untracked 
| 506|0x000000079fa00000, 0x000000079fb00000, 0x000000079fb00000|100%| O|  |TAMS 0x000000079fb00000, 0x000000079fa00000| Complete 
| 507|0x000000079fb00000, 0x000000079fc00000, 0x000000079fc00000|100%| O|  |TAMS 0x000000079fc00000, 0x000000079fb00000| Complete 
| 508|0x000000079fc00000, 0x000000079fd00000, 0x000000079fd00000|100%| O|  |TAMS 0x000000079fd00000, 0x000000079fc00000| Complete 
| 509|0x000000079fd00000, 0x000000079fe00000, 0x000000079fe00000|100%| O|  |TAMS 0x000000079fe00000, 0x000000079fd00000| Complete 
| 510|0x000000079fe00000, 0x000000079ff00000, 0x000000079ff00000|100%| O|  |TAMS 0x000000079ff00000, 0x000000079fe00000| Complete 
| 511|0x000000079ff00000, 0x00000007a0000000, 0x00000007a0000000|100%| O|  |TAMS 0x00000007a0000000, 0x000000079ff00000| Complete 
| 512|0x00000007a0000000, 0x00000007a0100000, 0x00000007a0100000|100%| O|  |TAMS 0x00000007a0100000, 0x00000007a0000000| Complete 
| 513|0x00000007a0100000, 0x00000007a0200000, 0x00000007a0200000|100%| O|  |TAMS 0x00000007a0200000, 0x00000007a0100000| Complete 
| 514|0x00000007a0200000, 0x00000007a0300000, 0x00000007a0300000|100%| O|  |TAMS 0x00000007a0300000, 0x00000007a0200000| Complete 
| 515|0x00000007a0300000, 0x00000007a0400000, 0x00000007a0400000|100%| O|  |TAMS 0x00000007a0400000, 0x00000007a0300000| Complete 
| 516|0x00000007a0400000, 0x00000007a0500000, 0x00000007a0500000|100%| O|  |TAMS 0x00000007a0500000, 0x00000007a0400000| Complete 
| 517|0x00000007a0500000, 0x00000007a0600000, 0x00000007a0600000|100%| O|  |TAMS 0x00000007a0600000, 0x00000007a0500000| Complete 
| 518|0x00000007a0600000, 0x00000007a0700000, 0x00000007a0700000|100%| O|  |TAMS 0x00000007a0700000, 0x00000007a0600000| Untracked 
| 519|0x00000007a0700000, 0x00000007a0800000, 0x00000007a0800000|100%| O|  |TAMS 0x00000007a0800000, 0x00000007a0700000| Complete 
| 520|0x00000007a0800000, 0x00000007a0900000, 0x00000007a0900000|100%| O|  |TAMS 0x00000007a0900000, 0x00000007a0800000| Complete 
| 521|0x00000007a0900000, 0x00000007a0a00000, 0x00000007a0a00000|100%| O|  |TAMS 0x00000007a0a00000, 0x00000007a0900000| Complete 
| 522|0x00000007a0a00000, 0x00000007a0b00000, 0x00000007a0b00000|100%| O|  |TAMS 0x00000007a0b00000, 0x00000007a0a00000| Complete 
| 523|0x00000007a0b00000, 0x00000007a0c00000, 0x00000007a0c00000|100%| O|  |TAMS 0x00000007a0c00000, 0x00000007a0b00000| Complete 
| 524|0x00000007a0c00000, 0x00000007a0d00000, 0x00000007a0d00000|100%| O|  |TAMS 0x00000007a0d00000, 0x00000007a0c00000| Complete 
| 525|0x00000007a0d00000, 0x00000007a0e00000, 0x00000007a0e00000|100%| O|  |TAMS 0x00000007a0e00000, 0x00000007a0d00000| Untracked 
| 526|0x00000007a0e00000, 0x00000007a0f00000, 0x00000007a0f00000|100%| O|  |TAMS 0x00000007a0f00000, 0x00000007a0e00000| Complete 
| 527|0x00000007a0f00000, 0x00000007a1000000, 0x00000007a1000000|100%| O|  |TAMS 0x00000007a1000000, 0x00000007a0f00000| Complete 
| 528|0x00000007a1000000, 0x00000007a1100000, 0x00000007a1100000|100%| O|  |TAMS 0x00000007a1100000, 0x00000007a1000000| Complete 
| 529|0x00000007a1100000, 0x00000007a1200000, 0x00000007a1200000|100%| O|  |TAMS 0x00000007a1200000, 0x00000007a1100000| Complete 
| 530|0x00000007a1200000, 0x00000007a1300000, 0x00000007a1300000|100%| O|  |TAMS 0x00000007a1300000, 0x00000007a1200000| Complete 
| 531|0x00000007a1300000, 0x00000007a1400000, 0x00000007a1400000|100%| O|  |TAMS 0x00000007a1400000, 0x00000007a1300000| Untracked 
| 532|0x00000007a1400000, 0x00000007a1500000, 0x00000007a1500000|100%| O|  |TAMS 0x00000007a1500000, 0x00000007a1400000| Untracked 
| 533|0x00000007a1500000, 0x00000007a1600000, 0x00000007a1600000|100%| O|  |TAMS 0x00000007a1600000, 0x00000007a1500000| Untracked 
| 534|0x00000007a1600000, 0x00000007a1700000, 0x00000007a1700000|100%| O|  |TAMS 0x00000007a1700000, 0x00000007a1600000| Untracked 
| 535|0x00000007a1700000, 0x00000007a1800000, 0x00000007a1800000|100%| O|  |TAMS 0x00000007a1800000, 0x00000007a1700000| Untracked 
| 536|0x00000007a1800000, 0x00000007a1900000, 0x00000007a1900000|100%| O|  |TAMS 0x00000007a1900000, 0x00000007a1800000| Untracked 
| 537|0x00000007a1900000, 0x00000007a1a00000, 0x00000007a1a00000|100%| O|  |TAMS 0x00000007a1a00000, 0x00000007a1900000| Untracked 
| 538|0x00000007a1a00000, 0x00000007a1b00000, 0x00000007a1b00000|100%| O|  |TAMS 0x00000007a1b00000, 0x00000007a1a00000| Untracked 
| 539|0x00000007a1b00000, 0x00000007a1c00000, 0x00000007a1c00000|100%| O|  |TAMS 0x00000007a1c00000, 0x00000007a1b00000| Untracked 
| 540|0x00000007a1c00000, 0x00000007a1d00000, 0x00000007a1d00000|100%| O|  |TAMS 0x00000007a1d00000, 0x00000007a1c00000| Untracked 
| 541|0x00000007a1d00000, 0x00000007a1e00000, 0x00000007a1e00000|100%| O|  |TAMS 0x00000007a1e00000, 0x00000007a1d00000| Untracked 
| 542|0x00000007a1e00000, 0x00000007a1f00000, 0x00000007a1f00000|100%| O|  |TAMS 0x00000007a1f00000, 0x00000007a1e00000| Untracked 
| 543|0x00000007a1f00000, 0x00000007a2000000, 0x00000007a2000000|100%| O|  |TAMS 0x00000007a2000000, 0x00000007a1f00000| Untracked 
| 544|0x00000007a2000000, 0x00000007a2000000, 0x00000007a2100000|  0%| F|  |TAMS 0x00000007a2000000, 0x00000007a2000000| Untracked 
| 545|0x00000007a2100000, 0x00000007a2100000, 0x00000007a2200000|  0%| F|  |TAMS 0x00000007a2100000, 0x00000007a2100000| Untracked 
| 546|0x00000007a2200000, 0x00000007a2300000, 0x00000007a2300000|100%| O|  |TAMS 0x00000007a2300000, 0x00000007a2200000| Untracked 
| 547|0x00000007a2300000, 0x00000007a2400000, 0x00000007a2400000|100%| O|  |TAMS 0x00000007a2400000, 0x00000007a2300000| Complete 
| 548|0x00000007a2400000, 0x00000007a2500000, 0x00000007a2500000|100%| O|  |TAMS 0x00000007a2500000, 0x00000007a2400000| Complete 
| 549|0x00000007a2500000, 0x00000007a2600000, 0x00000007a2600000|100%| O|  |TAMS 0x00000007a2600000, 0x00000007a2500000| Complete 
| 550|0x00000007a2600000, 0x00000007a2700000, 0x00000007a2700000|100%| O|  |TAMS 0x00000007a2700000, 0x00000007a2600000| Complete 
| 551|0x00000007a2700000, 0x00000007a2800000, 0x00000007a2800000|100%| O|  |TAMS 0x00000007a2800000, 0x00000007a2700000| Complete 
| 552|0x00000007a2800000, 0x00000007a2900000, 0x00000007a2900000|100%| O|  |TAMS 0x00000007a2900000, 0x00000007a2800000| Complete 
| 553|0x00000007a2900000, 0x00000007a2a00000, 0x00000007a2a00000|100%| O|  |TAMS 0x00000007a2a00000, 0x00000007a2900000| Complete 
| 554|0x00000007a2a00000, 0x00000007a2b00000, 0x00000007a2b00000|100%| O|  |TAMS 0x00000007a2b00000, 0x00000007a2a00000| Complete 
| 555|0x00000007a2b00000, 0x00000007a2c00000, 0x00000007a2c00000|100%| O|  |TAMS 0x00000007a2c00000, 0x00000007a2b00000| Complete 
| 556|0x00000007a2c00000, 0x00000007a2d00000, 0x00000007a2d00000|100%| O|  |TAMS 0x00000007a2d00000, 0x00000007a2c00000| Complete 
| 557|0x00000007a2d00000, 0x00000007a2e00000, 0x00000007a2e00000|100%| O|  |TAMS 0x00000007a2e00000, 0x00000007a2d00000| Complete 
| 558|0x00000007a2e00000, 0x00000007a2f00000, 0x00000007a2f00000|100%| O|  |TAMS 0x00000007a2f00000, 0x00000007a2e00000| Complete 
| 559|0x00000007a2f00000, 0x00000007a3000000, 0x00000007a3000000|100%| O|  |TAMS 0x00000007a3000000, 0x00000007a2f00000| Complete 
| 560|0x00000007a3000000, 0x00000007a3100000, 0x00000007a3100000|100%| O|  |TAMS 0x00000007a3100000, 0x00000007a3000000| Complete 
| 561|0x00000007a3100000, 0x00000007a3200000, 0x00000007a3200000|100%| O|  |TAMS 0x00000007a3200000, 0x00000007a3100000| Complete 
| 562|0x00000007a3200000, 0x00000007a3300000, 0x00000007a3300000|100%| O|  |TAMS 0x00000007a3300000, 0x00000007a3200000| Untracked 
| 563|0x00000007a3300000, 0x00000007a3400000, 0x00000007a3400000|100%| O|  |TAMS 0x00000007a3400000, 0x00000007a3300000| Complete 
| 564|0x00000007a3400000, 0x00000007a3500000, 0x00000007a3500000|100%| O|  |TAMS 0x00000007a3500000, 0x00000007a3400000| Complete 
| 565|0x00000007a3500000, 0x00000007a3600000, 0x00000007a3600000|100%| O|  |TAMS 0x00000007a3600000, 0x00000007a3500000| Complete 
| 566|0x00000007a3600000, 0x00000007a3700000, 0x00000007a3700000|100%| O|  |TAMS 0x00000007a3700000, 0x00000007a3600000| Complete 
| 567|0x00000007a3700000, 0x00000007a3800000, 0x00000007a3800000|100%| O|  |TAMS 0x00000007a3800000, 0x00000007a3700000| Complete 
| 568|0x00000007a3800000, 0x00000007a3800000, 0x00000007a3900000|  0%| F|  |TAMS 0x00000007a3800000, 0x00000007a3800000| Untracked 
| 569|0x00000007a3900000, 0x00000007a3900000, 0x00000007a3a00000|  0%| F|  |TAMS 0x00000007a3900000, 0x00000007a3900000| Untracked 
| 570|0x00000007a3a00000, 0x00000007a3a00000, 0x00000007a3b00000|  0%| F|  |TAMS 0x00000007a3a00000, 0x00000007a3a00000| Untracked 
| 571|0x00000007a3b00000, 0x00000007a3b00000, 0x00000007a3c00000|  0%| F|  |TAMS 0x00000007a3b00000, 0x00000007a3b00000| Untracked 
| 572|0x00000007a3c00000, 0x00000007a3c00000, 0x00000007a3d00000|  0%| F|  |TAMS 0x00000007a3c00000, 0x00000007a3c00000| Untracked 
| 573|0x00000007a3d00000, 0x00000007a3d00000, 0x00000007a3e00000|  0%| F|  |TAMS 0x00000007a3d00000, 0x00000007a3d00000| Untracked 
| 574|0x00000007a3e00000, 0x00000007a3e00000, 0x00000007a3f00000|  0%| F|  |TAMS 0x00000007a3e00000, 0x00000007a3e00000| Untracked 
| 575|0x00000007a3f00000, 0x00000007a3f00000, 0x00000007a4000000|  0%| F|  |TAMS 0x00000007a3f00000, 0x00000007a3f00000| Untracked 
| 576|0x00000007a4000000, 0x00000007a4000000, 0x00000007a4100000|  0%| F|  |TAMS 0x00000007a4000000, 0x00000007a4000000| Untracked 
| 577|0x00000007a4100000, 0x00000007a4100000, 0x00000007a4200000|  0%| F|  |TAMS 0x00000007a4100000, 0x00000007a4100000| Untracked 
| 578|0x00000007a4200000, 0x00000007a4200000, 0x00000007a4300000|  0%| F|  |TAMS 0x00000007a4200000, 0x00000007a4200000| Untracked 
| 579|0x00000007a4300000, 0x00000007a4400000, 0x00000007a4400000|100%| O|  |TAMS 0x00000007a4400000, 0x00000007a4300000| Complete 
| 580|0x00000007a4400000, 0x00000007a4500000, 0x00000007a4500000|100%| O|  |TAMS 0x00000007a4500000, 0x00000007a4400000| Complete 
| 581|0x00000007a4500000, 0x00000007a4600000, 0x00000007a4600000|100%| O|  |TAMS 0x00000007a4600000, 0x00000007a4500000| Complete 
| 582|0x00000007a4600000, 0x00000007a4700000, 0x00000007a4700000|100%| O|  |TAMS 0x00000007a4700000, 0x00000007a4600000| Complete 
| 583|0x00000007a4700000, 0x00000007a4800000, 0x00000007a4800000|100%| O|  |TAMS 0x00000007a4800000, 0x00000007a4700000| Complete 
| 584|0x00000007a4800000, 0x00000007a4900000, 0x00000007a4900000|100%| O|  |TAMS 0x00000007a4900000, 0x00000007a4800000| Complete 
| 585|0x00000007a4900000, 0x00000007a4a00000, 0x00000007a4a00000|100%| O|  |TAMS 0x00000007a4a00000, 0x00000007a4900000| Complete 
| 586|0x00000007a4a00000, 0x00000007a4aa0e00, 0x00000007a4b00000| 62%| O|  |TAMS 0x00000007a4aa0e00, 0x00000007a4a00000| Untracked 
| 587|0x00000007a4b00000, 0x00000007a4b00000, 0x00000007a4c00000|  0%| F|  |TAMS 0x00000007a4b00000, 0x00000007a4b00000| Untracked 
| 588|0x00000007a4c00000, 0x00000007a4c00000, 0x00000007a4d00000|  0%| F|  |TAMS 0x00000007a4c00000, 0x00000007a4c00000| Untracked 
| 589|0x00000007a4d00000, 0x00000007a4d00000, 0x00000007a4e00000|  0%| F|  |TAMS 0x00000007a4d00000, 0x00000007a4d00000| Untracked 
| 590|0x00000007a4e00000, 0x00000007a4e00000, 0x00000007a4f00000|  0%| F|  |TAMS 0x00000007a4e00000, 0x00000007a4e00000| Untracked 
| 591|0x00000007a4f00000, 0x00000007a4f00000, 0x00000007a5000000|  0%| F|  |TAMS 0x00000007a4f00000, 0x00000007a4f00000| Untracked 
| 592|0x00000007a5000000, 0x00000007a5000000, 0x00000007a5100000|  0%| F|  |TAMS 0x00000007a5000000, 0x00000007a5000000| Untracked 
| 593|0x00000007a5100000, 0x00000007a5100000, 0x00000007a5200000|  0%| F|  |TAMS 0x00000007a5100000, 0x00000007a5100000| Untracked 
| 594|0x00000007a5200000, 0x00000007a5200000, 0x00000007a5300000|  0%| F|  |TAMS 0x00000007a5200000, 0x00000007a5200000| Untracked 
| 595|0x00000007a5300000, 0x00000007a5300000, 0x00000007a5400000|  0%| F|  |TAMS 0x00000007a5300000, 0x00000007a5300000| Untracked 
| 596|0x00000007a5400000, 0x00000007a5400000, 0x00000007a5500000|  0%| F|  |TAMS 0x00000007a5400000, 0x00000007a5400000| Untracked 
| 597|0x00000007a5500000, 0x00000007a5500000, 0x00000007a5600000|  0%| F|  |TAMS 0x00000007a5500000, 0x00000007a5500000| Untracked 
| 598|0x00000007a5600000, 0x00000007a5600000, 0x00000007a5700000|  0%| F|  |TAMS 0x00000007a5600000, 0x00000007a5600000| Untracked 
| 599|0x00000007a5700000, 0x00000007a5700000, 0x00000007a5800000|  0%| F|  |TAMS 0x00000007a5700000, 0x00000007a5700000| Untracked 
| 600|0x00000007a5800000, 0x00000007a5800000, 0x00000007a5900000|  0%| F|  |TAMS 0x00000007a5800000, 0x00000007a5800000| Untracked 
| 601|0x00000007a5900000, 0x00000007a5900000, 0x00000007a5a00000|  0%| F|  |TAMS 0x00000007a5900000, 0x00000007a5900000| Untracked 
| 602|0x00000007a5a00000, 0x00000007a5a00000, 0x00000007a5b00000|  0%| F|  |TAMS 0x00000007a5a00000, 0x00000007a5a00000| Untracked 
| 603|0x00000007a5b00000, 0x00000007a5b00000, 0x00000007a5c00000|  0%| F|  |TAMS 0x00000007a5b00000, 0x00000007a5b00000| Untracked 
| 604|0x00000007a5c00000, 0x00000007a5c00000, 0x00000007a5d00000|  0%| F|  |TAMS 0x00000007a5c00000, 0x00000007a5c00000| Untracked 
| 605|0x00000007a5d00000, 0x00000007a5d00000, 0x00000007a5e00000|  0%| F|  |TAMS 0x00000007a5d00000, 0x00000007a5d00000| Untracked 
| 606|0x00000007a5e00000, 0x00000007a5e00000, 0x00000007a5f00000|  0%| F|  |TAMS 0x00000007a5e00000, 0x00000007a5e00000| Untracked 
| 607|0x00000007a5f00000, 0x00000007a5f00000, 0x00000007a6000000|  0%| F|  |TAMS 0x00000007a5f00000, 0x00000007a5f00000| Untracked 
| 608|0x00000007a6000000, 0x00000007a6000000, 0x00000007a6100000|  0%| F|  |TAMS 0x00000007a6000000, 0x00000007a6000000| Untracked 
| 609|0x00000007a6100000, 0x00000007a6100000, 0x00000007a6200000|  0%| F|  |TAMS 0x00000007a6100000, 0x00000007a6100000| Untracked 
| 610|0x00000007a6200000, 0x00000007a6200000, 0x00000007a6300000|  0%| F|  |TAMS 0x00000007a6200000, 0x00000007a6200000| Untracked 
| 611|0x00000007a6300000, 0x00000007a6300000, 0x00000007a6400000|  0%| F|  |TAMS 0x00000007a6300000, 0x00000007a6300000| Untracked 
| 612|0x00000007a6400000, 0x00000007a6400000, 0x00000007a6500000|  0%| F|  |TAMS 0x00000007a6400000, 0x00000007a6400000| Untracked 
| 613|0x00000007a6500000, 0x00000007a6500000, 0x00000007a6600000|  0%| F|  |TAMS 0x00000007a6500000, 0x00000007a6500000| Untracked 
| 614|0x00000007a6600000, 0x00000007a6600000, 0x00000007a6700000|  0%| F|  |TAMS 0x00000007a6600000, 0x00000007a6600000| Untracked 
| 615|0x00000007a6700000, 0x00000007a6700000, 0x00000007a6800000|  0%| F|  |TAMS 0x00000007a6700000, 0x00000007a6700000| Untracked 
| 616|0x00000007a6800000, 0x00000007a6800000, 0x00000007a6900000|  0%| F|  |TAMS 0x00000007a6800000, 0x00000007a6800000| Untracked 
| 617|0x00000007a6900000, 0x00000007a6900000, 0x00000007a6a00000|  0%| F|  |TAMS 0x00000007a6900000, 0x00000007a6900000| Untracked 
| 618|0x00000007a6a00000, 0x00000007a6a00000, 0x00000007a6b00000|  0%| F|  |TAMS 0x00000007a6a00000, 0x00000007a6a00000| Untracked 
| 619|0x00000007a6b00000, 0x00000007a6b00000, 0x00000007a6c00000|  0%| F|  |TAMS 0x00000007a6b00000, 0x00000007a6b00000| Untracked 
| 620|0x00000007a6c00000, 0x00000007a6c00000, 0x00000007a6d00000|  0%| F|  |TAMS 0x00000007a6c00000, 0x00000007a6c00000| Untracked 
| 621|0x00000007a6d00000, 0x00000007a6d00000, 0x00000007a6e00000|  0%| F|  |TAMS 0x00000007a6d00000, 0x00000007a6d00000| Untracked 
| 622|0x00000007a6e00000, 0x00000007a6e00000, 0x00000007a6f00000|  0%| F|  |TAMS 0x00000007a6e00000, 0x00000007a6e00000| Untracked 
| 623|0x00000007a6f00000, 0x00000007a6f00000, 0x00000007a7000000|  0%| F|  |TAMS 0x00000007a6f00000, 0x00000007a6f00000| Untracked 
| 624|0x00000007a7000000, 0x00000007a7000000, 0x00000007a7100000|  0%| F|  |TAMS 0x00000007a7000000, 0x00000007a7000000| Untracked 
| 625|0x00000007a7100000, 0x00000007a7100000, 0x00000007a7200000|  0%| F|  |TAMS 0x00000007a7100000, 0x00000007a7100000| Untracked 
| 626|0x00000007a7200000, 0x00000007a7200000, 0x00000007a7300000|  0%| F|  |TAMS 0x00000007a7200000, 0x00000007a7200000| Untracked 
| 627|0x00000007a7300000, 0x00000007a7300000, 0x00000007a7400000|  0%| F|  |TAMS 0x00000007a7300000, 0x00000007a7300000| Untracked 
| 628|0x00000007a7400000, 0x00000007a7400000, 0x00000007a7500000|  0%| F|  |TAMS 0x00000007a7400000, 0x00000007a7400000| Untracked 
| 629|0x00000007a7500000, 0x00000007a7500000, 0x00000007a7600000|  0%| F|  |TAMS 0x00000007a7500000, 0x00000007a7500000| Untracked 
| 630|0x00000007a7600000, 0x00000007a7600000, 0x00000007a7700000|  0%| F|  |TAMS 0x00000007a7600000, 0x00000007a7600000| Untracked 
| 631|0x00000007a7700000, 0x00000007a7700000, 0x00000007a7800000|  0%| F|  |TAMS 0x00000007a7700000, 0x00000007a7700000| Untracked 
| 632|0x00000007a7800000, 0x00000007a7800000, 0x00000007a7900000|  0%| F|  |TAMS 0x00000007a7800000, 0x00000007a7800000| Untracked 
| 633|0x00000007a7900000, 0x00000007a7900000, 0x00000007a7a00000|  0%| F|  |TAMS 0x00000007a7900000, 0x00000007a7900000| Untracked 
| 634|0x00000007a7a00000, 0x00000007a7a00000, 0x00000007a7b00000|  0%| F|  |TAMS 0x00000007a7a00000, 0x00000007a7a00000| Untracked 
| 635|0x00000007a7b00000, 0x00000007a7b00000, 0x00000007a7c00000|  0%| F|  |TAMS 0x00000007a7b00000, 0x00000007a7b00000| Untracked 
| 636|0x00000007a7c00000, 0x00000007a7c00000, 0x00000007a7d00000|  0%| F|  |TAMS 0x00000007a7c00000, 0x00000007a7c00000| Untracked 
| 637|0x00000007a7d00000, 0x00000007a7d00000, 0x00000007a7e00000|  0%| F|  |TAMS 0x00000007a7d00000, 0x00000007a7d00000| Untracked 
| 638|0x00000007a7e00000, 0x00000007a7e00000, 0x00000007a7f00000|  0%| F|  |TAMS 0x00000007a7e00000, 0x00000007a7e00000| Untracked 
| 639|0x00000007a7f00000, 0x00000007a7f00000, 0x00000007a8000000|  0%| F|  |TAMS 0x00000007a7f00000, 0x00000007a7f00000| Untracked 
| 640|0x00000007a8000000, 0x00000007a8000000, 0x00000007a8100000|  0%| F|  |TAMS 0x00000007a8000000, 0x00000007a8000000| Untracked 
| 641|0x00000007a8100000, 0x00000007a8100000, 0x00000007a8200000|  0%| F|  |TAMS 0x00000007a8100000, 0x00000007a8100000| Untracked 
| 642|0x00000007a8200000, 0x00000007a8200000, 0x00000007a8300000|  0%| F|  |TAMS 0x00000007a8200000, 0x00000007a8200000| Untracked 
| 643|0x00000007a8300000, 0x00000007a8300000, 0x00000007a8400000|  0%| F|  |TAMS 0x00000007a8300000, 0x00000007a8300000| Untracked 
| 644|0x00000007a8400000, 0x00000007a8400000, 0x00000007a8500000|  0%| F|  |TAMS 0x00000007a8400000, 0x00000007a8400000| Untracked 
| 645|0x00000007a8500000, 0x00000007a8500000, 0x00000007a8600000|  0%| F|  |TAMS 0x00000007a8500000, 0x00000007a8500000| Untracked 
| 646|0x00000007a8600000, 0x00000007a8600000, 0x00000007a8700000|  0%| F|  |TAMS 0x00000007a8600000, 0x00000007a8600000| Untracked 
| 647|0x00000007a8700000, 0x00000007a8700000, 0x00000007a8800000|  0%| F|  |TAMS 0x00000007a8700000, 0x00000007a8700000| Untracked 
| 648|0x00000007a8800000, 0x00000007a8800000, 0x00000007a8900000|  0%| F|  |TAMS 0x00000007a8800000, 0x00000007a8800000| Untracked 
| 649|0x00000007a8900000, 0x00000007a8900000, 0x00000007a8a00000|  0%| F|  |TAMS 0x00000007a8900000, 0x00000007a8900000| Untracked 
| 650|0x00000007a8a00000, 0x00000007a8a00000, 0x00000007a8b00000|  0%| F|  |TAMS 0x00000007a8a00000, 0x00000007a8a00000| Untracked 
| 651|0x00000007a8b00000, 0x00000007a8b00000, 0x00000007a8c00000|  0%| F|  |TAMS 0x00000007a8b00000, 0x00000007a8b00000| Untracked 
| 652|0x00000007a8c00000, 0x00000007a8c00000, 0x00000007a8d00000|  0%| F|  |TAMS 0x00000007a8c00000, 0x00000007a8c00000| Untracked 
| 653|0x00000007a8d00000, 0x00000007a8d00000, 0x00000007a8e00000|  0%| F|  |TAMS 0x00000007a8d00000, 0x00000007a8d00000| Untracked 
| 654|0x00000007a8e00000, 0x00000007a8e00000, 0x00000007a8f00000|  0%| F|  |TAMS 0x00000007a8e00000, 0x00000007a8e00000| Untracked 
| 655|0x00000007a8f00000, 0x00000007a8f00000, 0x00000007a9000000|  0%| F|  |TAMS 0x00000007a8f00000, 0x00000007a8f00000| Untracked 
| 656|0x00000007a9000000, 0x00000007a9000000, 0x00000007a9100000|  0%| F|  |TAMS 0x00000007a9000000, 0x00000007a9000000| Untracked 
| 657|0x00000007a9100000, 0x00000007a9100000, 0x00000007a9200000|  0%| F|  |TAMS 0x00000007a9100000, 0x00000007a9100000| Untracked 
| 658|0x00000007a9200000, 0x00000007a9200000, 0x00000007a9300000|  0%| F|  |TAMS 0x00000007a9200000, 0x00000007a9200000| Untracked 
| 659|0x00000007a9300000, 0x00000007a9300000, 0x00000007a9400000|  0%| F|  |TAMS 0x00000007a9300000, 0x00000007a9300000| Untracked 
| 660|0x00000007a9400000, 0x00000007a9400000, 0x00000007a9500000|  0%| F|  |TAMS 0x00000007a9400000, 0x00000007a9400000| Untracked 
| 661|0x00000007a9500000, 0x00000007a9500000, 0x00000007a9600000|  0%| F|  |TAMS 0x00000007a9500000, 0x00000007a9500000| Untracked 
| 662|0x00000007a9600000, 0x00000007a9600000, 0x00000007a9700000|  0%| F|  |TAMS 0x00000007a9600000, 0x00000007a9600000| Untracked 
| 663|0x00000007a9700000, 0x00000007a9700000, 0x00000007a9800000|  0%| F|  |TAMS 0x00000007a9700000, 0x00000007a9700000| Untracked 
| 664|0x00000007a9800000, 0x00000007a9800000, 0x00000007a9900000|  0%| F|  |TAMS 0x00000007a9800000, 0x00000007a9800000| Untracked 
| 665|0x00000007a9900000, 0x00000007a9900000, 0x00000007a9a00000|  0%| F|  |TAMS 0x00000007a9900000, 0x00000007a9900000| Untracked 
| 666|0x00000007a9a00000, 0x00000007a9a00000, 0x00000007a9b00000|  0%| F|  |TAMS 0x00000007a9a00000, 0x00000007a9a00000| Untracked 
| 667|0x00000007a9b00000, 0x00000007a9b00000, 0x00000007a9c00000|  0%| F|  |TAMS 0x00000007a9b00000, 0x00000007a9b00000| Untracked 
| 668|0x00000007a9c00000, 0x00000007a9c00000, 0x00000007a9d00000|  0%| F|  |TAMS 0x00000007a9c00000, 0x00000007a9c00000| Untracked 
| 669|0x00000007a9d00000, 0x00000007a9d00000, 0x00000007a9e00000|  0%| F|  |TAMS 0x00000007a9d00000, 0x00000007a9d00000| Untracked 
| 670|0x00000007a9e00000, 0x00000007a9e00000, 0x00000007a9f00000|  0%| F|  |TAMS 0x00000007a9e00000, 0x00000007a9e00000| Untracked 
| 671|0x00000007a9f00000, 0x00000007a9f00000, 0x00000007aa000000|  0%| F|  |TAMS 0x00000007a9f00000, 0x00000007a9f00000| Untracked 
| 672|0x00000007aa000000, 0x00000007aa000000, 0x00000007aa100000|  0%| F|  |TAMS 0x00000007aa000000, 0x00000007aa000000| Untracked 
| 673|0x00000007aa100000, 0x00000007aa100000, 0x00000007aa200000|  0%| F|  |TAMS 0x00000007aa100000, 0x00000007aa100000| Untracked 
| 674|0x00000007aa200000, 0x00000007aa200000, 0x00000007aa300000|  0%| F|  |TAMS 0x00000007aa200000, 0x00000007aa200000| Untracked 
| 675|0x00000007aa300000, 0x00000007aa300000, 0x00000007aa400000|  0%| F|  |TAMS 0x00000007aa300000, 0x00000007aa300000| Untracked 
| 676|0x00000007aa400000, 0x00000007aa400000, 0x00000007aa500000|  0%| F|  |TAMS 0x00000007aa400000, 0x00000007aa400000| Untracked 
| 677|0x00000007aa500000, 0x00000007aa500000, 0x00000007aa600000|  0%| F|  |TAMS 0x00000007aa500000, 0x00000007aa500000| Untracked 
| 678|0x00000007aa600000, 0x00000007aa600000, 0x00000007aa700000|  0%| F|  |TAMS 0x00000007aa600000, 0x00000007aa600000| Untracked 
| 679|0x00000007aa700000, 0x00000007aa700000, 0x00000007aa800000|  0%| F|  |TAMS 0x00000007aa700000, 0x00000007aa700000| Untracked 
| 680|0x00000007aa800000, 0x00000007aa800000, 0x00000007aa900000|  0%| F|  |TAMS 0x00000007aa800000, 0x00000007aa800000| Untracked 
| 681|0x00000007aa900000, 0x00000007aa900000, 0x00000007aaa00000|  0%| F|  |TAMS 0x00000007aa900000, 0x00000007aa900000| Untracked 
| 682|0x00000007aaa00000, 0x00000007aaa00000, 0x00000007aab00000|  0%| F|  |TAMS 0x00000007aaa00000, 0x00000007aaa00000| Untracked 
| 683|0x00000007aab00000, 0x00000007aab00000, 0x00000007aac00000|  0%| F|  |TAMS 0x00000007aab00000, 0x00000007aab00000| Untracked 
| 684|0x00000007aac00000, 0x00000007aac00000, 0x00000007aad00000|  0%| F|  |TAMS 0x00000007aac00000, 0x00000007aac00000| Untracked 
| 685|0x00000007aad00000, 0x00000007aad00000, 0x00000007aae00000|  0%| F|  |TAMS 0x00000007aad00000, 0x00000007aad00000| Untracked 
| 686|0x00000007aae00000, 0x00000007aae00000, 0x00000007aaf00000|  0%| F|  |TAMS 0x00000007aae00000, 0x00000007aae00000| Untracked 
| 687|0x00000007aaf00000, 0x00000007aaf00000, 0x00000007ab000000|  0%| F|  |TAMS 0x00000007aaf00000, 0x00000007aaf00000| Untracked 
| 688|0x00000007ab000000, 0x00000007ab000000, 0x00000007ab100000|  0%| F|  |TAMS 0x00000007ab000000, 0x00000007ab000000| Untracked 
| 689|0x00000007ab100000, 0x00000007ab100000, 0x00000007ab200000|  0%| F|  |TAMS 0x00000007ab100000, 0x00000007ab100000| Untracked 
| 690|0x00000007ab200000, 0x00000007ab200000, 0x00000007ab300000|  0%| F|  |TAMS 0x00000007ab200000, 0x00000007ab200000| Untracked 
| 691|0x00000007ab300000, 0x00000007ab300000, 0x00000007ab400000|  0%| F|  |TAMS 0x00000007ab300000, 0x00000007ab300000| Untracked 
| 692|0x00000007ab400000, 0x00000007ab400000, 0x00000007ab500000|  0%| F|  |TAMS 0x00000007ab400000, 0x00000007ab400000| Untracked 
| 693|0x00000007ab500000, 0x00000007ab500000, 0x00000007ab600000|  0%| F|  |TAMS 0x00000007ab500000, 0x00000007ab500000| Untracked 
| 694|0x00000007ab600000, 0x00000007ab600000, 0x00000007ab700000|  0%| F|  |TAMS 0x00000007ab600000, 0x00000007ab600000| Untracked 
| 695|0x00000007ab700000, 0x00000007ab700000, 0x00000007ab800000|  0%| F|  |TAMS 0x00000007ab700000, 0x00000007ab700000| Untracked 
| 696|0x00000007ab800000, 0x00000007ab800000, 0x00000007ab900000|  0%| F|  |TAMS 0x00000007ab800000, 0x00000007ab800000| Untracked 
| 697|0x00000007ab900000, 0x00000007ab900000, 0x00000007aba00000|  0%| F|  |TAMS 0x00000007ab900000, 0x00000007ab900000| Untracked 
| 698|0x00000007aba00000, 0x00000007aba00000, 0x00000007abb00000|  0%| F|  |TAMS 0x00000007aba00000, 0x00000007aba00000| Untracked 
| 699|0x00000007abb00000, 0x00000007abb00000, 0x00000007abc00000|  0%| F|  |TAMS 0x00000007abb00000, 0x00000007abb00000| Untracked 
| 700|0x00000007abc00000, 0x00000007abc00000, 0x00000007abd00000|  0%| F|  |TAMS 0x00000007abc00000, 0x00000007abc00000| Untracked 
| 701|0x00000007abd00000, 0x00000007abd00000, 0x00000007abe00000|  0%| F|  |TAMS 0x00000007abd00000, 0x00000007abd00000| Untracked 
| 702|0x00000007abe00000, 0x00000007abe00000, 0x00000007abf00000|  0%| F|  |TAMS 0x00000007abe00000, 0x00000007abe00000| Untracked 
| 703|0x00000007abf00000, 0x00000007abf00000, 0x00000007ac000000|  0%| F|  |TAMS 0x00000007abf00000, 0x00000007abf00000| Untracked 
| 704|0x00000007ac000000, 0x00000007ac000000, 0x00000007ac100000|  0%| F|  |TAMS 0x00000007ac000000, 0x00000007ac000000| Untracked 
| 705|0x00000007ac100000, 0x00000007ac100000, 0x00000007ac200000|  0%| F|  |TAMS 0x00000007ac100000, 0x00000007ac100000| Untracked 
| 706|0x00000007ac200000, 0x00000007ac200000, 0x00000007ac300000|  0%| F|  |TAMS 0x00000007ac200000, 0x00000007ac200000| Untracked 
| 707|0x00000007ac300000, 0x00000007ac300000, 0x00000007ac400000|  0%| F|  |TAMS 0x00000007ac300000, 0x00000007ac300000| Untracked 
| 708|0x00000007ac400000, 0x00000007ac400000, 0x00000007ac500000|  0%| F|  |TAMS 0x00000007ac400000, 0x00000007ac400000| Untracked 
| 709|0x00000007ac500000, 0x00000007ac500000, 0x00000007ac600000|  0%| F|  |TAMS 0x00000007ac500000, 0x00000007ac500000| Untracked 
| 710|0x00000007ac600000, 0x00000007ac600000, 0x00000007ac700000|  0%| F|  |TAMS 0x00000007ac600000, 0x00000007ac600000| Untracked 
| 711|0x00000007ac700000, 0x00000007ac700000, 0x00000007ac800000|  0%| F|  |TAMS 0x00000007ac700000, 0x00000007ac700000| Untracked 
| 712|0x00000007ac800000, 0x00000007ac800000, 0x00000007ac900000|  0%| F|  |TAMS 0x00000007ac800000, 0x00000007ac800000| Untracked 
| 713|0x00000007ac900000, 0x00000007ac900000, 0x00000007aca00000|  0%| F|  |TAMS 0x00000007ac900000, 0x00000007ac900000| Untracked 
| 714|0x00000007aca00000, 0x00000007aca00000, 0x00000007acb00000|  0%| F|  |TAMS 0x00000007aca00000, 0x00000007aca00000| Untracked 
| 715|0x00000007acb00000, 0x00000007acb00000, 0x00000007acc00000|  0%| F|  |TAMS 0x00000007acb00000, 0x00000007acb00000| Untracked 
| 716|0x00000007acc00000, 0x00000007acc00000, 0x00000007acd00000|  0%| F|  |TAMS 0x00000007acc00000, 0x00000007acc00000| Untracked 
| 717|0x00000007acd00000, 0x00000007acd00000, 0x00000007ace00000|  0%| F|  |TAMS 0x00000007acd00000, 0x00000007acd00000| Untracked 
| 718|0x00000007ace00000, 0x00000007ace00000, 0x00000007acf00000|  0%| F|  |TAMS 0x00000007ace00000, 0x00000007ace00000| Untracked 
| 719|0x00000007acf00000, 0x00000007acf00000, 0x00000007ad000000|  0%| F|  |TAMS 0x00000007acf00000, 0x00000007acf00000| Untracked 
| 720|0x00000007ad000000, 0x00000007ad000000, 0x00000007ad100000|  0%| F|  |TAMS 0x00000007ad000000, 0x00000007ad000000| Untracked 
| 721|0x00000007ad100000, 0x00000007ad100000, 0x00000007ad200000|  0%| F|  |TAMS 0x00000007ad100000, 0x00000007ad100000| Untracked 
| 722|0x00000007ad200000, 0x00000007ad200000, 0x00000007ad300000|  0%| F|  |TAMS 0x00000007ad200000, 0x00000007ad200000| Untracked 
| 723|0x00000007ad300000, 0x00000007ad300000, 0x00000007ad400000|  0%| F|  |TAMS 0x00000007ad300000, 0x00000007ad300000| Untracked 
| 724|0x00000007ad400000, 0x00000007ad400000, 0x00000007ad500000|  0%| F|  |TAMS 0x00000007ad400000, 0x00000007ad400000| Untracked 
| 725|0x00000007ad500000, 0x00000007ad500000, 0x00000007ad600000|  0%| F|  |TAMS 0x00000007ad500000, 0x00000007ad500000| Untracked 
| 726|0x00000007ad600000, 0x00000007ad600000, 0x00000007ad700000|  0%| F|  |TAMS 0x00000007ad600000, 0x00000007ad600000| Untracked 
| 727|0x00000007ad700000, 0x00000007ad700000, 0x00000007ad800000|  0%| F|  |TAMS 0x00000007ad700000, 0x00000007ad700000| Untracked 
| 728|0x00000007ad800000, 0x00000007ad800000, 0x00000007ad900000|  0%| F|  |TAMS 0x00000007ad800000, 0x00000007ad800000| Untracked 
| 729|0x00000007ad900000, 0x00000007ad900000, 0x00000007ada00000|  0%| F|  |TAMS 0x00000007ad900000, 0x00000007ad900000| Untracked 
| 730|0x00000007ada00000, 0x00000007ada00000, 0x00000007adb00000|  0%| F|  |TAMS 0x00000007ada00000, 0x00000007ada00000| Untracked 
| 731|0x00000007adb00000, 0x00000007adb00000, 0x00000007adc00000|  0%| F|  |TAMS 0x00000007adb00000, 0x00000007adb00000| Untracked 
| 732|0x00000007adc00000, 0x00000007adc00000, 0x00000007add00000|  0%| F|  |TAMS 0x00000007adc00000, 0x00000007adc00000| Untracked 
| 733|0x00000007add00000, 0x00000007add00000, 0x00000007ade00000|  0%| F|  |TAMS 0x00000007add00000, 0x00000007add00000| Untracked 
| 734|0x00000007ade00000, 0x00000007ade00000, 0x00000007adf00000|  0%| F|  |TAMS 0x00000007ade00000, 0x00000007ade00000| Untracked 
| 735|0x00000007adf00000, 0x00000007adf00000, 0x00000007ae000000|  0%| F|  |TAMS 0x00000007adf00000, 0x00000007adf00000| Untracked 
| 736|0x00000007ae000000, 0x00000007ae000000, 0x00000007ae100000|  0%| F|  |TAMS 0x00000007ae000000, 0x00000007ae000000| Untracked 
| 737|0x00000007ae100000, 0x00000007ae100000, 0x00000007ae200000|  0%| F|  |TAMS 0x00000007ae100000, 0x00000007ae100000| Untracked 
| 738|0x00000007ae200000, 0x00000007ae200000, 0x00000007ae300000|  0%| F|  |TAMS 0x00000007ae200000, 0x00000007ae200000| Untracked 
| 739|0x00000007ae300000, 0x00000007ae300000, 0x00000007ae400000|  0%| F|  |TAMS 0x00000007ae300000, 0x00000007ae300000| Untracked 
| 740|0x00000007ae400000, 0x00000007ae400000, 0x00000007ae500000|  0%| F|  |TAMS 0x00000007ae400000, 0x00000007ae400000| Untracked 
| 741|0x00000007ae500000, 0x00000007ae500000, 0x00000007ae600000|  0%| F|  |TAMS 0x00000007ae500000, 0x00000007ae500000| Untracked 
| 742|0x00000007ae600000, 0x00000007ae600000, 0x00000007ae700000|  0%| F|  |TAMS 0x00000007ae600000, 0x00000007ae600000| Untracked 
| 743|0x00000007ae700000, 0x00000007ae700000, 0x00000007ae800000|  0%| F|  |TAMS 0x00000007ae700000, 0x00000007ae700000| Untracked 
| 744|0x00000007ae800000, 0x00000007ae800000, 0x00000007ae900000|  0%| F|  |TAMS 0x00000007ae800000, 0x00000007ae800000| Untracked 
| 745|0x00000007ae900000, 0x00000007ae900000, 0x00000007aea00000|  0%| F|  |TAMS 0x00000007ae900000, 0x00000007ae900000| Untracked 
| 746|0x00000007aea00000, 0x00000007aea00000, 0x00000007aeb00000|  0%| F|  |TAMS 0x00000007aea00000, 0x00000007aea00000| Untracked 
| 747|0x00000007aeb00000, 0x00000007aeb00000, 0x00000007aec00000|  0%| F|  |TAMS 0x00000007aeb00000, 0x00000007aeb00000| Untracked 
| 748|0x00000007aec00000, 0x00000007aec00000, 0x00000007aed00000|  0%| F|  |TAMS 0x00000007aec00000, 0x00000007aec00000| Untracked 
| 749|0x00000007aed00000, 0x00000007aed00000, 0x00000007aee00000|  0%| F|  |TAMS 0x00000007aed00000, 0x00000007aed00000| Untracked 
| 750|0x00000007aee00000, 0x00000007aee00000, 0x00000007aef00000|  0%| F|  |TAMS 0x00000007aee00000, 0x00000007aee00000| Untracked 
| 751|0x00000007aef00000, 0x00000007aef00000, 0x00000007af000000|  0%| F|  |TAMS 0x00000007aef00000, 0x00000007aef00000| Untracked 
| 752|0x00000007af000000, 0x00000007af000000, 0x00000007af100000|  0%| F|  |TAMS 0x00000007af000000, 0x00000007af000000| Untracked 
| 753|0x00000007af100000, 0x00000007af100000, 0x00000007af200000|  0%| F|  |TAMS 0x00000007af100000, 0x00000007af100000| Untracked 
| 754|0x00000007af200000, 0x00000007af200000, 0x00000007af300000|  0%| F|  |TAMS 0x00000007af200000, 0x00000007af200000| Untracked 
| 755|0x00000007af300000, 0x00000007af300000, 0x00000007af400000|  0%| F|  |TAMS 0x00000007af300000, 0x00000007af300000| Untracked 
| 756|0x00000007af400000, 0x00000007af400000, 0x00000007af500000|  0%| F|  |TAMS 0x00000007af400000, 0x00000007af400000| Untracked 
| 757|0x00000007af500000, 0x00000007af500000, 0x00000007af600000|  0%| F|  |TAMS 0x00000007af500000, 0x00000007af500000| Untracked 
| 758|0x00000007af600000, 0x00000007af600000, 0x00000007af700000|  0%| F|  |TAMS 0x00000007af600000, 0x00000007af600000| Untracked 
| 759|0x00000007af700000, 0x00000007af700000, 0x00000007af800000|  0%| F|  |TAMS 0x00000007af700000, 0x00000007af700000| Untracked 
| 760|0x00000007af800000, 0x00000007af800000, 0x00000007af900000|  0%| F|  |TAMS 0x00000007af800000, 0x00000007af800000| Untracked 
| 761|0x00000007af900000, 0x00000007af900000, 0x00000007afa00000|  0%| F|  |TAMS 0x00000007af900000, 0x00000007af900000| Untracked 
| 762|0x00000007afa00000, 0x00000007afa00000, 0x00000007afb00000|  0%| F|  |TAMS 0x00000007afa00000, 0x00000007afa00000| Untracked 
| 763|0x00000007afb00000, 0x00000007afb00000, 0x00000007afc00000|  0%| F|  |TAMS 0x00000007afb00000, 0x00000007afb00000| Untracked 
| 764|0x00000007afc00000, 0x00000007afc00000, 0x00000007afd00000|  0%| F|  |TAMS 0x00000007afc00000, 0x00000007afc00000| Untracked 
| 765|0x00000007afd00000, 0x00000007afd00000, 0x00000007afe00000|  0%| F|  |TAMS 0x00000007afd00000, 0x00000007afd00000| Untracked 
| 766|0x00000007afe00000, 0x00000007afe00000, 0x00000007aff00000|  0%| F|  |TAMS 0x00000007afe00000, 0x00000007afe00000| Untracked 
| 767|0x00000007aff00000, 0x00000007aff00000, 0x00000007b0000000|  0%| F|  |TAMS 0x00000007aff00000, 0x00000007aff00000| Untracked 
| 768|0x00000007b0000000, 0x00000007b0000000, 0x00000007b0100000|  0%| F|  |TAMS 0x00000007b0000000, 0x00000007b0000000| Untracked 
| 769|0x00000007b0100000, 0x00000007b0100000, 0x00000007b0200000|  0%| F|  |TAMS 0x00000007b0100000, 0x00000007b0100000| Untracked 
| 770|0x00000007b0200000, 0x00000007b0200000, 0x00000007b0300000|  0%| F|  |TAMS 0x00000007b0200000, 0x00000007b0200000| Untracked 
| 771|0x00000007b0300000, 0x00000007b0300000, 0x00000007b0400000|  0%| F|  |TAMS 0x00000007b0300000, 0x00000007b0300000| Untracked 
| 772|0x00000007b0400000, 0x00000007b0400000, 0x00000007b0500000|  0%| F|  |TAMS 0x00000007b0400000, 0x00000007b0400000| Untracked 
| 773|0x00000007b0500000, 0x00000007b0500000, 0x00000007b0600000|  0%| F|  |TAMS 0x00000007b0500000, 0x00000007b0500000| Untracked 
| 774|0x00000007b0600000, 0x00000007b0600000, 0x00000007b0700000|  0%| F|  |TAMS 0x00000007b0600000, 0x00000007b0600000| Untracked 
| 775|0x00000007b0700000, 0x00000007b0700000, 0x00000007b0800000|  0%| F|  |TAMS 0x00000007b0700000, 0x00000007b0700000| Untracked 
| 776|0x00000007b0800000, 0x00000007b0800000, 0x00000007b0900000|  0%| F|  |TAMS 0x00000007b0800000, 0x00000007b0800000| Untracked 
| 777|0x00000007b0900000, 0x00000007b0900000, 0x00000007b0a00000|  0%| F|  |TAMS 0x00000007b0900000, 0x00000007b0900000| Untracked 
| 778|0x00000007b0a00000, 0x00000007b0a00000, 0x00000007b0b00000|  0%| F|  |TAMS 0x00000007b0a00000, 0x00000007b0a00000| Untracked 
| 779|0x00000007b0b00000, 0x00000007b0b00000, 0x00000007b0c00000|  0%| F|  |TAMS 0x00000007b0b00000, 0x00000007b0b00000| Untracked 
| 780|0x00000007b0c00000, 0x00000007b0c00000, 0x00000007b0d00000|  0%| F|  |TAMS 0x00000007b0c00000, 0x00000007b0c00000| Untracked 
| 781|0x00000007b0d00000, 0x00000007b0d00000, 0x00000007b0e00000|  0%| F|  |TAMS 0x00000007b0d00000, 0x00000007b0d00000| Untracked 
| 782|0x00000007b0e00000, 0x00000007b0e00000, 0x00000007b0f00000|  0%| F|  |TAMS 0x00000007b0e00000, 0x00000007b0e00000| Untracked 
| 783|0x00000007b0f00000, 0x00000007b0f00000, 0x00000007b1000000|  0%| F|  |TAMS 0x00000007b0f00000, 0x00000007b0f00000| Untracked 
| 784|0x00000007b1000000, 0x00000007b1000000, 0x00000007b1100000|  0%| F|  |TAMS 0x00000007b1000000, 0x00000007b1000000| Untracked 
| 785|0x00000007b1100000, 0x00000007b1100000, 0x00000007b1200000|  0%| F|  |TAMS 0x00000007b1100000, 0x00000007b1100000| Untracked 
| 786|0x00000007b1200000, 0x00000007b1200000, 0x00000007b1300000|  0%| F|  |TAMS 0x00000007b1200000, 0x00000007b1200000| Untracked 
| 787|0x00000007b1300000, 0x00000007b1300000, 0x00000007b1400000|  0%| F|  |TAMS 0x00000007b1300000, 0x00000007b1300000| Untracked 
| 788|0x00000007b1400000, 0x00000007b1400000, 0x00000007b1500000|  0%| F|  |TAMS 0x00000007b1400000, 0x00000007b1400000| Untracked 
| 789|0x00000007b1500000, 0x00000007b1500000, 0x00000007b1600000|  0%| F|  |TAMS 0x00000007b1500000, 0x00000007b1500000| Untracked 
| 790|0x00000007b1600000, 0x00000007b1600000, 0x00000007b1700000|  0%| F|  |TAMS 0x00000007b1600000, 0x00000007b1600000| Untracked 
| 791|0x00000007b1700000, 0x00000007b1700000, 0x00000007b1800000|  0%| F|  |TAMS 0x00000007b1700000, 0x00000007b1700000| Untracked 
| 792|0x00000007b1800000, 0x00000007b1800000, 0x00000007b1900000|  0%| F|  |TAMS 0x00000007b1800000, 0x00000007b1800000| Untracked 
| 793|0x00000007b1900000, 0x00000007b1900000, 0x00000007b1a00000|  0%| F|  |TAMS 0x00000007b1900000, 0x00000007b1900000| Untracked 
| 794|0x00000007b1a00000, 0x00000007b1a00000, 0x00000007b1b00000|  0%| F|  |TAMS 0x00000007b1a00000, 0x00000007b1a00000| Untracked 
| 795|0x00000007b1b00000, 0x00000007b1b00000, 0x00000007b1c00000|  0%| F|  |TAMS 0x00000007b1b00000, 0x00000007b1b00000| Untracked 
| 796|0x00000007b1c00000, 0x00000007b1c00000, 0x00000007b1d00000|  0%| F|  |TAMS 0x00000007b1c00000, 0x00000007b1c00000| Untracked 
| 797|0x00000007b1d00000, 0x00000007b1d00000, 0x00000007b1e00000|  0%| F|  |TAMS 0x00000007b1d00000, 0x00000007b1d00000| Untracked 
| 798|0x00000007b1e00000, 0x00000007b1e00000, 0x00000007b1f00000|  0%| F|  |TAMS 0x00000007b1e00000, 0x00000007b1e00000| Untracked 
| 799|0x00000007b1f00000, 0x00000007b1f00000, 0x00000007b2000000|  0%| F|  |TAMS 0x00000007b1f00000, 0x00000007b1f00000| Untracked 
| 800|0x00000007b2000000, 0x00000007b2000000, 0x00000007b2100000|  0%| F|  |TAMS 0x00000007b2000000, 0x00000007b2000000| Untracked 
| 801|0x00000007b2100000, 0x00000007b2100000, 0x00000007b2200000|  0%| F|  |TAMS 0x00000007b2100000, 0x00000007b2100000| Untracked 
| 802|0x00000007b2200000, 0x00000007b2200000, 0x00000007b2300000|  0%| F|  |TAMS 0x00000007b2200000, 0x00000007b2200000| Untracked 
| 803|0x00000007b2300000, 0x00000007b2300000, 0x00000007b2400000|  0%| F|  |TAMS 0x00000007b2300000, 0x00000007b2300000| Untracked 
| 804|0x00000007b2400000, 0x00000007b2400000, 0x00000007b2500000|  0%| F|  |TAMS 0x00000007b2400000, 0x00000007b2400000| Untracked 
| 805|0x00000007b2500000, 0x00000007b2500000, 0x00000007b2600000|  0%| F|  |TAMS 0x00000007b2500000, 0x00000007b2500000| Untracked 
| 806|0x00000007b2600000, 0x00000007b2600000, 0x00000007b2700000|  0%| F|  |TAMS 0x00000007b2600000, 0x00000007b2600000| Untracked 
| 807|0x00000007b2700000, 0x00000007b2700000, 0x00000007b2800000|  0%| F|  |TAMS 0x00000007b2700000, 0x00000007b2700000| Untracked 
| 808|0x00000007b2800000, 0x00000007b2800000, 0x00000007b2900000|  0%| F|  |TAMS 0x00000007b2800000, 0x00000007b2800000| Untracked 
| 809|0x00000007b2900000, 0x00000007b2900000, 0x00000007b2a00000|  0%| F|  |TAMS 0x00000007b2900000, 0x00000007b2900000| Untracked 
| 810|0x00000007b2a00000, 0x00000007b2a00000, 0x00000007b2b00000|  0%| F|  |TAMS 0x00000007b2a00000, 0x00000007b2a00000| Untracked 
| 811|0x00000007b2b00000, 0x00000007b2b00000, 0x00000007b2c00000|  0%| F|  |TAMS 0x00000007b2b00000, 0x00000007b2b00000| Untracked 
| 812|0x00000007b2c00000, 0x00000007b2c00000, 0x00000007b2d00000|  0%| F|  |TAMS 0x00000007b2c00000, 0x00000007b2c00000| Untracked 
| 813|0x00000007b2d00000, 0x00000007b2d00000, 0x00000007b2e00000|  0%| F|  |TAMS 0x00000007b2d00000, 0x00000007b2d00000| Untracked 
| 814|0x00000007b2e00000, 0x00000007b2e00000, 0x00000007b2f00000|  0%| F|  |TAMS 0x00000007b2e00000, 0x00000007b2e00000| Untracked 
| 815|0x00000007b2f00000, 0x00000007b2f00000, 0x00000007b3000000|  0%| F|  |TAMS 0x00000007b2f00000, 0x00000007b2f00000| Untracked 
| 816|0x00000007b3000000, 0x00000007b3000000, 0x00000007b3100000|  0%| F|  |TAMS 0x00000007b3000000, 0x00000007b3000000| Untracked 
| 817|0x00000007b3100000, 0x00000007b3100000, 0x00000007b3200000|  0%| F|  |TAMS 0x00000007b3100000, 0x00000007b3100000| Untracked 
| 818|0x00000007b3200000, 0x00000007b3200000, 0x00000007b3300000|  0%| F|  |TAMS 0x00000007b3200000, 0x00000007b3200000| Untracked 
| 819|0x00000007b3300000, 0x00000007b3300000, 0x00000007b3400000|  0%| F|  |TAMS 0x00000007b3300000, 0x00000007b3300000| Untracked 
| 820|0x00000007b3400000, 0x00000007b3400000, 0x00000007b3500000|  0%| F|  |TAMS 0x00000007b3400000, 0x00000007b3400000| Untracked 
| 821|0x00000007b3500000, 0x00000007b3500000, 0x00000007b3600000|  0%| F|  |TAMS 0x00000007b3500000, 0x00000007b3500000| Untracked 
| 822|0x00000007b3600000, 0x00000007b3600000, 0x00000007b3700000|  0%| F|  |TAMS 0x00000007b3600000, 0x00000007b3600000| Untracked 
| 823|0x00000007b3700000, 0x00000007b3700000, 0x00000007b3800000|  0%| F|  |TAMS 0x00000007b3700000, 0x00000007b3700000| Untracked 
| 824|0x00000007b3800000, 0x00000007b3800000, 0x00000007b3900000|  0%| F|  |TAMS 0x00000007b3800000, 0x00000007b3800000| Untracked 
| 825|0x00000007b3900000, 0x00000007b3900000, 0x00000007b3a00000|  0%| F|  |TAMS 0x00000007b3900000, 0x00000007b3900000| Untracked 
| 826|0x00000007b3a00000, 0x00000007b3a00000, 0x00000007b3b00000|  0%| F|  |TAMS 0x00000007b3a00000, 0x00000007b3a00000| Untracked 
| 827|0x00000007b3b00000, 0x00000007b3b00000, 0x00000007b3c00000|  0%| F|  |TAMS 0x00000007b3b00000, 0x00000007b3b00000| Untracked 
| 828|0x00000007b3c00000, 0x00000007b3c00000, 0x00000007b3d00000|  0%| F|  |TAMS 0x00000007b3c00000, 0x00000007b3c00000| Untracked 
| 829|0x00000007b3d00000, 0x00000007b3d00000, 0x00000007b3e00000|  0%| F|  |TAMS 0x00000007b3d00000, 0x00000007b3d00000| Untracked 
| 830|0x00000007b3e00000, 0x00000007b3e00000, 0x00000007b3f00000|  0%| F|  |TAMS 0x00000007b3e00000, 0x00000007b3e00000| Untracked 
| 831|0x00000007b3f00000, 0x00000007b3f00000, 0x00000007b4000000|  0%| F|  |TAMS 0x00000007b3f00000, 0x00000007b3f00000| Untracked 
| 832|0x00000007b4000000, 0x00000007b4000000, 0x00000007b4100000|  0%| F|  |TAMS 0x00000007b4000000, 0x00000007b4000000| Untracked 
| 833|0x00000007b4100000, 0x00000007b4100000, 0x00000007b4200000|  0%| F|  |TAMS 0x00000007b4100000, 0x00000007b4100000| Untracked 
| 834|0x00000007b4200000, 0x00000007b4200000, 0x00000007b4300000|  0%| F|  |TAMS 0x00000007b4200000, 0x00000007b4200000| Untracked 
| 835|0x00000007b4300000, 0x00000007b4300000, 0x00000007b4400000|  0%| F|  |TAMS 0x00000007b4300000, 0x00000007b4300000| Untracked 
| 836|0x00000007b4400000, 0x00000007b4400000, 0x00000007b4500000|  0%| F|  |TAMS 0x00000007b4400000, 0x00000007b4400000| Untracked 
| 837|0x00000007b4500000, 0x00000007b4500000, 0x00000007b4600000|  0%| F|  |TAMS 0x00000007b4500000, 0x00000007b4500000| Untracked 
| 838|0x00000007b4600000, 0x00000007b4600000, 0x00000007b4700000|  0%| F|  |TAMS 0x00000007b4600000, 0x00000007b4600000| Untracked 
| 839|0x00000007b4700000, 0x00000007b4700000, 0x00000007b4800000|  0%| F|  |TAMS 0x00000007b4700000, 0x00000007b4700000| Untracked 
| 840|0x00000007b4800000, 0x00000007b4800000, 0x00000007b4900000|  0%| F|  |TAMS 0x00000007b4800000, 0x00000007b4800000| Untracked 
| 841|0x00000007b4900000, 0x00000007b4900000, 0x00000007b4a00000|  0%| F|  |TAMS 0x00000007b4900000, 0x00000007b4900000| Untracked 
| 842|0x00000007b4a00000, 0x00000007b4a00000, 0x00000007b4b00000|  0%| F|  |TAMS 0x00000007b4a00000, 0x00000007b4a00000| Untracked 
| 843|0x00000007b4b00000, 0x00000007b4b00000, 0x00000007b4c00000|  0%| F|  |TAMS 0x00000007b4b00000, 0x00000007b4b00000| Untracked 
| 844|0x00000007b4c00000, 0x00000007b4c00000, 0x00000007b4d00000|  0%| F|  |TAMS 0x00000007b4c00000, 0x00000007b4c00000| Untracked 
| 845|0x00000007b4d00000, 0x00000007b4d00000, 0x00000007b4e00000|  0%| F|  |TAMS 0x00000007b4d00000, 0x00000007b4d00000| Untracked 
| 846|0x00000007b4e00000, 0x00000007b4e00000, 0x00000007b4f00000|  0%| F|  |TAMS 0x00000007b4e00000, 0x00000007b4e00000| Untracked 
| 847|0x00000007b4f00000, 0x00000007b4f00000, 0x00000007b5000000|  0%| F|  |TAMS 0x00000007b4f00000, 0x00000007b4f00000| Untracked 
| 848|0x00000007b5000000, 0x00000007b5000000, 0x00000007b5100000|  0%| F|  |TAMS 0x00000007b5000000, 0x00000007b5000000| Untracked 
| 849|0x00000007b5100000, 0x00000007b5100000, 0x00000007b5200000|  0%| F|  |TAMS 0x00000007b5100000, 0x00000007b5100000| Untracked 
| 850|0x00000007b5200000, 0x00000007b5200000, 0x00000007b5300000|  0%| F|  |TAMS 0x00000007b5200000, 0x00000007b5200000| Untracked 
| 851|0x00000007b5300000, 0x00000007b5300000, 0x00000007b5400000|  0%| F|  |TAMS 0x00000007b5300000, 0x00000007b5300000| Untracked 
| 852|0x00000007b5400000, 0x00000007b5400000, 0x00000007b5500000|  0%| F|  |TAMS 0x00000007b5400000, 0x00000007b5400000| Untracked 
| 853|0x00000007b5500000, 0x00000007b5500000, 0x00000007b5600000|  0%| F|  |TAMS 0x00000007b5500000, 0x00000007b5500000| Untracked 
| 854|0x00000007b5600000, 0x00000007b5600000, 0x00000007b5700000|  0%| F|  |TAMS 0x00000007b5600000, 0x00000007b5600000| Untracked 
| 855|0x00000007b5700000, 0x00000007b5700000, 0x00000007b5800000|  0%| F|  |TAMS 0x00000007b5700000, 0x00000007b5700000| Untracked 
| 856|0x00000007b5800000, 0x00000007b5800000, 0x00000007b5900000|  0%| F|  |TAMS 0x00000007b5800000, 0x00000007b5800000| Untracked 
| 857|0x00000007b5900000, 0x00000007b5900000, 0x00000007b5a00000|  0%| F|  |TAMS 0x00000007b5900000, 0x00000007b5900000| Untracked 
| 858|0x00000007b5a00000, 0x00000007b5a00000, 0x00000007b5b00000|  0%| F|  |TAMS 0x00000007b5a00000, 0x00000007b5a00000| Untracked 
| 859|0x00000007b5b00000, 0x00000007b5b00000, 0x00000007b5c00000|  0%| F|  |TAMS 0x00000007b5b00000, 0x00000007b5b00000| Untracked 
| 860|0x00000007b5c00000, 0x00000007b5c00000, 0x00000007b5d00000|  0%| F|  |TAMS 0x00000007b5c00000, 0x00000007b5c00000| Untracked 
| 861|0x00000007b5d00000, 0x00000007b5d00000, 0x00000007b5e00000|  0%| F|  |TAMS 0x00000007b5d00000, 0x00000007b5d00000| Untracked 
| 862|0x00000007b5e00000, 0x00000007b5e00000, 0x00000007b5f00000|  0%| F|  |TAMS 0x00000007b5e00000, 0x00000007b5e00000| Untracked 
| 863|0x00000007b5f00000, 0x00000007b5f00000, 0x00000007b6000000|  0%| F|  |TAMS 0x00000007b5f00000, 0x00000007b5f00000| Untracked 
| 864|0x00000007b6000000, 0x00000007b6000000, 0x00000007b6100000|  0%| F|  |TAMS 0x00000007b6000000, 0x00000007b6000000| Untracked 
| 865|0x00000007b6100000, 0x00000007b6100000, 0x00000007b6200000|  0%| F|  |TAMS 0x00000007b6100000, 0x00000007b6100000| Untracked 
| 866|0x00000007b6200000, 0x00000007b6200000, 0x00000007b6300000|  0%| F|  |TAMS 0x00000007b6200000, 0x00000007b6200000| Untracked 
| 867|0x00000007b6300000, 0x00000007b6300000, 0x00000007b6400000|  0%| F|  |TAMS 0x00000007b6300000, 0x00000007b6300000| Untracked 
| 868|0x00000007b6400000, 0x00000007b6400000, 0x00000007b6500000|  0%| F|  |TAMS 0x00000007b6400000, 0x00000007b6400000| Untracked 
| 869|0x00000007b6500000, 0x00000007b6500000, 0x00000007b6600000|  0%| F|  |TAMS 0x00000007b6500000, 0x00000007b6500000| Untracked 
| 870|0x00000007b6600000, 0x00000007b6600000, 0x00000007b6700000|  0%| F|  |TAMS 0x00000007b6600000, 0x00000007b6600000| Untracked 
| 871|0x00000007b6700000, 0x00000007b6700000, 0x00000007b6800000|  0%| F|  |TAMS 0x00000007b6700000, 0x00000007b6700000| Untracked 
| 872|0x00000007b6800000, 0x00000007b6800000, 0x00000007b6900000|  0%| F|  |TAMS 0x00000007b6800000, 0x00000007b6800000| Untracked 
| 873|0x00000007b6900000, 0x00000007b6900000, 0x00000007b6a00000|  0%| F|  |TAMS 0x00000007b6900000, 0x00000007b6900000| Untracked 
| 874|0x00000007b6a00000, 0x00000007b6a00000, 0x00000007b6b00000|  0%| F|  |TAMS 0x00000007b6a00000, 0x00000007b6a00000| Untracked 
| 875|0x00000007b6b00000, 0x00000007b6b00000, 0x00000007b6c00000|  0%| F|  |TAMS 0x00000007b6b00000, 0x00000007b6b00000| Untracked 
| 876|0x00000007b6c00000, 0x00000007b6c00000, 0x00000007b6d00000|  0%| F|  |TAMS 0x00000007b6c00000, 0x00000007b6c00000| Untracked 
| 877|0x00000007b6d00000, 0x00000007b6d00000, 0x00000007b6e00000|  0%| F|  |TAMS 0x00000007b6d00000, 0x00000007b6d00000| Untracked 
| 878|0x00000007b6e00000, 0x00000007b6e00000, 0x00000007b6f00000|  0%| F|  |TAMS 0x00000007b6e00000, 0x00000007b6e00000| Untracked 
| 879|0x00000007b6f00000, 0x00000007b6f00000, 0x00000007b7000000|  0%| F|  |TAMS 0x00000007b6f00000, 0x00000007b6f00000| Untracked 
| 880|0x00000007b7000000, 0x00000007b7000000, 0x00000007b7100000|  0%| F|  |TAMS 0x00000007b7000000, 0x00000007b7000000| Untracked 
| 881|0x00000007b7100000, 0x00000007b7100000, 0x00000007b7200000|  0%| F|  |TAMS 0x00000007b7100000, 0x00000007b7100000| Untracked 
| 882|0x00000007b7200000, 0x00000007b7200000, 0x00000007b7300000|  0%| F|  |TAMS 0x00000007b7200000, 0x00000007b7200000| Untracked 
| 883|0x00000007b7300000, 0x00000007b7300000, 0x00000007b7400000|  0%| F|  |TAMS 0x00000007b7300000, 0x00000007b7300000| Untracked 
| 884|0x00000007b7400000, 0x00000007b7400000, 0x00000007b7500000|  0%| F|  |TAMS 0x00000007b7400000, 0x00000007b7400000| Untracked 
| 885|0x00000007b7500000, 0x00000007b7500000, 0x00000007b7600000|  0%| F|  |TAMS 0x00000007b7500000, 0x00000007b7500000| Untracked 
| 886|0x00000007b7600000, 0x00000007b7600000, 0x00000007b7700000|  0%| F|  |TAMS 0x00000007b7600000, 0x00000007b7600000| Untracked 
| 887|0x00000007b7700000, 0x00000007b7700000, 0x00000007b7800000|  0%| F|  |TAMS 0x00000007b7700000, 0x00000007b7700000| Untracked 
| 888|0x00000007b7800000, 0x00000007b7800000, 0x00000007b7900000|  0%| F|  |TAMS 0x00000007b7800000, 0x00000007b7800000| Untracked 
| 889|0x00000007b7900000, 0x00000007b7900000, 0x00000007b7a00000|  0%| F|  |TAMS 0x00000007b7900000, 0x00000007b7900000| Untracked 
| 890|0x00000007b7a00000, 0x00000007b7a00000, 0x00000007b7b00000|  0%| F|  |TAMS 0x00000007b7a00000, 0x00000007b7a00000| Untracked 
| 891|0x00000007b7b00000, 0x00000007b7b00000, 0x00000007b7c00000|  0%| F|  |TAMS 0x00000007b7b00000, 0x00000007b7b00000| Untracked 
| 892|0x00000007b7c00000, 0x00000007b7c00000, 0x00000007b7d00000|  0%| F|  |TAMS 0x00000007b7c00000, 0x00000007b7c00000| Untracked 
| 893|0x00000007b7d00000, 0x00000007b7d00000, 0x00000007b7e00000|  0%| F|  |TAMS 0x00000007b7d00000, 0x00000007b7d00000| Untracked 
| 894|0x00000007b7e00000, 0x00000007b7e00000, 0x00000007b7f00000|  0%| F|  |TAMS 0x00000007b7e00000, 0x00000007b7e00000| Untracked 
| 895|0x00000007b7f00000, 0x00000007b7f00000, 0x00000007b8000000|  0%| F|  |TAMS 0x00000007b7f00000, 0x00000007b7f00000| Untracked 
| 896|0x00000007b8000000, 0x00000007b8000000, 0x00000007b8100000|  0%| F|  |TAMS 0x00000007b8000000, 0x00000007b8000000| Untracked 
| 897|0x00000007b8100000, 0x00000007b8100000, 0x00000007b8200000|  0%| F|  |TAMS 0x00000007b8100000, 0x00000007b8100000| Untracked 
| 898|0x00000007b8200000, 0x00000007b8200000, 0x00000007b8300000|  0%| F|  |TAMS 0x00000007b8200000, 0x00000007b8200000| Untracked 
| 899|0x00000007b8300000, 0x00000007b8300000, 0x00000007b8400000|  0%| F|  |TAMS 0x00000007b8300000, 0x00000007b8300000| Untracked 
| 900|0x00000007b8400000, 0x00000007b8400000, 0x00000007b8500000|  0%| F|  |TAMS 0x00000007b8400000, 0x00000007b8400000| Untracked 
| 901|0x00000007b8500000, 0x00000007b8500000, 0x00000007b8600000|  0%| F|  |TAMS 0x00000007b8500000, 0x00000007b8500000| Untracked 
| 902|0x00000007b8600000, 0x00000007b8600000, 0x00000007b8700000|  0%| F|  |TAMS 0x00000007b8600000, 0x00000007b8600000| Untracked 
| 903|0x00000007b8700000, 0x00000007b8700000, 0x00000007b8800000|  0%| F|  |TAMS 0x00000007b8700000, 0x00000007b8700000| Untracked 
| 904|0x00000007b8800000, 0x00000007b8800000, 0x00000007b8900000|  0%| F|  |TAMS 0x00000007b8800000, 0x00000007b8800000| Untracked 
| 905|0x00000007b8900000, 0x00000007b8900000, 0x00000007b8a00000|  0%| F|  |TAMS 0x00000007b8900000, 0x00000007b8900000| Untracked 
| 906|0x00000007b8a00000, 0x00000007b8a00000, 0x00000007b8b00000|  0%| F|  |TAMS 0x00000007b8a00000, 0x00000007b8a00000| Untracked 
| 907|0x00000007b8b00000, 0x00000007b8b00000, 0x00000007b8c00000|  0%| F|  |TAMS 0x00000007b8b00000, 0x00000007b8b00000| Untracked 
| 908|0x00000007b8c00000, 0x00000007b8c00000, 0x00000007b8d00000|  0%| F|  |TAMS 0x00000007b8c00000, 0x00000007b8c00000| Untracked 
| 909|0x00000007b8d00000, 0x00000007b8d00000, 0x00000007b8e00000|  0%| F|  |TAMS 0x00000007b8d00000, 0x00000007b8d00000| Untracked 
| 910|0x00000007b8e00000, 0x00000007b8e00000, 0x00000007b8f00000|  0%| F|  |TAMS 0x00000007b8e00000, 0x00000007b8e00000| Untracked 
| 911|0x00000007b8f00000, 0x00000007b8f00000, 0x00000007b9000000|  0%| F|  |TAMS 0x00000007b8f00000, 0x00000007b8f00000| Untracked 
| 912|0x00000007b9000000, 0x00000007b9000000, 0x00000007b9100000|  0%| F|  |TAMS 0x00000007b9000000, 0x00000007b9000000| Untracked 
| 913|0x00000007b9100000, 0x00000007b9100000, 0x00000007b9200000|  0%| F|  |TAMS 0x00000007b9100000, 0x00000007b9100000| Untracked 
| 914|0x00000007b9200000, 0x00000007b9200000, 0x00000007b9300000|  0%| F|  |TAMS 0x00000007b9200000, 0x00000007b9200000| Untracked 
| 915|0x00000007b9300000, 0x00000007b9300000, 0x00000007b9400000|  0%| F|  |TAMS 0x00000007b9300000, 0x00000007b9300000| Untracked 
| 916|0x00000007b9400000, 0x00000007b9400000, 0x00000007b9500000|  0%| F|  |TAMS 0x00000007b9400000, 0x00000007b9400000| Untracked 
| 917|0x00000007b9500000, 0x00000007b9500000, 0x00000007b9600000|  0%| F|  |TAMS 0x00000007b9500000, 0x00000007b9500000| Untracked 
| 918|0x00000007b9600000, 0x00000007b9600000, 0x00000007b9700000|  0%| F|  |TAMS 0x00000007b9600000, 0x00000007b9600000| Untracked 
| 919|0x00000007b9700000, 0x00000007b9700000, 0x00000007b9800000|  0%| F|  |TAMS 0x00000007b9700000, 0x00000007b9700000| Untracked 
| 920|0x00000007b9800000, 0x00000007b9800000, 0x00000007b9900000|  0%| F|  |TAMS 0x00000007b9800000, 0x00000007b9800000| Untracked 
| 921|0x00000007b9900000, 0x00000007b9900000, 0x00000007b9a00000|  0%| F|  |TAMS 0x00000007b9900000, 0x00000007b9900000| Untracked 
| 922|0x00000007b9a00000, 0x00000007b9a00000, 0x00000007b9b00000|  0%| F|  |TAMS 0x00000007b9a00000, 0x00000007b9a00000| Untracked 
| 923|0x00000007b9b00000, 0x00000007b9b00000, 0x00000007b9c00000|  0%| F|  |TAMS 0x00000007b9b00000, 0x00000007b9b00000| Untracked 
| 924|0x00000007b9c00000, 0x00000007b9c00000, 0x00000007b9d00000|  0%| F|  |TAMS 0x00000007b9c00000, 0x00000007b9c00000| Untracked 
| 925|0x00000007b9d00000, 0x00000007b9d00000, 0x00000007b9e00000|  0%| F|  |TAMS 0x00000007b9d00000, 0x00000007b9d00000| Untracked 
| 926|0x00000007b9e00000, 0x00000007b9e00000, 0x00000007b9f00000|  0%| F|  |TAMS 0x00000007b9e00000, 0x00000007b9e00000| Untracked 
| 927|0x00000007b9f00000, 0x00000007b9f00000, 0x00000007ba000000|  0%| F|  |TAMS 0x00000007b9f00000, 0x00000007b9f00000| Untracked 
| 928|0x00000007ba000000, 0x00000007ba000000, 0x00000007ba100000|  0%| F|  |TAMS 0x00000007ba000000, 0x00000007ba000000| Untracked 
| 929|0x00000007ba100000, 0x00000007ba100000, 0x00000007ba200000|  0%| F|  |TAMS 0x00000007ba100000, 0x00000007ba100000| Untracked 
| 930|0x00000007ba200000, 0x00000007ba200000, 0x00000007ba300000|  0%| F|  |TAMS 0x00000007ba200000, 0x00000007ba200000| Untracked 
| 931|0x00000007ba300000, 0x00000007ba300000, 0x00000007ba400000|  0%| F|  |TAMS 0x00000007ba300000, 0x00000007ba300000| Untracked 
| 932|0x00000007ba400000, 0x00000007ba400000, 0x00000007ba500000|  0%| F|  |TAMS 0x00000007ba400000, 0x00000007ba400000| Untracked 
| 933|0x00000007ba500000, 0x00000007ba500000, 0x00000007ba600000|  0%| F|  |TAMS 0x00000007ba500000, 0x00000007ba500000| Untracked 
| 934|0x00000007ba600000, 0x00000007ba600000, 0x00000007ba700000|  0%| F|  |TAMS 0x00000007ba600000, 0x00000007ba600000| Untracked 
| 935|0x00000007ba700000, 0x00000007ba700000, 0x00000007ba800000|  0%| F|  |TAMS 0x00000007ba700000, 0x00000007ba700000| Untracked 
| 936|0x00000007ba800000, 0x00000007ba800000, 0x00000007ba900000|  0%| F|  |TAMS 0x00000007ba800000, 0x00000007ba800000| Untracked 
| 937|0x00000007ba900000, 0x00000007ba900000, 0x00000007baa00000|  0%| F|  |TAMS 0x00000007ba900000, 0x00000007ba900000| Untracked 
| 938|0x00000007baa00000, 0x00000007baa00000, 0x00000007bab00000|  0%| F|  |TAMS 0x00000007baa00000, 0x00000007baa00000| Untracked 
| 939|0x00000007bab00000, 0x00000007bab00000, 0x00000007bac00000|  0%| F|  |TAMS 0x00000007bab00000, 0x00000007bab00000| Untracked 
| 940|0x00000007bac00000, 0x00000007bac00000, 0x00000007bad00000|  0%| F|  |TAMS 0x00000007bac00000, 0x00000007bac00000| Untracked 
| 941|0x00000007bad00000, 0x00000007bad00000, 0x00000007bae00000|  0%| F|  |TAMS 0x00000007bad00000, 0x00000007bad00000| Untracked 
| 942|0x00000007bae00000, 0x00000007bae00000, 0x00000007baf00000|  0%| F|  |TAMS 0x00000007bae00000, 0x00000007bae00000| Untracked 
| 943|0x00000007baf00000, 0x00000007baf00000, 0x00000007bb000000|  0%| F|  |TAMS 0x00000007baf00000, 0x00000007baf00000| Untracked 
| 944|0x00000007bb000000, 0x00000007bb000000, 0x00000007bb100000|  0%| F|  |TAMS 0x00000007bb000000, 0x00000007bb000000| Untracked 
| 945|0x00000007bb100000, 0x00000007bb100000, 0x00000007bb200000|  0%| F|  |TAMS 0x00000007bb100000, 0x00000007bb100000| Untracked 
| 946|0x00000007bb200000, 0x00000007bb200000, 0x00000007bb300000|  0%| F|  |TAMS 0x00000007bb200000, 0x00000007bb200000| Untracked 
| 947|0x00000007bb300000, 0x00000007bb300000, 0x00000007bb400000|  0%| F|  |TAMS 0x00000007bb300000, 0x00000007bb300000| Untracked 
| 948|0x00000007bb400000, 0x00000007bb400000, 0x00000007bb500000|  0%| F|  |TAMS 0x00000007bb400000, 0x00000007bb400000| Untracked 
| 949|0x00000007bb500000, 0x00000007bb500000, 0x00000007bb600000|  0%| F|  |TAMS 0x00000007bb500000, 0x00000007bb500000| Untracked 
| 950|0x00000007bb600000, 0x00000007bb600000, 0x00000007bb700000|  0%| F|  |TAMS 0x00000007bb600000, 0x00000007bb600000| Untracked 
| 951|0x00000007bb700000, 0x00000007bb700000, 0x00000007bb800000|  0%| F|  |TAMS 0x00000007bb700000, 0x00000007bb700000| Untracked 
| 952|0x00000007bb800000, 0x00000007bb800000, 0x00000007bb900000|  0%| F|  |TAMS 0x00000007bb800000, 0x00000007bb800000| Untracked 
| 953|0x00000007bb900000, 0x00000007bb900000, 0x00000007bba00000|  0%| F|  |TAMS 0x00000007bb900000, 0x00000007bb900000| Untracked 
| 954|0x00000007bba00000, 0x00000007bba00000, 0x00000007bbb00000|  0%| F|  |TAMS 0x00000007bba00000, 0x00000007bba00000| Untracked 
| 955|0x00000007bbb00000, 0x00000007bbb00000, 0x00000007bbc00000|  0%| F|  |TAMS 0x00000007bbb00000, 0x00000007bbb00000| Untracked 
| 956|0x00000007bbc00000, 0x00000007bbc00000, 0x00000007bbd00000|  0%| F|  |TAMS 0x00000007bbc00000, 0x00000007bbc00000| Untracked 
| 957|0x00000007bbd00000, 0x00000007bbd00000, 0x00000007bbe00000|  0%| F|  |TAMS 0x00000007bbd00000, 0x00000007bbd00000| Untracked 
| 958|0x00000007bbe00000, 0x00000007bbe00000, 0x00000007bbf00000|  0%| F|  |TAMS 0x00000007bbe00000, 0x00000007bbe00000| Untracked 
| 959|0x00000007bbf00000, 0x00000007bbf00000, 0x00000007bc000000|  0%| F|  |TAMS 0x00000007bbf00000, 0x00000007bbf00000| Untracked 
| 960|0x00000007bc000000, 0x00000007bc000000, 0x00000007bc100000|  0%| F|  |TAMS 0x00000007bc000000, 0x00000007bc000000| Untracked 
| 961|0x00000007bc100000, 0x00000007bc100000, 0x00000007bc200000|  0%| F|  |TAMS 0x00000007bc100000, 0x00000007bc100000| Untracked 
| 962|0x00000007bc200000, 0x00000007bc200000, 0x00000007bc300000|  0%| F|  |TAMS 0x00000007bc200000, 0x00000007bc200000| Untracked 
| 963|0x00000007bc300000, 0x00000007bc300000, 0x00000007bc400000|  0%| F|  |TAMS 0x00000007bc300000, 0x00000007bc300000| Untracked 
| 964|0x00000007bc400000, 0x00000007bc400000, 0x00000007bc500000|  0%| F|  |TAMS 0x00000007bc400000, 0x00000007bc400000| Untracked 
| 965|0x00000007bc500000, 0x00000007bc500000, 0x00000007bc600000|  0%| F|  |TAMS 0x00000007bc500000, 0x00000007bc500000| Untracked 
| 966|0x00000007bc600000, 0x00000007bc600000, 0x00000007bc700000|  0%| F|  |TAMS 0x00000007bc600000, 0x00000007bc600000| Untracked 
| 967|0x00000007bc700000, 0x00000007bc700000, 0x00000007bc800000|  0%| F|  |TAMS 0x00000007bc700000, 0x00000007bc700000| Untracked 
| 968|0x00000007bc800000, 0x00000007bc800000, 0x00000007bc900000|  0%| F|  |TAMS 0x00000007bc800000, 0x00000007bc800000| Untracked 
| 969|0x00000007bc900000, 0x00000007bc900000, 0x00000007bca00000|  0%| F|  |TAMS 0x00000007bc900000, 0x00000007bc900000| Untracked 
| 970|0x00000007bca00000, 0x00000007bca00000, 0x00000007bcb00000|  0%| F|  |TAMS 0x00000007bca00000, 0x00000007bca00000| Untracked 
| 971|0x00000007bcb00000, 0x00000007bcb00000, 0x00000007bcc00000|  0%| F|  |TAMS 0x00000007bcb00000, 0x00000007bcb00000| Untracked 
| 972|0x00000007bcc00000, 0x00000007bcc00000, 0x00000007bcd00000|  0%| F|  |TAMS 0x00000007bcc00000, 0x00000007bcc00000| Untracked 
| 973|0x00000007bcd00000, 0x00000007bcd00000, 0x00000007bce00000|  0%| F|  |TAMS 0x00000007bcd00000, 0x00000007bcd00000| Untracked 
| 974|0x00000007bce00000, 0x00000007bce00000, 0x00000007bcf00000|  0%| F|  |TAMS 0x00000007bce00000, 0x00000007bce00000| Untracked 
| 975|0x00000007bcf00000, 0x00000007bcf00000, 0x00000007bd000000|  0%| F|  |TAMS 0x00000007bcf00000, 0x00000007bcf00000| Untracked 
| 976|0x00000007bd000000, 0x00000007bd000000, 0x00000007bd100000|  0%| F|  |TAMS 0x00000007bd000000, 0x00000007bd000000| Untracked 
| 977|0x00000007bd100000, 0x00000007bd100000, 0x00000007bd200000|  0%| F|  |TAMS 0x00000007bd100000, 0x00000007bd100000| Untracked 
| 978|0x00000007bd200000, 0x00000007bd200000, 0x00000007bd300000|  0%| F|  |TAMS 0x00000007bd200000, 0x00000007bd200000| Untracked 
| 979|0x00000007bd300000, 0x00000007bd300000, 0x00000007bd400000|  0%| F|  |TAMS 0x00000007bd300000, 0x00000007bd300000| Untracked 
| 980|0x00000007bd400000, 0x00000007bd400000, 0x00000007bd500000|  0%| F|  |TAMS 0x00000007bd400000, 0x00000007bd400000| Untracked 
| 981|0x00000007bd500000, 0x00000007bd500000, 0x00000007bd600000|  0%| F|  |TAMS 0x00000007bd500000, 0x00000007bd500000| Untracked 
| 982|0x00000007bd600000, 0x00000007bd600000, 0x00000007bd700000|  0%| F|  |TAMS 0x00000007bd600000, 0x00000007bd600000| Untracked 
| 983|0x00000007bd700000, 0x00000007bd700000, 0x00000007bd800000|  0%| F|  |TAMS 0x00000007bd700000, 0x00000007bd700000| Untracked 
| 984|0x00000007bd800000, 0x00000007bd800000, 0x00000007bd900000|  0%| F|  |TAMS 0x00000007bd800000, 0x00000007bd800000| Untracked 
| 985|0x00000007bd900000, 0x00000007bd900000, 0x00000007bda00000|  0%| F|  |TAMS 0x00000007bd900000, 0x00000007bd900000| Untracked 
| 986|0x00000007bda00000, 0x00000007bda00000, 0x00000007bdb00000|  0%| F|  |TAMS 0x00000007bda00000, 0x00000007bda00000| Untracked 
| 987|0x00000007bdb00000, 0x00000007bdb00000, 0x00000007bdc00000|  0%| F|  |TAMS 0x00000007bdb00000, 0x00000007bdb00000| Untracked 
| 988|0x00000007bdc00000, 0x00000007bdc00000, 0x00000007bdd00000|  0%| F|  |TAMS 0x00000007bdc00000, 0x00000007bdc00000| Untracked 
| 989|0x00000007bdd00000, 0x00000007bdd00000, 0x00000007bde00000|  0%| F|  |TAMS 0x00000007bdd00000, 0x00000007bdd00000| Untracked 
| 990|0x00000007bde00000, 0x00000007bde00000, 0x00000007bdf00000|  0%| F|  |TAMS 0x00000007bde00000, 0x00000007bde00000| Untracked 
| 991|0x00000007bdf00000, 0x00000007bdf00000, 0x00000007be000000|  0%| F|  |TAMS 0x00000007bdf00000, 0x00000007bdf00000| Untracked 
| 992|0x00000007be000000, 0x00000007be000000, 0x00000007be100000|  0%| F|  |TAMS 0x00000007be000000, 0x00000007be000000| Untracked 
| 993|0x00000007be100000, 0x00000007be100000, 0x00000007be200000|  0%| F|  |TAMS 0x00000007be100000, 0x00000007be100000| Untracked 
| 994|0x00000007be200000, 0x00000007be200000, 0x00000007be300000|  0%| F|  |TAMS 0x00000007be200000, 0x00000007be200000| Untracked 
| 995|0x00000007be300000, 0x00000007be300000, 0x00000007be400000|  0%| F|  |TAMS 0x00000007be300000, 0x00000007be300000| Untracked 
| 996|0x00000007be400000, 0x00000007be400000, 0x00000007be500000|  0%| F|  |TAMS 0x00000007be400000, 0x00000007be400000| Untracked 
| 997|0x00000007be500000, 0x00000007be500000, 0x00000007be600000|  0%| F|  |TAMS 0x00000007be500000, 0x00000007be500000| Untracked 
| 998|0x00000007be600000, 0x00000007be600000, 0x00000007be700000|  0%| F|  |TAMS 0x00000007be600000, 0x00000007be600000| Untracked 
| 999|0x00000007be700000, 0x00000007be700000, 0x00000007be800000|  0%| F|  |TAMS 0x00000007be700000, 0x00000007be700000| Untracked 
|1000|0x00000007be800000, 0x00000007be800000, 0x00000007be900000|  0%| F|  |TAMS 0x00000007be800000, 0x00000007be800000| Untracked 
|1001|0x00000007be900000, 0x00000007be900000, 0x00000007bea00000|  0%| F|  |TAMS 0x00000007be900000, 0x00000007be900000| Untracked 
|1002|0x00000007bea00000, 0x00000007bea00000, 0x00000007beb00000|  0%| F|  |TAMS 0x00000007bea00000, 0x00000007bea00000| Untracked 
|1003|0x00000007beb00000, 0x00000007beb00000, 0x00000007bec00000|  0%| F|  |TAMS 0x00000007beb00000, 0x00000007beb00000| Untracked 
|1004|0x00000007bec00000, 0x00000007bec00000, 0x00000007bed00000|  0%| F|  |TAMS 0x00000007bec00000, 0x00000007bec00000| Untracked 
|1005|0x00000007bed00000, 0x00000007bed00000, 0x00000007bee00000|  0%| F|  |TAMS 0x00000007bed00000, 0x00000007bed00000| Untracked 
|1006|0x00000007bee00000, 0x00000007bee00000, 0x00000007bef00000|  0%| F|  |TAMS 0x00000007bee00000, 0x00000007bee00000| Untracked 
|1007|0x00000007bef00000, 0x00000007bef00000, 0x00000007bf000000|  0%| F|  |TAMS 0x00000007bef00000, 0x00000007bef00000| Untracked 
|1008|0x00000007bf000000, 0x00000007bf000000, 0x00000007bf100000|  0%| F|  |TAMS 0x00000007bf000000, 0x00000007bf000000| Untracked 
|1009|0x00000007bf100000, 0x00000007bf100000, 0x00000007bf200000|  0%| F|  |TAMS 0x00000007bf100000, 0x00000007bf100000| Untracked 
|1010|0x00000007bf200000, 0x00000007bf200000, 0x00000007bf300000|  0%| F|  |TAMS 0x00000007bf200000, 0x00000007bf200000| Untracked 
|1011|0x00000007bf300000, 0x00000007bf300000, 0x00000007bf400000|  0%| F|  |TAMS 0x00000007bf300000, 0x00000007bf300000| Untracked 
|1012|0x00000007bf400000, 0x00000007bf400000, 0x00000007bf500000|  0%| F|  |TAMS 0x00000007bf400000, 0x00000007bf400000| Untracked 
|1013|0x00000007bf500000, 0x00000007bf500000, 0x00000007bf600000|  0%| F|  |TAMS 0x00000007bf500000, 0x00000007bf500000| Untracked 
|1014|0x00000007bf600000, 0x00000007bf600000, 0x00000007bf700000|  0%| F|  |TAMS 0x00000007bf600000, 0x00000007bf600000| Untracked 
|1015|0x00000007bf700000, 0x00000007bf700000, 0x00000007bf800000|  0%| F|  |TAMS 0x00000007bf700000, 0x00000007bf700000| Untracked 
|1016|0x00000007bf800000, 0x00000007bf800000, 0x00000007bf900000|  0%| F|  |TAMS 0x00000007bf800000, 0x00000007bf800000| Untracked 
|1017|0x00000007bf900000, 0x00000007bf900000, 0x00000007bfa00000|  0%| F|  |TAMS 0x00000007bf900000, 0x00000007bf900000| Untracked 
|1018|0x00000007bfa00000, 0x00000007bfa00000, 0x00000007bfb00000|  0%| F|  |TAMS 0x00000007bfa00000, 0x00000007bfa00000| Untracked 
|1019|0x00000007bfb00000, 0x00000007bfb00000, 0x00000007bfc00000|  0%| F|  |TAMS 0x00000007bfb00000, 0x00000007bfb00000| Untracked 
|1020|0x00000007bfc00000, 0x00000007bfc00000, 0x00000007bfd00000|  0%| F|  |TAMS 0x00000007bfc00000, 0x00000007bfc00000| Untracked 
|1021|0x00000007bfd00000, 0x00000007bfd00000, 0x00000007bfe00000|  0%| F|  |TAMS 0x00000007bfd00000, 0x00000007bfd00000| Untracked 
|1022|0x00000007bfe00000, 0x00000007bfe00000, 0x00000007bff00000|  0%| F|  |TAMS 0x00000007bfe00000, 0x00000007bfe00000| Untracked 
|1023|0x00000007bff00000, 0x00000007bff00000, 0x00000007c0000000|  0%| F|  |TAMS 0x00000007bff00000, 0x00000007bff00000| Untracked 
|1024|0x00000007c0000000, 0x00000007c0000000, 0x00000007c0100000|  0%| F|  |TAMS 0x00000007c0000000, 0x00000007c0000000| Untracked 
|1025|0x00000007c0100000, 0x00000007c0100000, 0x00000007c0200000|  0%| F|  |TAMS 0x00000007c0100000, 0x00000007c0100000| Untracked 
|1026|0x00000007c0200000, 0x00000007c0200000, 0x00000007c0300000|  0%| F|  |TAMS 0x00000007c0200000, 0x00000007c0200000| Untracked 
|1027|0x00000007c0300000, 0x00000007c0300000, 0x00000007c0400000|  0%| F|  |TAMS 0x00000007c0300000, 0x00000007c0300000| Untracked 
|1028|0x00000007c0400000, 0x00000007c0400000, 0x00000007c0500000|  0%| F|  |TAMS 0x00000007c0400000, 0x00000007c0400000| Untracked 
|1029|0x00000007c0500000, 0x00000007c0500000, 0x00000007c0600000|  0%| F|  |TAMS 0x00000007c0500000, 0x00000007c0500000| Untracked 
|1030|0x00000007c0600000, 0x00000007c0600000, 0x00000007c0700000|  0%| F|  |TAMS 0x00000007c0600000, 0x00000007c0600000| Untracked 
|1031|0x00000007c0700000, 0x00000007c0700000, 0x00000007c0800000|  0%| F|  |TAMS 0x00000007c0700000, 0x00000007c0700000| Untracked 
|1032|0x00000007c0800000, 0x00000007c0800000, 0x00000007c0900000|  0%| F|  |TAMS 0x00000007c0800000, 0x00000007c0800000| Untracked 
|1033|0x00000007c0900000, 0x00000007c0900000, 0x00000007c0a00000|  0%| F|  |TAMS 0x00000007c0900000, 0x00000007c0900000| Untracked 
|1034|0x00000007c0a00000, 0x00000007c0a00000, 0x00000007c0b00000|  0%| F|  |TAMS 0x00000007c0a00000, 0x00000007c0a00000| Untracked 
|1035|0x00000007c0b00000, 0x00000007c0b00000, 0x00000007c0c00000|  0%| F|  |TAMS 0x00000007c0b00000, 0x00000007c0b00000| Untracked 
|1036|0x00000007c0c00000, 0x00000007c0c00000, 0x00000007c0d00000|  0%| F|  |TAMS 0x00000007c0c00000, 0x00000007c0c00000| Untracked 
|1037|0x00000007c0d00000, 0x00000007c0d00000, 0x00000007c0e00000|  0%| F|  |TAMS 0x00000007c0d00000, 0x00000007c0d00000| Untracked 
|1038|0x00000007c0e00000, 0x00000007c0e00000, 0x00000007c0f00000|  0%| F|  |TAMS 0x00000007c0e00000, 0x00000007c0e00000| Untracked 
|1039|0x00000007c0f00000, 0x00000007c0f00000, 0x00000007c1000000|  0%| F|  |TAMS 0x00000007c0f00000, 0x00000007c0f00000| Untracked 
|1040|0x00000007c1000000, 0x00000007c1000000, 0x00000007c1100000|  0%| F|  |TAMS 0x00000007c1000000, 0x00000007c1000000| Untracked 
|1041|0x00000007c1100000, 0x00000007c1100000, 0x00000007c1200000|  0%| F|  |TAMS 0x00000007c1100000, 0x00000007c1100000| Untracked 
|1042|0x00000007c1200000, 0x00000007c1200000, 0x00000007c1300000|  0%| F|  |TAMS 0x00000007c1200000, 0x00000007c1200000| Untracked 
|1043|0x00000007c1300000, 0x00000007c1300000, 0x00000007c1400000|  0%| F|  |TAMS 0x00000007c1300000, 0x00000007c1300000| Untracked 
|1044|0x00000007c1400000, 0x00000007c1400000, 0x00000007c1500000|  0%| F|  |TAMS 0x00000007c1400000, 0x00000007c1400000| Untracked 
|1045|0x00000007c1500000, 0x00000007c1500000, 0x00000007c1600000|  0%| F|  |TAMS 0x00000007c1500000, 0x00000007c1500000| Untracked 
|1046|0x00000007c1600000, 0x00000007c1600000, 0x00000007c1700000|  0%| F|  |TAMS 0x00000007c1600000, 0x00000007c1600000| Untracked 
|1047|0x00000007c1700000, 0x00000007c1700000, 0x00000007c1800000|  0%| F|  |TAMS 0x00000007c1700000, 0x00000007c1700000| Untracked 
|1048|0x00000007c1800000, 0x00000007c1800000, 0x00000007c1900000|  0%| F|  |TAMS 0x00000007c1800000, 0x00000007c1800000| Untracked 
|1049|0x00000007c1900000, 0x00000007c1900000, 0x00000007c1a00000|  0%| F|  |TAMS 0x00000007c1900000, 0x00000007c1900000| Untracked 
|1050|0x00000007c1a00000, 0x00000007c1a00000, 0x00000007c1b00000|  0%| F|  |TAMS 0x00000007c1a00000, 0x00000007c1a00000| Untracked 
|1051|0x00000007c1b00000, 0x00000007c1b00000, 0x00000007c1c00000|  0%| F|  |TAMS 0x00000007c1b00000, 0x00000007c1b00000| Untracked 
|1052|0x00000007c1c00000, 0x00000007c1c00000, 0x00000007c1d00000|  0%| F|  |TAMS 0x00000007c1c00000, 0x00000007c1c00000| Untracked 
|1053|0x00000007c1d00000, 0x00000007c1d00000, 0x00000007c1e00000|  0%| F|  |TAMS 0x00000007c1d00000, 0x00000007c1d00000| Untracked 
|1054|0x00000007c1e00000, 0x00000007c1e00000, 0x00000007c1f00000|  0%| F|  |TAMS 0x00000007c1e00000, 0x00000007c1e00000| Untracked 
|1055|0x00000007c1f00000, 0x00000007c1f00000, 0x00000007c2000000|  0%| F|  |TAMS 0x00000007c1f00000, 0x00000007c1f00000| Untracked 
|1056|0x00000007c2000000, 0x00000007c2000000, 0x00000007c2100000|  0%| F|  |TAMS 0x00000007c2000000, 0x00000007c2000000| Untracked 
|1057|0x00000007c2100000, 0x00000007c2100000, 0x00000007c2200000|  0%| F|  |TAMS 0x00000007c2100000, 0x00000007c2100000| Untracked 
|1058|0x00000007c2200000, 0x00000007c2200000, 0x00000007c2300000|  0%| F|  |TAMS 0x00000007c2200000, 0x00000007c2200000| Untracked 
|1059|0x00000007c2300000, 0x00000007c2300000, 0x00000007c2400000|  0%| F|  |TAMS 0x00000007c2300000, 0x00000007c2300000| Untracked 
|1060|0x00000007c2400000, 0x00000007c2400000, 0x00000007c2500000|  0%| F|  |TAMS 0x00000007c2400000, 0x00000007c2400000| Untracked 
|1061|0x00000007c2500000, 0x00000007c2500000, 0x00000007c2600000|  0%| F|  |TAMS 0x00000007c2500000, 0x00000007c2500000| Untracked 
|1062|0x00000007c2600000, 0x00000007c2600000, 0x00000007c2700000|  0%| F|  |TAMS 0x00000007c2600000, 0x00000007c2600000| Untracked 
|1063|0x00000007c2700000, 0x00000007c2700000, 0x00000007c2800000|  0%| F|  |TAMS 0x00000007c2700000, 0x00000007c2700000| Untracked 
|1064|0x00000007c2800000, 0x00000007c2800000, 0x00000007c2900000|  0%| F|  |TAMS 0x00000007c2800000, 0x00000007c2800000| Untracked 
|1065|0x00000007c2900000, 0x00000007c2900000, 0x00000007c2a00000|  0%| F|  |TAMS 0x00000007c2900000, 0x00000007c2900000| Untracked 
|1066|0x00000007c2a00000, 0x00000007c2a00000, 0x00000007c2b00000|  0%| F|  |TAMS 0x00000007c2a00000, 0x00000007c2a00000| Untracked 
|1067|0x00000007c2b00000, 0x00000007c2b00000, 0x00000007c2c00000|  0%| F|  |TAMS 0x00000007c2b00000, 0x00000007c2b00000| Untracked 
|1068|0x00000007c2c00000, 0x00000007c2c00000, 0x00000007c2d00000|  0%| F|  |TAMS 0x00000007c2c00000, 0x00000007c2c00000| Untracked 
|1069|0x00000007c2d00000, 0x00000007c2d00000, 0x00000007c2e00000|  0%| F|  |TAMS 0x00000007c2d00000, 0x00000007c2d00000| Untracked 
|1070|0x00000007c2e00000, 0x00000007c2e00000, 0x00000007c2f00000|  0%| F|  |TAMS 0x00000007c2e00000, 0x00000007c2e00000| Untracked 
|1071|0x00000007c2f00000, 0x00000007c2f00000, 0x00000007c3000000|  0%| F|  |TAMS 0x00000007c2f00000, 0x00000007c2f00000| Untracked 
|1072|0x00000007c3000000, 0x00000007c3000000, 0x00000007c3100000|  0%| F|  |TAMS 0x00000007c3000000, 0x00000007c3000000| Untracked 
|1073|0x00000007c3100000, 0x00000007c3100000, 0x00000007c3200000|  0%| F|  |TAMS 0x00000007c3100000, 0x00000007c3100000| Untracked 
|1074|0x00000007c3200000, 0x00000007c3200000, 0x00000007c3300000|  0%| F|  |TAMS 0x00000007c3200000, 0x00000007c3200000| Untracked 
|1075|0x00000007c3300000, 0x00000007c3300000, 0x00000007c3400000|  0%| F|  |TAMS 0x00000007c3300000, 0x00000007c3300000| Untracked 
|1076|0x00000007c3400000, 0x00000007c3400000, 0x00000007c3500000|  0%| F|  |TAMS 0x00000007c3400000, 0x00000007c3400000| Untracked 
|1077|0x00000007c3500000, 0x00000007c3500000, 0x00000007c3600000|  0%| F|  |TAMS 0x00000007c3500000, 0x00000007c3500000| Untracked 
|1078|0x00000007c3600000, 0x00000007c3600000, 0x00000007c3700000|  0%| F|  |TAMS 0x00000007c3600000, 0x00000007c3600000| Untracked 
|1079|0x00000007c3700000, 0x00000007c3700000, 0x00000007c3800000|  0%| F|  |TAMS 0x00000007c3700000, 0x00000007c3700000| Untracked 
|1080|0x00000007c3800000, 0x00000007c3800000, 0x00000007c3900000|  0%| F|  |TAMS 0x00000007c3800000, 0x00000007c3800000| Untracked 
|1081|0x00000007c3900000, 0x00000007c3900000, 0x00000007c3a00000|  0%| F|  |TAMS 0x00000007c3900000, 0x00000007c3900000| Untracked 
|1082|0x00000007c3a00000, 0x00000007c3a00000, 0x00000007c3b00000|  0%| F|  |TAMS 0x00000007c3a00000, 0x00000007c3a00000| Untracked 
|1083|0x00000007c3b00000, 0x00000007c3b00000, 0x00000007c3c00000|  0%| F|  |TAMS 0x00000007c3b00000, 0x00000007c3b00000| Untracked 
|1084|0x00000007c3c00000, 0x00000007c3c00000, 0x00000007c3d00000|  0%| F|  |TAMS 0x00000007c3c00000, 0x00000007c3c00000| Untracked 
|1085|0x00000007c3d00000, 0x00000007c3d00000, 0x00000007c3e00000|  0%| F|  |TAMS 0x00000007c3d00000, 0x00000007c3d00000| Untracked 
|1086|0x00000007c3e00000, 0x00000007c3e00000, 0x00000007c3f00000|  0%| F|  |TAMS 0x00000007c3e00000, 0x00000007c3e00000| Untracked 
|1087|0x00000007c3f00000, 0x00000007c3f00000, 0x00000007c4000000|  0%| F|  |TAMS 0x00000007c3f00000, 0x00000007c3f00000| Untracked 
|1088|0x00000007c4000000, 0x00000007c4000000, 0x00000007c4100000|  0%| F|  |TAMS 0x00000007c4000000, 0x00000007c4000000| Untracked 
|1089|0x00000007c4100000, 0x00000007c4100000, 0x00000007c4200000|  0%| F|  |TAMS 0x00000007c4100000, 0x00000007c4100000| Untracked 
|1090|0x00000007c4200000, 0x00000007c4200000, 0x00000007c4300000|  0%| F|  |TAMS 0x00000007c4200000, 0x00000007c4200000| Untracked 
|1091|0x00000007c4300000, 0x00000007c4300000, 0x00000007c4400000|  0%| F|  |TAMS 0x00000007c4300000, 0x00000007c4300000| Untracked 
|1092|0x00000007c4400000, 0x00000007c4400000, 0x00000007c4500000|  0%| F|  |TAMS 0x00000007c4400000, 0x00000007c4400000| Untracked 
|1093|0x00000007c4500000, 0x00000007c4500000, 0x00000007c4600000|  0%| F|  |TAMS 0x00000007c4500000, 0x00000007c4500000| Untracked 
|1094|0x00000007c4600000, 0x00000007c4600000, 0x00000007c4700000|  0%| F|  |TAMS 0x00000007c4600000, 0x00000007c4600000| Untracked 
|1095|0x00000007c4700000, 0x00000007c4700000, 0x00000007c4800000|  0%| F|  |TAMS 0x00000007c4700000, 0x00000007c4700000| Untracked 
|1096|0x00000007c4800000, 0x00000007c4800000, 0x00000007c4900000|  0%| F|  |TAMS 0x00000007c4800000, 0x00000007c4800000| Untracked 
|1097|0x00000007c4900000, 0x00000007c4900000, 0x00000007c4a00000|  0%| F|  |TAMS 0x00000007c4900000, 0x00000007c4900000| Untracked 
|1098|0x00000007c4a00000, 0x00000007c4a00000, 0x00000007c4b00000|  0%| F|  |TAMS 0x00000007c4a00000, 0x00000007c4a00000| Untracked 
|1099|0x00000007c4b00000, 0x00000007c4b00000, 0x00000007c4c00000|  0%| F|  |TAMS 0x00000007c4b00000, 0x00000007c4b00000| Untracked 
|1100|0x00000007c4c00000, 0x00000007c4c00000, 0x00000007c4d00000|  0%| F|  |TAMS 0x00000007c4c00000, 0x00000007c4c00000| Untracked 
|1101|0x00000007c4d00000, 0x00000007c4d00000, 0x00000007c4e00000|  0%| F|  |TAMS 0x00000007c4d00000, 0x00000007c4d00000| Untracked 
|1102|0x00000007c4e00000, 0x00000007c4e00000, 0x00000007c4f00000|  0%| F|  |TAMS 0x00000007c4e00000, 0x00000007c4e00000| Untracked 
|1103|0x00000007c4f00000, 0x00000007c4f00000, 0x00000007c5000000|  0%| F|  |TAMS 0x00000007c4f00000, 0x00000007c4f00000| Untracked 
|1104|0x00000007c5000000, 0x00000007c5000000, 0x00000007c5100000|  0%| F|  |TAMS 0x00000007c5000000, 0x00000007c5000000| Untracked 
|1105|0x00000007c5100000, 0x00000007c5100000, 0x00000007c5200000|  0%| F|  |TAMS 0x00000007c5100000, 0x00000007c5100000| Untracked 
|1106|0x00000007c5200000, 0x00000007c5200000, 0x00000007c5300000|  0%| F|  |TAMS 0x00000007c5200000, 0x00000007c5200000| Untracked 
|1107|0x00000007c5300000, 0x00000007c5300000, 0x00000007c5400000|  0%| F|  |TAMS 0x00000007c5300000, 0x00000007c5300000| Untracked 
|1108|0x00000007c5400000, 0x00000007c5400000, 0x00000007c5500000|  0%| F|  |TAMS 0x00000007c5400000, 0x00000007c5400000| Untracked 
|1109|0x00000007c5500000, 0x00000007c5500000, 0x00000007c5600000|  0%| F|  |TAMS 0x00000007c5500000, 0x00000007c5500000| Untracked 
|1110|0x00000007c5600000, 0x00000007c5600000, 0x00000007c5700000|  0%| F|  |TAMS 0x00000007c5600000, 0x00000007c5600000| Untracked 
|1111|0x00000007c5700000, 0x00000007c5700000, 0x00000007c5800000|  0%| F|  |TAMS 0x00000007c5700000, 0x00000007c5700000| Untracked 
|1112|0x00000007c5800000, 0x00000007c5800000, 0x00000007c5900000|  0%| F|  |TAMS 0x00000007c5800000, 0x00000007c5800000| Untracked 
|1113|0x00000007c5900000, 0x00000007c5900000, 0x00000007c5a00000|  0%| F|  |TAMS 0x00000007c5900000, 0x00000007c5900000| Untracked 
|1114|0x00000007c5a00000, 0x00000007c5a00000, 0x00000007c5b00000|  0%| F|  |TAMS 0x00000007c5a00000, 0x00000007c5a00000| Untracked 
|1115|0x00000007c5b00000, 0x00000007c5b00000, 0x00000007c5c00000|  0%| F|  |TAMS 0x00000007c5b00000, 0x00000007c5b00000| Untracked 
|1116|0x00000007c5c00000, 0x00000007c5c00000, 0x00000007c5d00000|  0%| F|  |TAMS 0x00000007c5c00000, 0x00000007c5c00000| Untracked 
|1117|0x00000007c5d00000, 0x00000007c5d00000, 0x00000007c5e00000|  0%| F|  |TAMS 0x00000007c5d00000, 0x00000007c5d00000| Untracked 
|1118|0x00000007c5e00000, 0x00000007c5e00000, 0x00000007c5f00000|  0%| F|  |TAMS 0x00000007c5e00000, 0x00000007c5e00000| Untracked 
|1119|0x00000007c5f00000, 0x00000007c5f00000, 0x00000007c6000000|  0%| F|  |TAMS 0x00000007c5f00000, 0x00000007c5f00000| Untracked 
|1120|0x00000007c6000000, 0x00000007c6000000, 0x00000007c6100000|  0%| F|  |TAMS 0x00000007c6000000, 0x00000007c6000000| Untracked 
|1121|0x00000007c6100000, 0x00000007c6100000, 0x00000007c6200000|  0%| F|  |TAMS 0x00000007c6100000, 0x00000007c6100000| Untracked 
|1122|0x00000007c6200000, 0x00000007c6200000, 0x00000007c6300000|  0%| F|  |TAMS 0x00000007c6200000, 0x00000007c6200000| Untracked 
|1123|0x00000007c6300000, 0x00000007c6300000, 0x00000007c6400000|  0%| F|  |TAMS 0x00000007c6300000, 0x00000007c6300000| Untracked 
|1124|0x00000007c6400000, 0x00000007c6400000, 0x00000007c6500000|  0%| F|  |TAMS 0x00000007c6400000, 0x00000007c6400000| Untracked 
|1125|0x00000007c6500000, 0x00000007c6500000, 0x00000007c6600000|  0%| F|  |TAMS 0x00000007c6500000, 0x00000007c6500000| Untracked 
|1126|0x00000007c6600000, 0x00000007c6600000, 0x00000007c6700000|  0%| F|  |TAMS 0x00000007c6600000, 0x00000007c6600000| Untracked 
|1127|0x00000007c6700000, 0x00000007c6700000, 0x00000007c6800000|  0%| F|  |TAMS 0x00000007c6700000, 0x00000007c6700000| Untracked 
|1128|0x00000007c6800000, 0x00000007c6800000, 0x00000007c6900000|  0%| F|  |TAMS 0x00000007c6800000, 0x00000007c6800000| Untracked 
|1129|0x00000007c6900000, 0x00000007c6900000, 0x00000007c6a00000|  0%| F|  |TAMS 0x00000007c6900000, 0x00000007c6900000| Untracked 
|1130|0x00000007c6a00000, 0x00000007c6a00000, 0x00000007c6b00000|  0%| F|  |TAMS 0x00000007c6a00000, 0x00000007c6a00000| Untracked 
|1131|0x00000007c6b00000, 0x00000007c6b00000, 0x00000007c6c00000|  0%| F|  |TAMS 0x00000007c6b00000, 0x00000007c6b00000| Untracked 
|1132|0x00000007c6c00000, 0x00000007c6c00000, 0x00000007c6d00000|  0%| F|  |TAMS 0x00000007c6c00000, 0x00000007c6c00000| Untracked 
|1133|0x00000007c6d00000, 0x00000007c6d00000, 0x00000007c6e00000|  0%| F|  |TAMS 0x00000007c6d00000, 0x00000007c6d00000| Untracked 
|1134|0x00000007c6e00000, 0x00000007c6e00000, 0x00000007c6f00000|  0%| F|  |TAMS 0x00000007c6e00000, 0x00000007c6e00000| Untracked 
|1135|0x00000007c6f00000, 0x00000007c6f00000, 0x00000007c7000000|  0%| F|  |TAMS 0x00000007c6f00000, 0x00000007c6f00000| Untracked 
|1136|0x00000007c7000000, 0x00000007c7000000, 0x00000007c7100000|  0%| F|  |TAMS 0x00000007c7000000, 0x00000007c7000000| Untracked 
|1137|0x00000007c7100000, 0x00000007c7100000, 0x00000007c7200000|  0%| F|  |TAMS 0x00000007c7100000, 0x00000007c7100000| Untracked 
|1138|0x00000007c7200000, 0x00000007c7200000, 0x00000007c7300000|  0%| F|  |TAMS 0x00000007c7200000, 0x00000007c7200000| Untracked 
|1139|0x00000007c7300000, 0x00000007c7300000, 0x00000007c7400000|  0%| F|  |TAMS 0x00000007c7300000, 0x00000007c7300000| Untracked 
|1140|0x00000007c7400000, 0x00000007c7400000, 0x00000007c7500000|  0%| F|  |TAMS 0x00000007c7400000, 0x00000007c7400000| Untracked 
|1141|0x00000007c7500000, 0x00000007c7500000, 0x00000007c7600000|  0%| F|  |TAMS 0x00000007c7500000, 0x00000007c7500000| Untracked 
|1142|0x00000007c7600000, 0x00000007c7600000, 0x00000007c7700000|  0%| F|  |TAMS 0x00000007c7600000, 0x00000007c7600000| Untracked 
|1143|0x00000007c7700000, 0x00000007c7700000, 0x00000007c7800000|  0%| F|  |TAMS 0x00000007c7700000, 0x00000007c7700000| Untracked 
|1144|0x00000007c7800000, 0x00000007c7800000, 0x00000007c7900000|  0%| F|  |TAMS 0x00000007c7800000, 0x00000007c7800000| Untracked 
|1145|0x00000007c7900000, 0x00000007c7900000, 0x00000007c7a00000|  0%| F|  |TAMS 0x00000007c7900000, 0x00000007c7900000| Untracked 
|1146|0x00000007c7a00000, 0x00000007c7a00000, 0x00000007c7b00000|  0%| F|  |TAMS 0x00000007c7a00000, 0x00000007c7a00000| Untracked 
|1147|0x00000007c7b00000, 0x00000007c7b00000, 0x00000007c7c00000|  0%| F|  |TAMS 0x00000007c7b00000, 0x00000007c7b00000| Untracked 
|1148|0x00000007c7c00000, 0x00000007c7c00000, 0x00000007c7d00000|  0%| F|  |TAMS 0x00000007c7c00000, 0x00000007c7c00000| Untracked 
|1149|0x00000007c7d00000, 0x00000007c7d00000, 0x00000007c7e00000|  0%| F|  |TAMS 0x00000007c7d00000, 0x00000007c7d00000| Untracked 
|1150|0x00000007c7e00000, 0x00000007c7e00000, 0x00000007c7f00000|  0%| F|  |TAMS 0x00000007c7e00000, 0x00000007c7e00000| Untracked 
|1151|0x00000007c7f00000, 0x00000007c7f00000, 0x00000007c8000000|  0%| F|  |TAMS 0x00000007c7f00000, 0x00000007c7f00000| Untracked 
|1152|0x00000007c8000000, 0x00000007c8000000, 0x00000007c8100000|  0%| F|  |TAMS 0x00000007c8000000, 0x00000007c8000000| Untracked 
|1153|0x00000007c8100000, 0x00000007c8100000, 0x00000007c8200000|  0%| F|  |TAMS 0x00000007c8100000, 0x00000007c8100000| Untracked 
|1154|0x00000007c8200000, 0x00000007c8200000, 0x00000007c8300000|  0%| F|  |TAMS 0x00000007c8200000, 0x00000007c8200000| Untracked 
|1155|0x00000007c8300000, 0x00000007c8300000, 0x00000007c8400000|  0%| F|  |TAMS 0x00000007c8300000, 0x00000007c8300000| Untracked 
|1156|0x00000007c8400000, 0x00000007c8400000, 0x00000007c8500000|  0%| F|  |TAMS 0x00000007c8400000, 0x00000007c8400000| Untracked 
|1157|0x00000007c8500000, 0x00000007c8500000, 0x00000007c8600000|  0%| F|  |TAMS 0x00000007c8500000, 0x00000007c8500000| Untracked 
|1158|0x00000007c8600000, 0x00000007c8600000, 0x00000007c8700000|  0%| F|  |TAMS 0x00000007c8600000, 0x00000007c8600000| Untracked 
|1159|0x00000007c8700000, 0x00000007c8700000, 0x00000007c8800000|  0%| F|  |TAMS 0x00000007c8700000, 0x00000007c8700000| Untracked 
|1160|0x00000007c8800000, 0x00000007c8800000, 0x00000007c8900000|  0%| F|  |TAMS 0x00000007c8800000, 0x00000007c8800000| Untracked 
|1161|0x00000007c8900000, 0x00000007c8900000, 0x00000007c8a00000|  0%| F|  |TAMS 0x00000007c8900000, 0x00000007c8900000| Untracked 
|1162|0x00000007c8a00000, 0x00000007c8a00000, 0x00000007c8b00000|  0%| F|  |TAMS 0x00000007c8a00000, 0x00000007c8a00000| Untracked 
|1163|0x00000007c8b00000, 0x00000007c8b00000, 0x00000007c8c00000|  0%| F|  |TAMS 0x00000007c8b00000, 0x00000007c8b00000| Untracked 
|1164|0x00000007c8c00000, 0x00000007c8c00000, 0x00000007c8d00000|  0%| F|  |TAMS 0x00000007c8c00000, 0x00000007c8c00000| Untracked 
|1165|0x00000007c8d00000, 0x00000007c8d00000, 0x00000007c8e00000|  0%| F|  |TAMS 0x00000007c8d00000, 0x00000007c8d00000| Untracked 
|1166|0x00000007c8e00000, 0x00000007c8e00000, 0x00000007c8f00000|  0%| F|  |TAMS 0x00000007c8e00000, 0x00000007c8e00000| Untracked 
|1167|0x00000007c8f00000, 0x00000007c8f00000, 0x00000007c9000000|  0%| F|  |TAMS 0x00000007c8f00000, 0x00000007c8f00000| Untracked 
|1168|0x00000007c9000000, 0x00000007c9000000, 0x00000007c9100000|  0%| F|  |TAMS 0x00000007c9000000, 0x00000007c9000000| Untracked 
|1169|0x00000007c9100000, 0x00000007c9100000, 0x00000007c9200000|  0%| F|  |TAMS 0x00000007c9100000, 0x00000007c9100000| Untracked 
|1170|0x00000007c9200000, 0x00000007c9200000, 0x00000007c9300000|  0%| F|  |TAMS 0x00000007c9200000, 0x00000007c9200000| Untracked 
|1171|0x00000007c9300000, 0x00000007c9300000, 0x00000007c9400000|  0%| F|  |TAMS 0x00000007c9300000, 0x00000007c9300000| Untracked 
|1172|0x00000007c9400000, 0x00000007c9400000, 0x00000007c9500000|  0%| F|  |TAMS 0x00000007c9400000, 0x00000007c9400000| Untracked 
|1173|0x00000007c9500000, 0x00000007c9500000, 0x00000007c9600000|  0%| F|  |TAMS 0x00000007c9500000, 0x00000007c9500000| Untracked 
|1174|0x00000007c9600000, 0x00000007c9600000, 0x00000007c9700000|  0%| F|  |TAMS 0x00000007c9600000, 0x00000007c9600000| Untracked 
|1175|0x00000007c9700000, 0x00000007c9700000, 0x00000007c9800000|  0%| F|  |TAMS 0x00000007c9700000, 0x00000007c9700000| Untracked 
|1176|0x00000007c9800000, 0x00000007c9800000, 0x00000007c9900000|  0%| F|  |TAMS 0x00000007c9800000, 0x00000007c9800000| Untracked 
|1177|0x00000007c9900000, 0x00000007c9900000, 0x00000007c9a00000|  0%| F|  |TAMS 0x00000007c9900000, 0x00000007c9900000| Untracked 
|1178|0x00000007c9a00000, 0x00000007c9a00000, 0x00000007c9b00000|  0%| F|  |TAMS 0x00000007c9a00000, 0x00000007c9a00000| Untracked 
|1179|0x00000007c9b00000, 0x00000007c9b00000, 0x00000007c9c00000|  0%| F|  |TAMS 0x00000007c9b00000, 0x00000007c9b00000| Untracked 
|1180|0x00000007c9c00000, 0x00000007c9c00000, 0x00000007c9d00000|  0%| F|  |TAMS 0x00000007c9c00000, 0x00000007c9c00000| Untracked 
|1181|0x00000007c9d00000, 0x00000007c9d00000, 0x00000007c9e00000|  0%| F|  |TAMS 0x00000007c9d00000, 0x00000007c9d00000| Untracked 
|1182|0x00000007c9e00000, 0x00000007c9e00000, 0x00000007c9f00000|  0%| F|  |TAMS 0x00000007c9e00000, 0x00000007c9e00000| Untracked 
|1183|0x00000007c9f00000, 0x00000007c9f00000, 0x00000007ca000000|  0%| F|  |TAMS 0x00000007c9f00000, 0x00000007c9f00000| Untracked 
|1184|0x00000007ca000000, 0x00000007ca000000, 0x00000007ca100000|  0%| F|  |TAMS 0x00000007ca000000, 0x00000007ca000000| Untracked 
|1185|0x00000007ca100000, 0x00000007ca100000, 0x00000007ca200000|  0%| F|  |TAMS 0x00000007ca100000, 0x00000007ca100000| Untracked 
|1186|0x00000007ca200000, 0x00000007ca200000, 0x00000007ca300000|  0%| F|  |TAMS 0x00000007ca200000, 0x00000007ca200000| Untracked 
|1187|0x00000007ca300000, 0x00000007ca300000, 0x00000007ca400000|  0%| F|  |TAMS 0x00000007ca300000, 0x00000007ca300000| Untracked 
|1188|0x00000007ca400000, 0x00000007ca400000, 0x00000007ca500000|  0%| F|  |TAMS 0x00000007ca400000, 0x00000007ca400000| Untracked 
|1189|0x00000007ca500000, 0x00000007ca500000, 0x00000007ca600000|  0%| F|  |TAMS 0x00000007ca500000, 0x00000007ca500000| Untracked 
|1190|0x00000007ca600000, 0x00000007ca600000, 0x00000007ca700000|  0%| F|  |TAMS 0x00000007ca600000, 0x00000007ca600000| Untracked 
|1191|0x00000007ca700000, 0x00000007ca700000, 0x00000007ca800000|  0%| F|  |TAMS 0x00000007ca700000, 0x00000007ca700000| Untracked 
|1192|0x00000007ca800000, 0x00000007ca800000, 0x00000007ca900000|  0%| F|  |TAMS 0x00000007ca800000, 0x00000007ca800000| Untracked 
|1193|0x00000007ca900000, 0x00000007ca900000, 0x00000007caa00000|  0%| F|  |TAMS 0x00000007ca900000, 0x00000007ca900000| Untracked 
|1194|0x00000007caa00000, 0x00000007caa00000, 0x00000007cab00000|  0%| F|  |TAMS 0x00000007caa00000, 0x00000007caa00000| Untracked 
|1195|0x00000007cab00000, 0x00000007cab00000, 0x00000007cac00000|  0%| F|  |TAMS 0x00000007cab00000, 0x00000007cab00000| Untracked 
|1196|0x00000007cac00000, 0x00000007cac00000, 0x00000007cad00000|  0%| F|  |TAMS 0x00000007cac00000, 0x00000007cac00000| Untracked 
|1197|0x00000007cad00000, 0x00000007cad00000, 0x00000007cae00000|  0%| F|  |TAMS 0x00000007cad00000, 0x00000007cad00000| Untracked 
|1198|0x00000007cae00000, 0x00000007cae00000, 0x00000007caf00000|  0%| F|  |TAMS 0x00000007cae00000, 0x00000007cae00000| Untracked 
|1199|0x00000007caf00000, 0x00000007caf00000, 0x00000007cb000000|  0%| F|  |TAMS 0x00000007caf00000, 0x00000007caf00000| Untracked 
|1200|0x00000007cb000000, 0x00000007cb000000, 0x00000007cb100000|  0%| F|  |TAMS 0x00000007cb000000, 0x00000007cb000000| Untracked 
|1201|0x00000007cb100000, 0x00000007cb100000, 0x00000007cb200000|  0%| F|  |TAMS 0x00000007cb100000, 0x00000007cb100000| Untracked 
|1202|0x00000007cb200000, 0x00000007cb200000, 0x00000007cb300000|  0%| F|  |TAMS 0x00000007cb200000, 0x00000007cb200000| Untracked 
|1203|0x00000007cb300000, 0x00000007cb300000, 0x00000007cb400000|  0%| F|  |TAMS 0x00000007cb300000, 0x00000007cb300000| Untracked 
|1204|0x00000007cb400000, 0x00000007cb400000, 0x00000007cb500000|  0%| F|  |TAMS 0x00000007cb400000, 0x00000007cb400000| Untracked 
|1205|0x00000007cb500000, 0x00000007cb500000, 0x00000007cb600000|  0%| F|  |TAMS 0x00000007cb500000, 0x00000007cb500000| Untracked 
|1206|0x00000007cb600000, 0x00000007cb600000, 0x00000007cb700000|  0%| F|  |TAMS 0x00000007cb600000, 0x00000007cb600000| Untracked 
|1207|0x00000007cb700000, 0x00000007cb700000, 0x00000007cb800000|  0%| F|  |TAMS 0x00000007cb700000, 0x00000007cb700000| Untracked 
|1208|0x00000007cb800000, 0x00000007cb800000, 0x00000007cb900000|  0%| F|  |TAMS 0x00000007cb800000, 0x00000007cb800000| Untracked 
|1209|0x00000007cb900000, 0x00000007cb900000, 0x00000007cba00000|  0%| F|  |TAMS 0x00000007cb900000, 0x00000007cb900000| Untracked 
|1210|0x00000007cba00000, 0x00000007cba00000, 0x00000007cbb00000|  0%| F|  |TAMS 0x00000007cba00000, 0x00000007cba00000| Untracked 
|1211|0x00000007cbb00000, 0x00000007cbb00000, 0x00000007cbc00000|  0%| F|  |TAMS 0x00000007cbb00000, 0x00000007cbb00000| Untracked 
|1212|0x00000007cbc00000, 0x00000007cbc00000, 0x00000007cbd00000|  0%| F|  |TAMS 0x00000007cbc00000, 0x00000007cbc00000| Untracked 
|1213|0x00000007cbd00000, 0x00000007cbd00000, 0x00000007cbe00000|  0%| F|  |TAMS 0x00000007cbd00000, 0x00000007cbd00000| Untracked 
|1214|0x00000007cbe00000, 0x00000007cbe00000, 0x00000007cbf00000|  0%| F|  |TAMS 0x00000007cbe00000, 0x00000007cbe00000| Untracked 
|1215|0x00000007cbf00000, 0x00000007cbf00000, 0x00000007cc000000|  0%| F|  |TAMS 0x00000007cbf00000, 0x00000007cbf00000| Untracked 
|1216|0x00000007cc000000, 0x00000007cc000000, 0x00000007cc100000|  0%| F|  |TAMS 0x00000007cc000000, 0x00000007cc000000| Untracked 
|1217|0x00000007cc100000, 0x00000007cc100000, 0x00000007cc200000|  0%| F|  |TAMS 0x00000007cc100000, 0x00000007cc100000| Untracked 
|1218|0x00000007cc200000, 0x00000007cc200000, 0x00000007cc300000|  0%| F|  |TAMS 0x00000007cc200000, 0x00000007cc200000| Untracked 
|1219|0x00000007cc300000, 0x00000007cc300000, 0x00000007cc400000|  0%| F|  |TAMS 0x00000007cc300000, 0x00000007cc300000| Untracked 
|1220|0x00000007cc400000, 0x00000007cc400000, 0x00000007cc500000|  0%| F|  |TAMS 0x00000007cc400000, 0x00000007cc400000| Untracked 
|1221|0x00000007cc500000, 0x00000007cc500000, 0x00000007cc600000|  0%| F|  |TAMS 0x00000007cc500000, 0x00000007cc500000| Untracked 
|1222|0x00000007cc600000, 0x00000007cc600000, 0x00000007cc700000|  0%| F|  |TAMS 0x00000007cc600000, 0x00000007cc600000| Untracked 
|1223|0x00000007cc700000, 0x00000007cc700000, 0x00000007cc800000|  0%| F|  |TAMS 0x00000007cc700000, 0x00000007cc700000| Untracked 
|1224|0x00000007cc800000, 0x00000007cc800000, 0x00000007cc900000|  0%| F|  |TAMS 0x00000007cc800000, 0x00000007cc800000| Untracked 
|1225|0x00000007cc900000, 0x00000007cc900000, 0x00000007cca00000|  0%| F|  |TAMS 0x00000007cc900000, 0x00000007cc900000| Untracked 
|1226|0x00000007cca00000, 0x00000007cca00000, 0x00000007ccb00000|  0%| F|  |TAMS 0x00000007cca00000, 0x00000007cca00000| Untracked 
|1227|0x00000007ccb00000, 0x00000007ccb00000, 0x00000007ccc00000|  0%| F|  |TAMS 0x00000007ccb00000, 0x00000007ccb00000| Untracked 
|1228|0x00000007ccc00000, 0x00000007ccc00000, 0x00000007ccd00000|  0%| F|  |TAMS 0x00000007ccc00000, 0x00000007ccc00000| Untracked 
|1229|0x00000007ccd00000, 0x00000007ccd00000, 0x00000007cce00000|  0%| F|  |TAMS 0x00000007ccd00000, 0x00000007ccd00000| Untracked 
|1230|0x00000007cce00000, 0x00000007cce00000, 0x00000007ccf00000|  0%| F|  |TAMS 0x00000007cce00000, 0x00000007cce00000| Untracked 
|1231|0x00000007ccf00000, 0x00000007ccf00000, 0x00000007cd000000|  0%| F|  |TAMS 0x00000007ccf00000, 0x00000007ccf00000| Untracked 
|1232|0x00000007cd000000, 0x00000007cd000000, 0x00000007cd100000|  0%| F|  |TAMS 0x00000007cd000000, 0x00000007cd000000| Untracked 
|1233|0x00000007cd100000, 0x00000007cd100000, 0x00000007cd200000|  0%| F|  |TAMS 0x00000007cd100000, 0x00000007cd100000| Untracked 
|1234|0x00000007cd200000, 0x00000007cd200000, 0x00000007cd300000|  0%| F|  |TAMS 0x00000007cd200000, 0x00000007cd200000| Untracked 
|1235|0x00000007cd300000, 0x00000007cd300000, 0x00000007cd400000|  0%| F|  |TAMS 0x00000007cd300000, 0x00000007cd300000| Untracked 
|1236|0x00000007cd400000, 0x00000007cd400000, 0x00000007cd500000|  0%| F|  |TAMS 0x00000007cd400000, 0x00000007cd400000| Untracked 
|1237|0x00000007cd500000, 0x00000007cd500000, 0x00000007cd600000|  0%| F|  |TAMS 0x00000007cd500000, 0x00000007cd500000| Untracked 
|1238|0x00000007cd600000, 0x00000007cd600000, 0x00000007cd700000|  0%| F|  |TAMS 0x00000007cd600000, 0x00000007cd600000| Untracked 
|1239|0x00000007cd700000, 0x00000007cd700000, 0x00000007cd800000|  0%| F|  |TAMS 0x00000007cd700000, 0x00000007cd700000| Untracked 
|1240|0x00000007cd800000, 0x00000007cd800000, 0x00000007cd900000|  0%| F|  |TAMS 0x00000007cd800000, 0x00000007cd800000| Untracked 
|1241|0x00000007cd900000, 0x00000007cd900000, 0x00000007cda00000|  0%| F|  |TAMS 0x00000007cd900000, 0x00000007cd900000| Untracked 
|1242|0x00000007cda00000, 0x00000007cda00000, 0x00000007cdb00000|  0%| F|  |TAMS 0x00000007cda00000, 0x00000007cda00000| Untracked 
|1243|0x00000007cdb00000, 0x00000007cdb00000, 0x00000007cdc00000|  0%| F|  |TAMS 0x00000007cdb00000, 0x00000007cdb00000| Untracked 
|1244|0x00000007cdc00000, 0x00000007cdc00000, 0x00000007cdd00000|  0%| F|  |TAMS 0x00000007cdc00000, 0x00000007cdc00000| Untracked 
|1245|0x00000007cdd00000, 0x00000007cdd00000, 0x00000007cde00000|  0%| F|  |TAMS 0x00000007cdd00000, 0x00000007cdd00000| Untracked 
|1246|0x00000007cde00000, 0x00000007cde00000, 0x00000007cdf00000|  0%| F|  |TAMS 0x00000007cde00000, 0x00000007cde00000| Untracked 
|1247|0x00000007cdf00000, 0x00000007cdf00000, 0x00000007ce000000|  0%| F|  |TAMS 0x00000007cdf00000, 0x00000007cdf00000| Untracked 
|1248|0x00000007ce000000, 0x00000007ce000000, 0x00000007ce100000|  0%| F|  |TAMS 0x00000007ce000000, 0x00000007ce000000| Untracked 
|1249|0x00000007ce100000, 0x00000007ce100000, 0x00000007ce200000|  0%| F|  |TAMS 0x00000007ce100000, 0x00000007ce100000| Untracked 
|1250|0x00000007ce200000, 0x00000007ce200000, 0x00000007ce300000|  0%| F|  |TAMS 0x00000007ce200000, 0x00000007ce200000| Untracked 
|1251|0x00000007ce300000, 0x00000007ce300000, 0x00000007ce400000|  0%| F|  |TAMS 0x00000007ce300000, 0x00000007ce300000| Untracked 
|1252|0x00000007ce400000, 0x00000007ce400000, 0x00000007ce500000|  0%| F|  |TAMS 0x00000007ce400000, 0x00000007ce400000| Untracked 
|1253|0x00000007ce500000, 0x00000007ce500000, 0x00000007ce600000|  0%| F|  |TAMS 0x00000007ce500000, 0x00000007ce500000| Untracked 
|1254|0x00000007ce600000, 0x00000007ce600000, 0x00000007ce700000|  0%| F|  |TAMS 0x00000007ce600000, 0x00000007ce600000| Untracked 
|1255|0x00000007ce700000, 0x00000007ce700000, 0x00000007ce800000|  0%| F|  |TAMS 0x00000007ce700000, 0x00000007ce700000| Untracked 
|1256|0x00000007ce800000, 0x00000007ce800000, 0x00000007ce900000|  0%| F|  |TAMS 0x00000007ce800000, 0x00000007ce800000| Untracked 
|1257|0x00000007ce900000, 0x00000007ce900000, 0x00000007cea00000|  0%| F|  |TAMS 0x00000007ce900000, 0x00000007ce900000| Untracked 
|1258|0x00000007cea00000, 0x00000007cea00000, 0x00000007ceb00000|  0%| F|  |TAMS 0x00000007cea00000, 0x00000007cea00000| Untracked 
|1259|0x00000007ceb00000, 0x00000007ceb00000, 0x00000007cec00000|  0%| F|  |TAMS 0x00000007ceb00000, 0x00000007ceb00000| Untracked 
|1260|0x00000007cec00000, 0x00000007cec00000, 0x00000007ced00000|  0%| F|  |TAMS 0x00000007cec00000, 0x00000007cec00000| Untracked 
|1261|0x00000007ced00000, 0x00000007ced00000, 0x00000007cee00000|  0%| F|  |TAMS 0x00000007ced00000, 0x00000007ced00000| Untracked 
|1262|0x00000007cee00000, 0x00000007cee00000, 0x00000007cef00000|  0%| F|  |TAMS 0x00000007cee00000, 0x00000007cee00000| Untracked 
|1263|0x00000007cef00000, 0x00000007cef00000, 0x00000007cf000000|  0%| F|  |TAMS 0x00000007cef00000, 0x00000007cef00000| Untracked 
|1264|0x00000007cf000000, 0x00000007cf000000, 0x00000007cf100000|  0%| F|  |TAMS 0x00000007cf000000, 0x00000007cf000000| Untracked 
|1265|0x00000007cf100000, 0x00000007cf100000, 0x00000007cf200000|  0%| F|  |TAMS 0x00000007cf100000, 0x00000007cf100000| Untracked 
|1266|0x00000007cf200000, 0x00000007cf200000, 0x00000007cf300000|  0%| F|  |TAMS 0x00000007cf200000, 0x00000007cf200000| Untracked 
|1267|0x00000007cf300000, 0x00000007cf300000, 0x00000007cf400000|  0%| F|  |TAMS 0x00000007cf300000, 0x00000007cf300000| Untracked 
|1268|0x00000007cf400000, 0x00000007cf400000, 0x00000007cf500000|  0%| F|  |TAMS 0x00000007cf400000, 0x00000007cf400000| Untracked 
|1269|0x00000007cf500000, 0x00000007cf500000, 0x00000007cf600000|  0%| F|  |TAMS 0x00000007cf500000, 0x00000007cf500000| Untracked 
|1270|0x00000007cf600000, 0x00000007cf600000, 0x00000007cf700000|  0%| F|  |TAMS 0x00000007cf600000, 0x00000007cf600000| Untracked 
|1271|0x00000007cf700000, 0x00000007cf700000, 0x00000007cf800000|  0%| F|  |TAMS 0x00000007cf700000, 0x00000007cf700000| Untracked 
|1272|0x00000007cf800000, 0x00000007cf800000, 0x00000007cf900000|  0%| F|  |TAMS 0x00000007cf800000, 0x00000007cf800000| Untracked 
|1273|0x00000007cf900000, 0x00000007cf900000, 0x00000007cfa00000|  0%| F|  |TAMS 0x00000007cf900000, 0x00000007cf900000| Untracked 
|1274|0x00000007cfa00000, 0x00000007cfa00000, 0x00000007cfb00000|  0%| F|  |TAMS 0x00000007cfa00000, 0x00000007cfa00000| Untracked 
|1275|0x00000007cfb00000, 0x00000007cfb00000, 0x00000007cfc00000|  0%| F|  |TAMS 0x00000007cfb00000, 0x00000007cfb00000| Untracked 
|1276|0x00000007cfc00000, 0x00000007cfc00000, 0x00000007cfd00000|  0%| F|  |TAMS 0x00000007cfc00000, 0x00000007cfc00000| Untracked 
|1277|0x00000007cfd00000, 0x00000007cfd00000, 0x00000007cfe00000|  0%| F|  |TAMS 0x00000007cfd00000, 0x00000007cfd00000| Untracked 
|1278|0x00000007cfe00000, 0x00000007cfe00000, 0x00000007cff00000|  0%| F|  |TAMS 0x00000007cfe00000, 0x00000007cfe00000| Untracked 
|1279|0x00000007cff00000, 0x00000007cff00000, 0x00000007d0000000|  0%| F|  |TAMS 0x00000007cff00000, 0x00000007cff00000| Untracked 
|1280|0x00000007d0000000, 0x00000007d0000000, 0x00000007d0100000|  0%| F|  |TAMS 0x00000007d0000000, 0x00000007d0000000| Untracked 
|1281|0x00000007d0100000, 0x00000007d0100000, 0x00000007d0200000|  0%| F|  |TAMS 0x00000007d0100000, 0x00000007d0100000| Untracked 
|1282|0x00000007d0200000, 0x00000007d0200000, 0x00000007d0300000|  0%| F|  |TAMS 0x00000007d0200000, 0x00000007d0200000| Untracked 
|1283|0x00000007d0300000, 0x00000007d0300000, 0x00000007d0400000|  0%| F|  |TAMS 0x00000007d0300000, 0x00000007d0300000| Untracked 
|1284|0x00000007d0400000, 0x00000007d0400000, 0x00000007d0500000|  0%| F|  |TAMS 0x00000007d0400000, 0x00000007d0400000| Untracked 
|1285|0x00000007d0500000, 0x00000007d0500000, 0x00000007d0600000|  0%| F|  |TAMS 0x00000007d0500000, 0x00000007d0500000| Untracked 
|1286|0x00000007d0600000, 0x00000007d0600000, 0x00000007d0700000|  0%| F|  |TAMS 0x00000007d0600000, 0x00000007d0600000| Untracked 
|1287|0x00000007d0700000, 0x00000007d0700000, 0x00000007d0800000|  0%| F|  |TAMS 0x00000007d0700000, 0x00000007d0700000| Untracked 
|1288|0x00000007d0800000, 0x00000007d0800000, 0x00000007d0900000|  0%| F|  |TAMS 0x00000007d0800000, 0x00000007d0800000| Untracked 
|1289|0x00000007d0900000, 0x00000007d0900000, 0x00000007d0a00000|  0%| F|  |TAMS 0x00000007d0900000, 0x00000007d0900000| Untracked 
|1290|0x00000007d0a00000, 0x00000007d0a00000, 0x00000007d0b00000|  0%| F|  |TAMS 0x00000007d0a00000, 0x00000007d0a00000| Untracked 
|1291|0x00000007d0b00000, 0x00000007d0b00000, 0x00000007d0c00000|  0%| F|  |TAMS 0x00000007d0b00000, 0x00000007d0b00000| Untracked 
|1292|0x00000007d0c00000, 0x00000007d0c00000, 0x00000007d0d00000|  0%| F|  |TAMS 0x00000007d0c00000, 0x00000007d0c00000| Untracked 
|1293|0x00000007d0d00000, 0x00000007d0d00000, 0x00000007d0e00000|  0%| F|  |TAMS 0x00000007d0d00000, 0x00000007d0d00000| Untracked 
|1294|0x00000007d0e00000, 0x00000007d0e00000, 0x00000007d0f00000|  0%| F|  |TAMS 0x00000007d0e00000, 0x00000007d0e00000| Untracked 
|1295|0x00000007d0f00000, 0x00000007d0f00000, 0x00000007d1000000|  0%| F|  |TAMS 0x00000007d0f00000, 0x00000007d0f00000| Untracked 
|1296|0x00000007d1000000, 0x00000007d1000000, 0x00000007d1100000|  0%| F|  |TAMS 0x00000007d1000000, 0x00000007d1000000| Untracked 
|1297|0x00000007d1100000, 0x00000007d1100000, 0x00000007d1200000|  0%| F|  |TAMS 0x00000007d1100000, 0x00000007d1100000| Untracked 
|1298|0x00000007d1200000, 0x00000007d1200000, 0x00000007d1300000|  0%| F|  |TAMS 0x00000007d1200000, 0x00000007d1200000| Untracked 
|1299|0x00000007d1300000, 0x00000007d1300000, 0x00000007d1400000|  0%| F|  |TAMS 0x00000007d1300000, 0x00000007d1300000| Untracked 
|1300|0x00000007d1400000, 0x00000007d1400000, 0x00000007d1500000|  0%| F|  |TAMS 0x00000007d1400000, 0x00000007d1400000| Untracked 
|1301|0x00000007d1500000, 0x00000007d1500000, 0x00000007d1600000|  0%| F|  |TAMS 0x00000007d1500000, 0x00000007d1500000| Untracked 
|1302|0x00000007d1600000, 0x00000007d1600000, 0x00000007d1700000|  0%| F|  |TAMS 0x00000007d1600000, 0x00000007d1600000| Untracked 
|1303|0x00000007d1700000, 0x00000007d1700000, 0x00000007d1800000|  0%| F|  |TAMS 0x00000007d1700000, 0x00000007d1700000| Untracked 
|1304|0x00000007d1800000, 0x00000007d1800000, 0x00000007d1900000|  0%| F|  |TAMS 0x00000007d1800000, 0x00000007d1800000| Untracked 
|1305|0x00000007d1900000, 0x00000007d1900000, 0x00000007d1a00000|  0%| F|  |TAMS 0x00000007d1900000, 0x00000007d1900000| Untracked 
|1306|0x00000007d1a00000, 0x00000007d1a00000, 0x00000007d1b00000|  0%| F|  |TAMS 0x00000007d1a00000, 0x00000007d1a00000| Untracked 
|1307|0x00000007d1b00000, 0x00000007d1b00000, 0x00000007d1c00000|  0%| F|  |TAMS 0x00000007d1b00000, 0x00000007d1b00000| Untracked 
|1308|0x00000007d1c00000, 0x00000007d1c00000, 0x00000007d1d00000|  0%| F|  |TAMS 0x00000007d1c00000, 0x00000007d1c00000| Untracked 
|1309|0x00000007d1d00000, 0x00000007d1d00000, 0x00000007d1e00000|  0%| F|  |TAMS 0x00000007d1d00000, 0x00000007d1d00000| Untracked 
|1310|0x00000007d1e00000, 0x00000007d1e00000, 0x00000007d1f00000|  0%| F|  |TAMS 0x00000007d1e00000, 0x00000007d1e00000| Untracked 
|1311|0x00000007d1f00000, 0x00000007d1f00000, 0x00000007d2000000|  0%| F|  |TAMS 0x00000007d1f00000, 0x00000007d1f00000| Untracked 
|1312|0x00000007d2000000, 0x00000007d2000000, 0x00000007d2100000|  0%| F|  |TAMS 0x00000007d2000000, 0x00000007d2000000| Untracked 
|1313|0x00000007d2100000, 0x00000007d2100000, 0x00000007d2200000|  0%| F|  |TAMS 0x00000007d2100000, 0x00000007d2100000| Untracked 
|1314|0x00000007d2200000, 0x00000007d2200000, 0x00000007d2300000|  0%| F|  |TAMS 0x00000007d2200000, 0x00000007d2200000| Untracked 
|1315|0x00000007d2300000, 0x00000007d2300000, 0x00000007d2400000|  0%| F|  |TAMS 0x00000007d2300000, 0x00000007d2300000| Untracked 
|1316|0x00000007d2400000, 0x00000007d2400000, 0x00000007d2500000|  0%| F|  |TAMS 0x00000007d2400000, 0x00000007d2400000| Untracked 
|1317|0x00000007d2500000, 0x00000007d2500000, 0x00000007d2600000|  0%| F|  |TAMS 0x00000007d2500000, 0x00000007d2500000| Untracked 
|1318|0x00000007d2600000, 0x00000007d2600000, 0x00000007d2700000|  0%| F|  |TAMS 0x00000007d2600000, 0x00000007d2600000| Untracked 
|1319|0x00000007d2700000, 0x00000007d2700000, 0x00000007d2800000|  0%| F|  |TAMS 0x00000007d2700000, 0x00000007d2700000| Untracked 
|1320|0x00000007d2800000, 0x00000007d2800000, 0x00000007d2900000|  0%| F|  |TAMS 0x00000007d2800000, 0x00000007d2800000| Untracked 
|1321|0x00000007d2900000, 0x00000007d2900000, 0x00000007d2a00000|  0%| F|  |TAMS 0x00000007d2900000, 0x00000007d2900000| Untracked 
|1322|0x00000007d2a00000, 0x00000007d2a00000, 0x00000007d2b00000|  0%| F|  |TAMS 0x00000007d2a00000, 0x00000007d2a00000| Untracked 
|1323|0x00000007d2b00000, 0x00000007d2b00000, 0x00000007d2c00000|  0%| F|  |TAMS 0x00000007d2b00000, 0x00000007d2b00000| Untracked 
|1324|0x00000007d2c00000, 0x00000007d2c00000, 0x00000007d2d00000|  0%| F|  |TAMS 0x00000007d2c00000, 0x00000007d2c00000| Untracked 
|1325|0x00000007d2d00000, 0x00000007d2d00000, 0x00000007d2e00000|  0%| F|  |TAMS 0x00000007d2d00000, 0x00000007d2d00000| Untracked 
|1326|0x00000007d2e00000, 0x00000007d2e00000, 0x00000007d2f00000|  0%| F|  |TAMS 0x00000007d2e00000, 0x00000007d2e00000| Untracked 
|1327|0x00000007d2f00000, 0x00000007d2f00000, 0x00000007d3000000|  0%| F|  |TAMS 0x00000007d2f00000, 0x00000007d2f00000| Untracked 
|1328|0x00000007d3000000, 0x00000007d3000000, 0x00000007d3100000|  0%| F|  |TAMS 0x00000007d3000000, 0x00000007d3000000| Untracked 
|1329|0x00000007d3100000, 0x00000007d3100000, 0x00000007d3200000|  0%| F|  |TAMS 0x00000007d3100000, 0x00000007d3100000| Untracked 
|1330|0x00000007d3200000, 0x00000007d3200000, 0x00000007d3300000|  0%| F|  |TAMS 0x00000007d3200000, 0x00000007d3200000| Untracked 
|1331|0x00000007d3300000, 0x00000007d3300000, 0x00000007d3400000|  0%| F|  |TAMS 0x00000007d3300000, 0x00000007d3300000| Untracked 
|1332|0x00000007d3400000, 0x00000007d3400000, 0x00000007d3500000|  0%| F|  |TAMS 0x00000007d3400000, 0x00000007d3400000| Untracked 
|1333|0x00000007d3500000, 0x00000007d3500000, 0x00000007d3600000|  0%| F|  |TAMS 0x00000007d3500000, 0x00000007d3500000| Untracked 
|1334|0x00000007d3600000, 0x00000007d3600000, 0x00000007d3700000|  0%| F|  |TAMS 0x00000007d3600000, 0x00000007d3600000| Untracked 
|1335|0x00000007d3700000, 0x00000007d3700000, 0x00000007d3800000|  0%| F|  |TAMS 0x00000007d3700000, 0x00000007d3700000| Untracked 
|1336|0x00000007d3800000, 0x00000007d3800000, 0x00000007d3900000|  0%| F|  |TAMS 0x00000007d3800000, 0x00000007d3800000| Untracked 
|1337|0x00000007d3900000, 0x00000007d3900000, 0x00000007d3a00000|  0%| F|  |TAMS 0x00000007d3900000, 0x00000007d3900000| Untracked 
|1338|0x00000007d3a00000, 0x00000007d3a00000, 0x00000007d3b00000|  0%| F|  |TAMS 0x00000007d3a00000, 0x00000007d3a00000| Untracked 
|1339|0x00000007d3b00000, 0x00000007d3b00000, 0x00000007d3c00000|  0%| F|  |TAMS 0x00000007d3b00000, 0x00000007d3b00000| Untracked 
|1340|0x00000007d3c00000, 0x00000007d3c00000, 0x00000007d3d00000|  0%| F|  |TAMS 0x00000007d3c00000, 0x00000007d3c00000| Untracked 
|1341|0x00000007d3d00000, 0x00000007d3d00000, 0x00000007d3e00000|  0%| F|  |TAMS 0x00000007d3d00000, 0x00000007d3d00000| Untracked 
|1342|0x00000007d3e00000, 0x00000007d3e00000, 0x00000007d3f00000|  0%| F|  |TAMS 0x00000007d3e00000, 0x00000007d3e00000| Untracked 
|1343|0x00000007d3f00000, 0x00000007d3f00000, 0x00000007d4000000|  0%| F|  |TAMS 0x00000007d3f00000, 0x00000007d3f00000| Untracked 
|1344|0x00000007d4000000, 0x00000007d4000000, 0x00000007d4100000|  0%| F|  |TAMS 0x00000007d4000000, 0x00000007d4000000| Untracked 
|1345|0x00000007d4100000, 0x00000007d4100000, 0x00000007d4200000|  0%| F|  |TAMS 0x00000007d4100000, 0x00000007d4100000| Untracked 
|1346|0x00000007d4200000, 0x00000007d4200000, 0x00000007d4300000|  0%| F|  |TAMS 0x00000007d4200000, 0x00000007d4200000| Untracked 
|1347|0x00000007d4300000, 0x00000007d4300000, 0x00000007d4400000|  0%| F|  |TAMS 0x00000007d4300000, 0x00000007d4300000| Untracked 
|1348|0x00000007d4400000, 0x00000007d4400000, 0x00000007d4500000|  0%| F|  |TAMS 0x00000007d4400000, 0x00000007d4400000| Untracked 
|1349|0x00000007d4500000, 0x00000007d4500000, 0x00000007d4600000|  0%| F|  |TAMS 0x00000007d4500000, 0x00000007d4500000| Untracked 
|1350|0x00000007d4600000, 0x00000007d4600000, 0x00000007d4700000|  0%| F|  |TAMS 0x00000007d4600000, 0x00000007d4600000| Untracked 
|1351|0x00000007d4700000, 0x00000007d4700000, 0x00000007d4800000|  0%| F|  |TAMS 0x00000007d4700000, 0x00000007d4700000| Untracked 
|1352|0x00000007d4800000, 0x00000007d4800000, 0x00000007d4900000|  0%| F|  |TAMS 0x00000007d4800000, 0x00000007d4800000| Untracked 
|1353|0x00000007d4900000, 0x00000007d4900000, 0x00000007d4a00000|  0%| F|  |TAMS 0x00000007d4900000, 0x00000007d4900000| Untracked 
|1354|0x00000007d4a00000, 0x00000007d4a00000, 0x00000007d4b00000|  0%| F|  |TAMS 0x00000007d4a00000, 0x00000007d4a00000| Untracked 
|1355|0x00000007d4b00000, 0x00000007d4b00000, 0x00000007d4c00000|  0%| F|  |TAMS 0x00000007d4b00000, 0x00000007d4b00000| Untracked 
|1356|0x00000007d4c00000, 0x00000007d4c00000, 0x00000007d4d00000|  0%| F|  |TAMS 0x00000007d4c00000, 0x00000007d4c00000| Untracked 
|1357|0x00000007d4d00000, 0x00000007d4d00000, 0x00000007d4e00000|  0%| F|  |TAMS 0x00000007d4d00000, 0x00000007d4d00000| Untracked 
|1358|0x00000007d4e00000, 0x00000007d4e00000, 0x00000007d4f00000|  0%| F|  |TAMS 0x00000007d4e00000, 0x00000007d4e00000| Untracked 
|1359|0x00000007d4f00000, 0x00000007d4f00000, 0x00000007d5000000|  0%| F|  |TAMS 0x00000007d4f00000, 0x00000007d4f00000| Untracked 
|1360|0x00000007d5000000, 0x00000007d5000000, 0x00000007d5100000|  0%| F|  |TAMS 0x00000007d5000000, 0x00000007d5000000| Untracked 
|1361|0x00000007d5100000, 0x00000007d5100000, 0x00000007d5200000|  0%| F|  |TAMS 0x00000007d5100000, 0x00000007d5100000| Untracked 
|1362|0x00000007d5200000, 0x00000007d5200000, 0x00000007d5300000|  0%| F|  |TAMS 0x00000007d5200000, 0x00000007d5200000| Untracked 
|1363|0x00000007d5300000, 0x00000007d5300000, 0x00000007d5400000|  0%| F|  |TAMS 0x00000007d5300000, 0x00000007d5300000| Untracked 
|1364|0x00000007d5400000, 0x00000007d5400000, 0x00000007d5500000|  0%| F|  |TAMS 0x00000007d5400000, 0x00000007d5400000| Untracked 
|1365|0x00000007d5500000, 0x00000007d5500000, 0x00000007d5600000|  0%| F|  |TAMS 0x00000007d5500000, 0x00000007d5500000| Untracked 
|1366|0x00000007d5600000, 0x00000007d5600000, 0x00000007d5700000|  0%| F|  |TAMS 0x00000007d5600000, 0x00000007d5600000| Untracked 
|1367|0x00000007d5700000, 0x00000007d5700000, 0x00000007d5800000|  0%| F|  |TAMS 0x00000007d5700000, 0x00000007d5700000| Untracked 
|1368|0x00000007d5800000, 0x00000007d5800000, 0x00000007d5900000|  0%| F|  |TAMS 0x00000007d5800000, 0x00000007d5800000| Untracked 
|1369|0x00000007d5900000, 0x00000007d5900000, 0x00000007d5a00000|  0%| F|  |TAMS 0x00000007d5900000, 0x00000007d5900000| Untracked 
|1370|0x00000007d5a00000, 0x00000007d5a00000, 0x00000007d5b00000|  0%| F|  |TAMS 0x00000007d5a00000, 0x00000007d5a00000| Untracked 
|1371|0x00000007d5b00000, 0x00000007d5b00000, 0x00000007d5c00000|  0%| F|  |TAMS 0x00000007d5b00000, 0x00000007d5b00000| Untracked 
|1372|0x00000007d5c00000, 0x00000007d5c00000, 0x00000007d5d00000|  0%| F|  |TAMS 0x00000007d5c00000, 0x00000007d5c00000| Untracked 
|1373|0x00000007d5d00000, 0x00000007d5d00000, 0x00000007d5e00000|  0%| F|  |TAMS 0x00000007d5d00000, 0x00000007d5d00000| Untracked 
|1374|0x00000007d5e00000, 0x00000007d5e00000, 0x00000007d5f00000|  0%| F|  |TAMS 0x00000007d5e00000, 0x00000007d5e00000| Untracked 
|1375|0x00000007d5f00000, 0x00000007d5f00000, 0x00000007d6000000|  0%| F|  |TAMS 0x00000007d5f00000, 0x00000007d5f00000| Untracked 
|1376|0x00000007d6000000, 0x00000007d6000000, 0x00000007d6100000|  0%| F|  |TAMS 0x00000007d6000000, 0x00000007d6000000| Untracked 
|1377|0x00000007d6100000, 0x00000007d6100000, 0x00000007d6200000|  0%| F|  |TAMS 0x00000007d6100000, 0x00000007d6100000| Untracked 
|1378|0x00000007d6200000, 0x00000007d6200000, 0x00000007d6300000|  0%| F|  |TAMS 0x00000007d6200000, 0x00000007d6200000| Untracked 
|1379|0x00000007d6300000, 0x00000007d6300000, 0x00000007d6400000|  0%| F|  |TAMS 0x00000007d6300000, 0x00000007d6300000| Untracked 
|1380|0x00000007d6400000, 0x00000007d6400000, 0x00000007d6500000|  0%| F|  |TAMS 0x00000007d6400000, 0x00000007d6400000| Untracked 
|1381|0x00000007d6500000, 0x00000007d6500000, 0x00000007d6600000|  0%| F|  |TAMS 0x00000007d6500000, 0x00000007d6500000| Untracked 
|1382|0x00000007d6600000, 0x00000007d6600000, 0x00000007d6700000|  0%| F|  |TAMS 0x00000007d6600000, 0x00000007d6600000| Untracked 
|1383|0x00000007d6700000, 0x00000007d6700000, 0x00000007d6800000|  0%| F|  |TAMS 0x00000007d6700000, 0x00000007d6700000| Untracked 
|1384|0x00000007d6800000, 0x00000007d6800000, 0x00000007d6900000|  0%| F|  |TAMS 0x00000007d6800000, 0x00000007d6800000| Untracked 
|1385|0x00000007d6900000, 0x00000007d6900000, 0x00000007d6a00000|  0%| F|  |TAMS 0x00000007d6900000, 0x00000007d6900000| Untracked 
|1386|0x00000007d6a00000, 0x00000007d6a00000, 0x00000007d6b00000|  0%| F|  |TAMS 0x00000007d6a00000, 0x00000007d6a00000| Untracked 
|1387|0x00000007d6b00000, 0x00000007d6b00000, 0x00000007d6c00000|  0%| F|  |TAMS 0x00000007d6b00000, 0x00000007d6b00000| Untracked 
|1388|0x00000007d6c00000, 0x00000007d6c00000, 0x00000007d6d00000|  0%| F|  |TAMS 0x00000007d6c00000, 0x00000007d6c00000| Untracked 
|1389|0x00000007d6d00000, 0x00000007d6d00000, 0x00000007d6e00000|  0%| F|  |TAMS 0x00000007d6d00000, 0x00000007d6d00000| Untracked 
|1390|0x00000007d6e00000, 0x00000007d6e00000, 0x00000007d6f00000|  0%| F|  |TAMS 0x00000007d6e00000, 0x00000007d6e00000| Untracked 
|1391|0x00000007d6f00000, 0x00000007d6f00000, 0x00000007d7000000|  0%| F|  |TAMS 0x00000007d6f00000, 0x00000007d6f00000| Untracked 
|1392|0x00000007d7000000, 0x00000007d7000000, 0x00000007d7100000|  0%| F|  |TAMS 0x00000007d7000000, 0x00000007d7000000| Untracked 
|1393|0x00000007d7100000, 0x00000007d7100000, 0x00000007d7200000|  0%| F|  |TAMS 0x00000007d7100000, 0x00000007d7100000| Untracked 
|1394|0x00000007d7200000, 0x00000007d7200000, 0x00000007d7300000|  0%| F|  |TAMS 0x00000007d7200000, 0x00000007d7200000| Untracked 
|1395|0x00000007d7300000, 0x00000007d7300000, 0x00000007d7400000|  0%| F|  |TAMS 0x00000007d7300000, 0x00000007d7300000| Untracked 
|1396|0x00000007d7400000, 0x00000007d7400000, 0x00000007d7500000|  0%| F|  |TAMS 0x00000007d7400000, 0x00000007d7400000| Untracked 
|1397|0x00000007d7500000, 0x00000007d7500000, 0x00000007d7600000|  0%| F|  |TAMS 0x00000007d7500000, 0x00000007d7500000| Untracked 
|1398|0x00000007d7600000, 0x00000007d7600000, 0x00000007d7700000|  0%| F|  |TAMS 0x00000007d7600000, 0x00000007d7600000| Untracked 
|1399|0x00000007d7700000, 0x00000007d7700000, 0x00000007d7800000|  0%| F|  |TAMS 0x00000007d7700000, 0x00000007d7700000| Untracked 
|1400|0x00000007d7800000, 0x00000007d7800000, 0x00000007d7900000|  0%| F|  |TAMS 0x00000007d7800000, 0x00000007d7800000| Untracked 
|1401|0x00000007d7900000, 0x00000007d7900000, 0x00000007d7a00000|  0%| F|  |TAMS 0x00000007d7900000, 0x00000007d7900000| Untracked 
|1402|0x00000007d7a00000, 0x00000007d7a00000, 0x00000007d7b00000|  0%| F|  |TAMS 0x00000007d7a00000, 0x00000007d7a00000| Untracked 
|1403|0x00000007d7b00000, 0x00000007d7b00000, 0x00000007d7c00000|  0%| F|  |TAMS 0x00000007d7b00000, 0x00000007d7b00000| Untracked 
|1404|0x00000007d7c00000, 0x00000007d7c00000, 0x00000007d7d00000|  0%| F|  |TAMS 0x00000007d7c00000, 0x00000007d7c00000| Untracked 
|1405|0x00000007d7d00000, 0x00000007d7d00000, 0x00000007d7e00000|  0%| F|  |TAMS 0x00000007d7d00000, 0x00000007d7d00000| Untracked 
|1406|0x00000007d7e00000, 0x00000007d7e00000, 0x00000007d7f00000|  0%| F|  |TAMS 0x00000007d7e00000, 0x00000007d7e00000| Untracked 
|1407|0x00000007d7f00000, 0x00000007d7f00000, 0x00000007d8000000|  0%| F|  |TAMS 0x00000007d7f00000, 0x00000007d7f00000| Untracked 
|1408|0x00000007d8000000, 0x00000007d8000000, 0x00000007d8100000|  0%| F|  |TAMS 0x00000007d8000000, 0x00000007d8000000| Untracked 
|1409|0x00000007d8100000, 0x00000007d8100000, 0x00000007d8200000|  0%| F|  |TAMS 0x00000007d8100000, 0x00000007d8100000| Untracked 
|1410|0x00000007d8200000, 0x00000007d8200000, 0x00000007d8300000|  0%| F|  |TAMS 0x00000007d8200000, 0x00000007d8200000| Untracked 
|1411|0x00000007d8300000, 0x00000007d8300000, 0x00000007d8400000|  0%| F|  |TAMS 0x00000007d8300000, 0x00000007d8300000| Untracked 
|1412|0x00000007d8400000, 0x00000007d8400000, 0x00000007d8500000|  0%| F|  |TAMS 0x00000007d8400000, 0x00000007d8400000| Untracked 
|1413|0x00000007d8500000, 0x00000007d8500c18, 0x00000007d8600000|  0%| E|  |TAMS 0x00000007d8500000, 0x00000007d8500000| Complete 
|1414|0x00000007d8600000, 0x00000007d8700000, 0x00000007d8700000|100%| E|CS|TAMS 0x00000007d8600000, 0x00000007d8600000| Complete 
|1415|0x00000007d8700000, 0x00000007d87ffe70, 0x00000007d8800000| 99%| E|  |TAMS 0x00000007d8700000, 0x00000007d8700000| Complete 
|1416|0x00000007d8800000, 0x00000007d8900000, 0x00000007d8900000|100%| E|CS|TAMS 0x00000007d8800000, 0x00000007d8800000| Complete 
|1417|0x00000007d8900000, 0x00000007d8a00000, 0x00000007d8a00000|100%| E|CS|TAMS 0x00000007d8900000, 0x00000007d8900000| Complete 
|1418|0x00000007d8a00000, 0x00000007d8b00000, 0x00000007d8b00000|100%| E|CS|TAMS 0x00000007d8a00000, 0x00000007d8a00000| Complete 
|1419|0x00000007d8b00000, 0x00000007d8c00000, 0x00000007d8c00000|100%| E|CS|TAMS 0x00000007d8b00000, 0x00000007d8b00000| Complete 
|1420|0x00000007d8c00000, 0x00000007d8d00000, 0x00000007d8d00000|100%| E|CS|TAMS 0x00000007d8c00000, 0x00000007d8c00000| Complete 
|1421|0x00000007d8d00000, 0x00000007d8e00000, 0x00000007d8e00000|100%| E|CS|TAMS 0x00000007d8d00000, 0x00000007d8d00000| Complete 
|1422|0x00000007d8e00000, 0x00000007d8f00000, 0x00000007d8f00000|100%| E|CS|TAMS 0x00000007d8e00000, 0x00000007d8e00000| Complete 
|1423|0x00000007d8f00000, 0x00000007d9000000, 0x00000007d9000000|100%| E|CS|TAMS 0x00000007d8f00000, 0x00000007d8f00000| Complete 
|1424|0x00000007d9000000, 0x00000007d9100000, 0x00000007d9100000|100%| E|CS|TAMS 0x00000007d9000000, 0x00000007d9000000| Complete 
|1425|0x00000007d9100000, 0x00000007d9200000, 0x00000007d9200000|100%| E|CS|TAMS 0x00000007d9100000, 0x00000007d9100000| Complete 
|1426|0x00000007d9200000, 0x00000007d9300000, 0x00000007d9300000|100%| E|CS|TAMS 0x00000007d9200000, 0x00000007d9200000| Complete 
|1427|0x00000007d9300000, 0x00000007d9400000, 0x00000007d9400000|100%| E|CS|TAMS 0x00000007d9300000, 0x00000007d9300000| Complete 
|1428|0x00000007d9400000, 0x00000007d9500000, 0x00000007d9500000|100%| E|CS|TAMS 0x00000007d9400000, 0x00000007d9400000| Complete 
|1429|0x00000007d9500000, 0x00000007d9600000, 0x00000007d9600000|100%| E|CS|TAMS 0x00000007d9500000, 0x00000007d9500000| Complete 
|1430|0x00000007d9600000, 0x00000007d9700000, 0x00000007d9700000|100%| E|CS|TAMS 0x00000007d9600000, 0x00000007d9600000| Complete 
|1431|0x00000007d9700000, 0x00000007d9800000, 0x00000007d9800000|100%| E|CS|TAMS 0x00000007d9700000, 0x00000007d9700000| Complete 
|1432|0x00000007d9800000, 0x00000007d9900000, 0x00000007d9900000|100%| E|CS|TAMS 0x00000007d9800000, 0x00000007d9800000| Complete 
|1433|0x00000007d9900000, 0x00000007d9a00000, 0x00000007d9a00000|100%| E|CS|TAMS 0x00000007d9900000, 0x00000007d9900000| Complete 
|1434|0x00000007d9a00000, 0x00000007d9b00000, 0x00000007d9b00000|100%| E|CS|TAMS 0x00000007d9a00000, 0x00000007d9a00000| Complete 
|1435|0x00000007d9b00000, 0x00000007d9c00000, 0x00000007d9c00000|100%| E|CS|TAMS 0x00000007d9b00000, 0x00000007d9b00000| Complete 
|1436|0x00000007d9c00000, 0x00000007d9d00000, 0x00000007d9d00000|100%| E|CS|TAMS 0x00000007d9c00000, 0x00000007d9c00000| Complete 
|1437|0x00000007d9d00000, 0x00000007d9e00000, 0x00000007d9e00000|100%| E|CS|TAMS 0x00000007d9d00000, 0x00000007d9d00000| Complete 
|1438|0x00000007d9e00000, 0x00000007d9f00000, 0x00000007d9f00000|100%| E|CS|TAMS 0x00000007d9e00000, 0x00000007d9e00000| Complete 
|1439|0x00000007d9f00000, 0x00000007da000000, 0x00000007da000000|100%| E|CS|TAMS 0x00000007d9f00000, 0x00000007d9f00000| Complete 
|1440|0x00000007da000000, 0x00000007da100000, 0x00000007da100000|100%| E|CS|TAMS 0x00000007da000000, 0x00000007da000000| Complete 
|1441|0x00000007da100000, 0x00000007da200000, 0x00000007da200000|100%| E|CS|TAMS 0x00000007da100000, 0x00000007da100000| Complete 
|1442|0x00000007da200000, 0x00000007da300000, 0x00000007da300000|100%| E|CS|TAMS 0x00000007da200000, 0x00000007da200000| Complete 
|1443|0x00000007da300000, 0x00000007da400000, 0x00000007da400000|100%| E|CS|TAMS 0x00000007da300000, 0x00000007da300000| Complete 
|1444|0x00000007da400000, 0x00000007da500000, 0x00000007da500000|100%| E|CS|TAMS 0x00000007da400000, 0x00000007da400000| Complete 
|1445|0x00000007da500000, 0x00000007da600000, 0x00000007da600000|100%| E|CS|TAMS 0x00000007da500000, 0x00000007da500000| Complete 
|1446|0x00000007da600000, 0x00000007da700000, 0x00000007da700000|100%| E|CS|TAMS 0x00000007da600000, 0x00000007da600000| Complete 
|1447|0x00000007da700000, 0x00000007da800000, 0x00000007da800000|100%| E|CS|TAMS 0x00000007da700000, 0x00000007da700000| Complete 
|1448|0x00000007da800000, 0x00000007da900000, 0x00000007da900000|100%| E|CS|TAMS 0x00000007da800000, 0x00000007da800000| Complete 
|1449|0x00000007da900000, 0x00000007daa00000, 0x00000007daa00000|100%| E|CS|TAMS 0x00000007da900000, 0x00000007da900000| Complete 
|1450|0x00000007daa00000, 0x00000007dab00000, 0x00000007dab00000|100%| E|CS|TAMS 0x00000007daa00000, 0x00000007daa00000| Complete 
|1451|0x00000007dab00000, 0x00000007dac00000, 0x00000007dac00000|100%| E|CS|TAMS 0x00000007dab00000, 0x00000007dab00000| Complete 
|1452|0x00000007dac00000, 0x00000007dad00000, 0x00000007dad00000|100%| E|CS|TAMS 0x00000007dac00000, 0x00000007dac00000| Complete 
|1453|0x00000007dad00000, 0x00000007dae00000, 0x00000007dae00000|100%| E|CS|TAMS 0x00000007dad00000, 0x00000007dad00000| Complete 
|1454|0x00000007dae00000, 0x00000007daf00000, 0x00000007daf00000|100%| E|CS|TAMS 0x00000007dae00000, 0x00000007dae00000| Complete 
|1455|0x00000007daf00000, 0x00000007db000000, 0x00000007db000000|100%| E|CS|TAMS 0x00000007daf00000, 0x00000007daf00000| Complete 
|1456|0x00000007db000000, 0x00000007db100000, 0x00000007db100000|100%| E|CS|TAMS 0x00000007db000000, 0x00000007db000000| Complete 
|1457|0x00000007db100000, 0x00000007db200000, 0x00000007db200000|100%| E|CS|TAMS 0x00000007db100000, 0x00000007db100000| Complete 
|1458|0x00000007db200000, 0x00000007db300000, 0x00000007db300000|100%| E|CS|TAMS 0x00000007db200000, 0x00000007db200000| Complete 
|1459|0x00000007db300000, 0x00000007db400000, 0x00000007db400000|100%| E|CS|TAMS 0x00000007db300000, 0x00000007db300000| Complete 
|1460|0x00000007db400000, 0x00000007db500000, 0x00000007db500000|100%| E|CS|TAMS 0x00000007db400000, 0x00000007db400000| Complete 
|1461|0x00000007db500000, 0x00000007db600000, 0x00000007db600000|100%| E|CS|TAMS 0x00000007db500000, 0x00000007db500000| Complete 
|1462|0x00000007db600000, 0x00000007db700000, 0x00000007db700000|100%| E|CS|TAMS 0x00000007db600000, 0x00000007db600000| Complete 
|1463|0x00000007db700000, 0x00000007db800000, 0x00000007db800000|100%| E|CS|TAMS 0x00000007db700000, 0x00000007db700000| Complete 
|1464|0x00000007db800000, 0x00000007db900000, 0x00000007db900000|100%| E|CS|TAMS 0x00000007db800000, 0x00000007db800000| Complete 
|1465|0x00000007db900000, 0x00000007dba00000, 0x00000007dba00000|100%| E|CS|TAMS 0x00000007db900000, 0x00000007db900000| Complete 
|1466|0x00000007dba00000, 0x00000007dbb00000, 0x00000007dbb00000|100%| E|CS|TAMS 0x00000007dba00000, 0x00000007dba00000| Complete 
|1467|0x00000007dbb00000, 0x00000007dbc00000, 0x00000007dbc00000|100%| E|CS|TAMS 0x00000007dbb00000, 0x00000007dbb00000| Complete 
|1468|0x00000007dbc00000, 0x00000007dbd00000, 0x00000007dbd00000|100%| E|CS|TAMS 0x00000007dbc00000, 0x00000007dbc00000| Complete 
|1469|0x00000007dbd00000, 0x00000007dbe00000, 0x00000007dbe00000|100%| E|CS|TAMS 0x00000007dbd00000, 0x00000007dbd00000| Complete 
|1470|0x00000007dbe00000, 0x00000007dbf00000, 0x00000007dbf00000|100%| E|CS|TAMS 0x00000007dbe00000, 0x00000007dbe00000| Complete 
|1471|0x00000007dbf00000, 0x00000007dc000000, 0x00000007dc000000|100%| E|CS|TAMS 0x00000007dbf00000, 0x00000007dbf00000| Complete 
|1472|0x00000007dc000000, 0x00000007dc100000, 0x00000007dc100000|100%| E|CS|TAMS 0x00000007dc000000, 0x00000007dc000000| Complete 
|1473|0x00000007dc100000, 0x00000007dc200000, 0x00000007dc200000|100%| E|CS|TAMS 0x00000007dc100000, 0x00000007dc100000| Complete 
|1474|0x00000007dc200000, 0x00000007dc300000, 0x00000007dc300000|100%| E|CS|TAMS 0x00000007dc200000, 0x00000007dc200000| Complete 
|1475|0x00000007dc300000, 0x00000007dc400000, 0x00000007dc400000|100%| E|CS|TAMS 0x00000007dc300000, 0x00000007dc300000| Complete 
|1476|0x00000007dc400000, 0x00000007dc500000, 0x00000007dc500000|100%| E|CS|TAMS 0x00000007dc400000, 0x00000007dc400000| Complete 
|1477|0x00000007dc500000, 0x00000007dc600000, 0x00000007dc600000|100%| E|CS|TAMS 0x00000007dc500000, 0x00000007dc500000| Complete 
|1478|0x00000007dc600000, 0x00000007dc700000, 0x00000007dc700000|100%| E|CS|TAMS 0x00000007dc600000, 0x00000007dc600000| Complete 
|1479|0x00000007dc700000, 0x00000007dc800000, 0x00000007dc800000|100%| E|CS|TAMS 0x00000007dc700000, 0x00000007dc700000| Complete 
|1480|0x00000007dc800000, 0x00000007dc900000, 0x00000007dc900000|100%| E|CS|TAMS 0x00000007dc800000, 0x00000007dc800000| Complete 
|1481|0x00000007dc900000, 0x00000007dca00000, 0x00000007dca00000|100%| E|CS|TAMS 0x00000007dc900000, 0x00000007dc900000| Complete 
|1482|0x00000007dca00000, 0x00000007dcb00000, 0x00000007dcb00000|100%| E|CS|TAMS 0x00000007dca00000, 0x00000007dca00000| Complete 
|1483|0x00000007dcb00000, 0x00000007dcc00000, 0x00000007dcc00000|100%| E|CS|TAMS 0x00000007dcb00000, 0x00000007dcb00000| Complete 
|1484|0x00000007dcc00000, 0x00000007dcd00000, 0x00000007dcd00000|100%| E|CS|TAMS 0x00000007dcc00000, 0x00000007dcc00000| Complete 
|1485|0x00000007dcd00000, 0x00000007dce00000, 0x00000007dce00000|100%| E|CS|TAMS 0x00000007dcd00000, 0x00000007dcd00000| Complete 
|1486|0x00000007dce00000, 0x00000007dcf00000, 0x00000007dcf00000|100%| E|CS|TAMS 0x00000007dce00000, 0x00000007dce00000| Complete 
|1487|0x00000007dcf00000, 0x00000007dd000000, 0x00000007dd000000|100%| E|CS|TAMS 0x00000007dcf00000, 0x00000007dcf00000| Complete 
|1488|0x00000007dd000000, 0x00000007dd100000, 0x00000007dd100000|100%| E|CS|TAMS 0x00000007dd000000, 0x00000007dd000000| Complete 
|1489|0x00000007dd100000, 0x00000007dd200000, 0x00000007dd200000|100%| E|CS|TAMS 0x00000007dd100000, 0x00000007dd100000| Complete 
|1490|0x00000007dd200000, 0x00000007dd300000, 0x00000007dd300000|100%| E|CS|TAMS 0x00000007dd200000, 0x00000007dd200000| Complete 
|1491|0x00000007dd300000, 0x00000007dd400000, 0x00000007dd400000|100%| E|CS|TAMS 0x00000007dd300000, 0x00000007dd300000| Complete 
|1492|0x00000007dd400000, 0x00000007dd500000, 0x00000007dd500000|100%| E|CS|TAMS 0x00000007dd400000, 0x00000007dd400000| Complete 
|1493|0x00000007dd500000, 0x00000007dd600000, 0x00000007dd600000|100%| E|CS|TAMS 0x00000007dd500000, 0x00000007dd500000| Complete 
|1494|0x00000007dd600000, 0x00000007dd700000, 0x00000007dd700000|100%| E|CS|TAMS 0x00000007dd600000, 0x00000007dd600000| Complete 
|1495|0x00000007dd700000, 0x00000007dd800000, 0x00000007dd800000|100%| E|CS|TAMS 0x00000007dd700000, 0x00000007dd700000| Complete 
|1496|0x00000007dd800000, 0x00000007dd900000, 0x00000007dd900000|100%| E|CS|TAMS 0x00000007dd800000, 0x00000007dd800000| Complete 
|1497|0x00000007dd900000, 0x00000007dda00000, 0x00000007dda00000|100%| E|CS|TAMS 0x00000007dd900000, 0x00000007dd900000| Complete 
|1498|0x00000007dda00000, 0x00000007ddb00000, 0x00000007ddb00000|100%| E|CS|TAMS 0x00000007dda00000, 0x00000007dda00000| Complete 
|1499|0x00000007ddb00000, 0x00000007ddc00000, 0x00000007ddc00000|100%| E|CS|TAMS 0x00000007ddb00000, 0x00000007ddb00000| Complete 
|1500|0x00000007ddc00000, 0x00000007ddd00000, 0x00000007ddd00000|100%| E|CS|TAMS 0x00000007ddc00000, 0x00000007ddc00000| Complete 
|1501|0x00000007ddd00000, 0x00000007dde00000, 0x00000007dde00000|100%| E|CS|TAMS 0x00000007ddd00000, 0x00000007ddd00000| Complete 
|1502|0x00000007dde00000, 0x00000007ddf00000, 0x00000007ddf00000|100%| E|CS|TAMS 0x00000007dde00000, 0x00000007dde00000| Complete 
|1503|0x00000007ddf00000, 0x00000007de000000, 0x00000007de000000|100%| E|CS|TAMS 0x00000007ddf00000, 0x00000007ddf00000| Complete 
|1504|0x00000007de000000, 0x00000007de100000, 0x00000007de100000|100%| E|CS|TAMS 0x00000007de000000, 0x00000007de000000| Complete 
|1505|0x00000007de100000, 0x00000007de200000, 0x00000007de200000|100%| E|CS|TAMS 0x00000007de100000, 0x00000007de100000| Complete 
|1506|0x00000007de200000, 0x00000007de300000, 0x00000007de300000|100%| E|CS|TAMS 0x00000007de200000, 0x00000007de200000| Complete 
|1507|0x00000007de300000, 0x00000007de400000, 0x00000007de400000|100%| E|CS|TAMS 0x00000007de300000, 0x00000007de300000| Complete 
|1508|0x00000007de400000, 0x00000007de500000, 0x00000007de500000|100%| E|CS|TAMS 0x00000007de400000, 0x00000007de400000| Complete 
|1509|0x00000007de500000, 0x00000007de600000, 0x00000007de600000|100%| E|CS|TAMS 0x00000007de500000, 0x00000007de500000| Complete 
|1510|0x00000007de600000, 0x00000007de700000, 0x00000007de700000|100%| E|CS|TAMS 0x00000007de600000, 0x00000007de600000| Complete 
|1511|0x00000007de700000, 0x00000007de800000, 0x00000007de800000|100%| E|CS|TAMS 0x00000007de700000, 0x00000007de700000| Complete 
|1512|0x00000007de800000, 0x00000007de900000, 0x00000007de900000|100%| E|CS|TAMS 0x00000007de800000, 0x00000007de800000| Complete 
|1513|0x00000007de900000, 0x00000007dea00000, 0x00000007dea00000|100%| E|CS|TAMS 0x00000007de900000, 0x00000007de900000| Complete 
|1514|0x00000007dea00000, 0x00000007deb00000, 0x00000007deb00000|100%| E|CS|TAMS 0x00000007dea00000, 0x00000007dea00000| Complete 
|1515|0x00000007deb00000, 0x00000007dec00000, 0x00000007dec00000|100%| E|CS|TAMS 0x00000007deb00000, 0x00000007deb00000| Complete 
|1516|0x00000007dec00000, 0x00000007ded00000, 0x00000007ded00000|100%| E|CS|TAMS 0x00000007dec00000, 0x00000007dec00000| Complete 
|1517|0x00000007ded00000, 0x00000007dee00000, 0x00000007dee00000|100%| E|CS|TAMS 0x00000007ded00000, 0x00000007ded00000| Complete 
|1518|0x00000007dee00000, 0x00000007def00000, 0x00000007def00000|100%| E|CS|TAMS 0x00000007dee00000, 0x00000007dee00000| Complete 
|1519|0x00000007def00000, 0x00000007df000000, 0x00000007df000000|100%| E|CS|TAMS 0x00000007def00000, 0x00000007def00000| Complete 
|1520|0x00000007df000000, 0x00000007df100000, 0x00000007df100000|100%| E|CS|TAMS 0x00000007df000000, 0x00000007df000000| Complete 
|1521|0x00000007df100000, 0x00000007df200000, 0x00000007df200000|100%| E|CS|TAMS 0x00000007df100000, 0x00000007df100000| Complete 
|1522|0x00000007df200000, 0x00000007df300000, 0x00000007df300000|100%| E|CS|TAMS 0x00000007df200000, 0x00000007df200000| Complete 
|1523|0x00000007df300000, 0x00000007df400000, 0x00000007df400000|100%| E|CS|TAMS 0x00000007df300000, 0x00000007df300000| Complete 
|1524|0x00000007df400000, 0x00000007df500000, 0x00000007df500000|100%| E|CS|TAMS 0x00000007df400000, 0x00000007df400000| Complete 
|1525|0x00000007df500000, 0x00000007df600000, 0x00000007df600000|100%| E|CS|TAMS 0x00000007df500000, 0x00000007df500000| Complete 
|1526|0x00000007df600000, 0x00000007df700000, 0x00000007df700000|100%| E|CS|TAMS 0x00000007df600000, 0x00000007df600000| Complete 
|1527|0x00000007df700000, 0x00000007df800000, 0x00000007df800000|100%| E|CS|TAMS 0x00000007df700000, 0x00000007df700000| Complete 
|1528|0x00000007df800000, 0x00000007df900000, 0x00000007df900000|100%| E|CS|TAMS 0x00000007df800000, 0x00000007df800000| Complete 
|1529|0x00000007df900000, 0x00000007dfa00000, 0x00000007dfa00000|100%| E|CS|TAMS 0x00000007df900000, 0x00000007df900000| Complete 
|1530|0x00000007dfa00000, 0x00000007dfb00000, 0x00000007dfb00000|100%| E|CS|TAMS 0x00000007dfa00000, 0x00000007dfa00000| Complete 
|1531|0x00000007dfb00000, 0x00000007dfc00000, 0x00000007dfc00000|100%| E|CS|TAMS 0x00000007dfb00000, 0x00000007dfb00000| Complete 
|1532|0x00000007dfc00000, 0x00000007dfd00000, 0x00000007dfd00000|100%| E|CS|TAMS 0x00000007dfc00000, 0x00000007dfc00000| Complete 
|1533|0x00000007dfd00000, 0x00000007dfe00000, 0x00000007dfe00000|100%| E|CS|TAMS 0x00000007dfd00000, 0x00000007dfd00000| Complete 
|1534|0x00000007dfe00000, 0x00000007dff00000, 0x00000007dff00000|100%| E|CS|TAMS 0x00000007dfe00000, 0x00000007dfe00000| Complete 
|1535|0x00000007dff00000, 0x00000007e0000000, 0x00000007e0000000|100%| E|CS|TAMS 0x00000007dff00000, 0x00000007dff00000| Complete 
|1536|0x00000007e0000000, 0x00000007e0100000, 0x00000007e0100000|100%| E|CS|TAMS 0x00000007e0000000, 0x00000007e0000000| Complete 
|1537|0x00000007e0100000, 0x00000007e0200000, 0x00000007e0200000|100%| E|CS|TAMS 0x00000007e0100000, 0x00000007e0100000| Complete 
|1538|0x00000007e0200000, 0x00000007e0300000, 0x00000007e0300000|100%| E|CS|TAMS 0x00000007e0200000, 0x00000007e0200000| Complete 
|1539|0x00000007e0300000, 0x00000007e0400000, 0x00000007e0400000|100%| E|CS|TAMS 0x00000007e0300000, 0x00000007e0300000| Complete 
|1540|0x00000007e0400000, 0x00000007e0500000, 0x00000007e0500000|100%| E|CS|TAMS 0x00000007e0400000, 0x00000007e0400000| Complete 
|1541|0x00000007e0500000, 0x00000007e0600000, 0x00000007e0600000|100%| E|CS|TAMS 0x00000007e0500000, 0x00000007e0500000| Complete 
|1542|0x00000007e0600000, 0x00000007e0700000, 0x00000007e0700000|100%| E|CS|TAMS 0x00000007e0600000, 0x00000007e0600000| Complete 
|1543|0x00000007e0700000, 0x00000007e0800000, 0x00000007e0800000|100%| E|CS|TAMS 0x00000007e0700000, 0x00000007e0700000| Complete 
|1544|0x00000007e0800000, 0x00000007e0900000, 0x00000007e0900000|100%| E|CS|TAMS 0x00000007e0800000, 0x00000007e0800000| Complete 
|1545|0x00000007e0900000, 0x00000007e0a00000, 0x00000007e0a00000|100%| E|CS|TAMS 0x00000007e0900000, 0x00000007e0900000| Complete 
|1546|0x00000007e0a00000, 0x00000007e0b00000, 0x00000007e0b00000|100%| E|CS|TAMS 0x00000007e0a00000, 0x00000007e0a00000| Complete 
|1547|0x00000007e0b00000, 0x00000007e0c00000, 0x00000007e0c00000|100%| E|CS|TAMS 0x00000007e0b00000, 0x00000007e0b00000| Complete 
|1548|0x00000007e0c00000, 0x00000007e0d00000, 0x00000007e0d00000|100%| E|CS|TAMS 0x00000007e0c00000, 0x00000007e0c00000| Complete 
|1549|0x00000007e0d00000, 0x00000007e0e00000, 0x00000007e0e00000|100%| E|CS|TAMS 0x00000007e0d00000, 0x00000007e0d00000| Complete 
|1550|0x00000007e0e00000, 0x00000007e0f00000, 0x00000007e0f00000|100%| E|CS|TAMS 0x00000007e0e00000, 0x00000007e0e00000| Complete 
|1551|0x00000007e0f00000, 0x00000007e1000000, 0x00000007e1000000|100%| E|CS|TAMS 0x00000007e0f00000, 0x00000007e0f00000| Complete 
|1552|0x00000007e1000000, 0x00000007e1100000, 0x00000007e1100000|100%| E|CS|TAMS 0x00000007e1000000, 0x00000007e1000000| Complete 
|1553|0x00000007e1100000, 0x00000007e1200000, 0x00000007e1200000|100%| E|CS|TAMS 0x00000007e1100000, 0x00000007e1100000| Complete 
|1554|0x00000007e1200000, 0x00000007e1300000, 0x00000007e1300000|100%| E|CS|TAMS 0x00000007e1200000, 0x00000007e1200000| Complete 
|1555|0x00000007e1300000, 0x00000007e1400000, 0x00000007e1400000|100%| E|CS|TAMS 0x00000007e1300000, 0x00000007e1300000| Complete 
|1556|0x00000007e1400000, 0x00000007e1500000, 0x00000007e1500000|100%| E|CS|TAMS 0x00000007e1400000, 0x00000007e1400000| Complete 
|1557|0x00000007e1500000, 0x00000007e1600000, 0x00000007e1600000|100%| E|CS|TAMS 0x00000007e1500000, 0x00000007e1500000| Complete 
|1558|0x00000007e1600000, 0x00000007e1700000, 0x00000007e1700000|100%| E|CS|TAMS 0x00000007e1600000, 0x00000007e1600000| Complete 
|1559|0x00000007e1700000, 0x00000007e1800000, 0x00000007e1800000|100%| E|CS|TAMS 0x00000007e1700000, 0x00000007e1700000| Complete 
|1560|0x00000007e1800000, 0x00000007e1900000, 0x00000007e1900000|100%| E|CS|TAMS 0x00000007e1800000, 0x00000007e1800000| Complete 
|1561|0x00000007e1900000, 0x00000007e1a00000, 0x00000007e1a00000|100%| E|CS|TAMS 0x00000007e1900000, 0x00000007e1900000| Complete 
|1562|0x00000007e1a00000, 0x00000007e1b00000, 0x00000007e1b00000|100%| E|CS|TAMS 0x00000007e1a00000, 0x00000007e1a00000| Complete 
|1563|0x00000007e1b00000, 0x00000007e1c00000, 0x00000007e1c00000|100%| E|CS|TAMS 0x00000007e1b00000, 0x00000007e1b00000| Complete 
|1564|0x00000007e1c00000, 0x00000007e1d00000, 0x00000007e1d00000|100%| E|CS|TAMS 0x00000007e1c00000, 0x00000007e1c00000| Complete 
|1565|0x00000007e1d00000, 0x00000007e1e00000, 0x00000007e1e00000|100%| E|CS|TAMS 0x00000007e1d00000, 0x00000007e1d00000| Complete 
|1566|0x00000007e1e00000, 0x00000007e1f00000, 0x00000007e1f00000|100%| E|CS|TAMS 0x00000007e1e00000, 0x00000007e1e00000| Complete 
|1567|0x00000007e1f00000, 0x00000007e2000000, 0x00000007e2000000|100%| E|CS|TAMS 0x00000007e1f00000, 0x00000007e1f00000| Complete 
|1568|0x00000007e2000000, 0x00000007e2100000, 0x00000007e2100000|100%| E|CS|TAMS 0x00000007e2000000, 0x00000007e2000000| Complete 
|1569|0x00000007e2100000, 0x00000007e2200000, 0x00000007e2200000|100%| E|CS|TAMS 0x00000007e2100000, 0x00000007e2100000| Complete 
|1570|0x00000007e2200000, 0x00000007e2300000, 0x00000007e2300000|100%| E|CS|TAMS 0x00000007e2200000, 0x00000007e2200000| Complete 
|1571|0x00000007e2300000, 0x00000007e2400000, 0x00000007e2400000|100%| E|CS|TAMS 0x00000007e2300000, 0x00000007e2300000| Complete 
|1572|0x00000007e2400000, 0x00000007e2500000, 0x00000007e2500000|100%| E|CS|TAMS 0x00000007e2400000, 0x00000007e2400000| Complete 
|1573|0x00000007e2500000, 0x00000007e2600000, 0x00000007e2600000|100%| E|CS|TAMS 0x00000007e2500000, 0x00000007e2500000| Complete 
|1574|0x00000007e2600000, 0x00000007e2700000, 0x00000007e2700000|100%| E|CS|TAMS 0x00000007e2600000, 0x00000007e2600000| Complete 
|1575|0x00000007e2700000, 0x00000007e2800000, 0x00000007e2800000|100%| E|CS|TAMS 0x00000007e2700000, 0x00000007e2700000| Complete 
|1576|0x00000007e2800000, 0x00000007e2900000, 0x00000007e2900000|100%| E|CS|TAMS 0x00000007e2800000, 0x00000007e2800000| Complete 
|1577|0x00000007e2900000, 0x00000007e2a00000, 0x00000007e2a00000|100%| E|CS|TAMS 0x00000007e2900000, 0x00000007e2900000| Complete 
|1578|0x00000007e2a00000, 0x00000007e2b00000, 0x00000007e2b00000|100%| E|CS|TAMS 0x00000007e2a00000, 0x00000007e2a00000| Complete 
|1579|0x00000007e2b00000, 0x00000007e2c00000, 0x00000007e2c00000|100%| E|CS|TAMS 0x00000007e2b00000, 0x00000007e2b00000| Complete 
|1580|0x00000007e2c00000, 0x00000007e2d00000, 0x00000007e2d00000|100%| E|CS|TAMS 0x00000007e2c00000, 0x00000007e2c00000| Complete 
|1581|0x00000007e2d00000, 0x00000007e2e00000, 0x00000007e2e00000|100%| E|CS|TAMS 0x00000007e2d00000, 0x00000007e2d00000| Complete 
|1582|0x00000007e2e00000, 0x00000007e2f00000, 0x00000007e2f00000|100%| E|CS|TAMS 0x00000007e2e00000, 0x00000007e2e00000| Complete 
|1583|0x00000007e2f00000, 0x00000007e3000000, 0x00000007e3000000|100%| E|CS|TAMS 0x00000007e2f00000, 0x00000007e2f00000| Complete 
|1584|0x00000007e3000000, 0x00000007e3100000, 0x00000007e3100000|100%| E|CS|TAMS 0x00000007e3000000, 0x00000007e3000000| Complete 
|1585|0x00000007e3100000, 0x00000007e3200000, 0x00000007e3200000|100%| E|CS|TAMS 0x00000007e3100000, 0x00000007e3100000| Complete 
|1586|0x00000007e3200000, 0x00000007e3300000, 0x00000007e3300000|100%| E|CS|TAMS 0x00000007e3200000, 0x00000007e3200000| Complete 
|1587|0x00000007e3300000, 0x00000007e3400000, 0x00000007e3400000|100%| E|CS|TAMS 0x00000007e3300000, 0x00000007e3300000| Complete 
|1588|0x00000007e3400000, 0x00000007e3500000, 0x00000007e3500000|100%| E|CS|TAMS 0x00000007e3400000, 0x00000007e3400000| Complete 
|1589|0x00000007e3500000, 0x00000007e3600000, 0x00000007e3600000|100%| E|CS|TAMS 0x00000007e3500000, 0x00000007e3500000| Complete 
|1590|0x00000007e3600000, 0x00000007e3700000, 0x00000007e3700000|100%| E|CS|TAMS 0x00000007e3600000, 0x00000007e3600000| Complete 
|1591|0x00000007e3700000, 0x00000007e3800000, 0x00000007e3800000|100%| E|CS|TAMS 0x00000007e3700000, 0x00000007e3700000| Complete 
|1592|0x00000007e3800000, 0x00000007e3900000, 0x00000007e3900000|100%| E|CS|TAMS 0x00000007e3800000, 0x00000007e3800000| Complete 
|1593|0x00000007e3900000, 0x00000007e3a00000, 0x00000007e3a00000|100%| E|CS|TAMS 0x00000007e3900000, 0x00000007e3900000| Complete 
|1594|0x00000007e3a00000, 0x00000007e3b00000, 0x00000007e3b00000|100%| E|CS|TAMS 0x00000007e3a00000, 0x00000007e3a00000| Complete 
|1595|0x00000007e3b00000, 0x00000007e3c00000, 0x00000007e3c00000|100%| E|CS|TAMS 0x00000007e3b00000, 0x00000007e3b00000| Complete 
|1596|0x00000007e3c00000, 0x00000007e3d00000, 0x00000007e3d00000|100%| E|CS|TAMS 0x00000007e3c00000, 0x00000007e3c00000| Complete 
|1597|0x00000007e3d00000, 0x00000007e3e00000, 0x00000007e3e00000|100%| E|CS|TAMS 0x00000007e3d00000, 0x00000007e3d00000| Complete 
|1598|0x00000007e3e00000, 0x00000007e3f00000, 0x00000007e3f00000|100%| E|CS|TAMS 0x00000007e3e00000, 0x00000007e3e00000| Complete 
|1599|0x00000007e3f00000, 0x00000007e4000000, 0x00000007e4000000|100%| E|CS|TAMS 0x00000007e3f00000, 0x00000007e3f00000| Complete 
|1600|0x00000007e4000000, 0x00000007e4100000, 0x00000007e4100000|100%| E|CS|TAMS 0x00000007e4000000, 0x00000007e4000000| Complete 
|1601|0x00000007e4100000, 0x00000007e4200000, 0x00000007e4200000|100%| E|CS|TAMS 0x00000007e4100000, 0x00000007e4100000| Complete 
|1602|0x00000007e4200000, 0x00000007e4300000, 0x00000007e4300000|100%| E|CS|TAMS 0x00000007e4200000, 0x00000007e4200000| Complete 
|1603|0x00000007e4300000, 0x00000007e4400000, 0x00000007e4400000|100%| E|CS|TAMS 0x00000007e4300000, 0x00000007e4300000| Complete 
|1604|0x00000007e4400000, 0x00000007e4500000, 0x00000007e4500000|100%| E|CS|TAMS 0x00000007e4400000, 0x00000007e4400000| Complete 
|1605|0x00000007e4500000, 0x00000007e4600000, 0x00000007e4600000|100%| E|CS|TAMS 0x00000007e4500000, 0x00000007e4500000| Complete 
|1606|0x00000007e4600000, 0x00000007e4700000, 0x00000007e4700000|100%| E|CS|TAMS 0x00000007e4600000, 0x00000007e4600000| Complete 
|1607|0x00000007e4700000, 0x00000007e4800000, 0x00000007e4800000|100%| E|CS|TAMS 0x00000007e4700000, 0x00000007e4700000| Complete 
|1608|0x00000007e4800000, 0x00000007e4900000, 0x00000007e4900000|100%| E|CS|TAMS 0x00000007e4800000, 0x00000007e4800000| Complete 
|1609|0x00000007e4900000, 0x00000007e4a00000, 0x00000007e4a00000|100%| E|CS|TAMS 0x00000007e4900000, 0x00000007e4900000| Complete 
|1610|0x00000007e4a00000, 0x00000007e4b00000, 0x00000007e4b00000|100%| E|CS|TAMS 0x00000007e4a00000, 0x00000007e4a00000| Complete 
|1611|0x00000007e4b00000, 0x00000007e4c00000, 0x00000007e4c00000|100%| E|CS|TAMS 0x00000007e4b00000, 0x00000007e4b00000| Complete 
|1612|0x00000007e4c00000, 0x00000007e4d00000, 0x00000007e4d00000|100%| E|CS|TAMS 0x00000007e4c00000, 0x00000007e4c00000| Complete 
|1613|0x00000007e4d00000, 0x00000007e4e00000, 0x00000007e4e00000|100%| E|CS|TAMS 0x00000007e4d00000, 0x00000007e4d00000| Complete 
|1614|0x00000007e4e00000, 0x00000007e4f00000, 0x00000007e4f00000|100%| E|CS|TAMS 0x00000007e4e00000, 0x00000007e4e00000| Complete 
|1615|0x00000007e4f00000, 0x00000007e5000000, 0x00000007e5000000|100%| E|CS|TAMS 0x00000007e4f00000, 0x00000007e4f00000| Complete 
|1616|0x00000007e5000000, 0x00000007e5100000, 0x00000007e5100000|100%| E|CS|TAMS 0x00000007e5000000, 0x00000007e5000000| Complete 
|1617|0x00000007e5100000, 0x00000007e5200000, 0x00000007e5200000|100%| E|CS|TAMS 0x00000007e5100000, 0x00000007e5100000| Complete 
|1618|0x00000007e5200000, 0x00000007e5300000, 0x00000007e5300000|100%| E|CS|TAMS 0x00000007e5200000, 0x00000007e5200000| Complete 
|1619|0x00000007e5300000, 0x00000007e5400000, 0x00000007e5400000|100%| E|CS|TAMS 0x00000007e5300000, 0x00000007e5300000| Complete 
|1620|0x00000007e5400000, 0x00000007e5500000, 0x00000007e5500000|100%| E|CS|TAMS 0x00000007e5400000, 0x00000007e5400000| Complete 
|1621|0x00000007e5500000, 0x00000007e5600000, 0x00000007e5600000|100%| E|CS|TAMS 0x00000007e5500000, 0x00000007e5500000| Complete 
|1622|0x00000007e5600000, 0x00000007e5700000, 0x00000007e5700000|100%| E|CS|TAMS 0x00000007e5600000, 0x00000007e5600000| Complete 
|1623|0x00000007e5700000, 0x00000007e5800000, 0x00000007e5800000|100%| E|CS|TAMS 0x00000007e5700000, 0x00000007e5700000| Complete 
|1624|0x00000007e5800000, 0x00000007e5900000, 0x00000007e5900000|100%| E|CS|TAMS 0x00000007e5800000, 0x00000007e5800000| Complete 
|1625|0x00000007e5900000, 0x00000007e5a00000, 0x00000007e5a00000|100%| E|CS|TAMS 0x00000007e5900000, 0x00000007e5900000| Complete 
|1626|0x00000007e5a00000, 0x00000007e5b00000, 0x00000007e5b00000|100%| E|CS|TAMS 0x00000007e5a00000, 0x00000007e5a00000| Complete 
|1627|0x00000007e5b00000, 0x00000007e5c00000, 0x00000007e5c00000|100%| E|CS|TAMS 0x00000007e5b00000, 0x00000007e5b00000| Complete 
|1628|0x00000007e5c00000, 0x00000007e5d00000, 0x00000007e5d00000|100%| E|CS|TAMS 0x00000007e5c00000, 0x00000007e5c00000| Complete 
|1629|0x00000007e5d00000, 0x00000007e5e00000, 0x00000007e5e00000|100%| E|CS|TAMS 0x00000007e5d00000, 0x00000007e5d00000| Complete 
|1630|0x00000007e5e00000, 0x00000007e5f00000, 0x00000007e5f00000|100%| E|CS|TAMS 0x00000007e5e00000, 0x00000007e5e00000| Complete 
|1631|0x00000007e5f00000, 0x00000007e6000000, 0x00000007e6000000|100%| E|CS|TAMS 0x00000007e5f00000, 0x00000007e5f00000| Complete 
|1632|0x00000007e6000000, 0x00000007e6100000, 0x00000007e6100000|100%| E|CS|TAMS 0x00000007e6000000, 0x00000007e6000000| Complete 
|1633|0x00000007e6100000, 0x00000007e6200000, 0x00000007e6200000|100%| E|CS|TAMS 0x00000007e6100000, 0x00000007e6100000| Complete 
|1634|0x00000007e6200000, 0x00000007e6300000, 0x00000007e6300000|100%| E|CS|TAMS 0x00000007e6200000, 0x00000007e6200000| Complete 
|1635|0x00000007e6300000, 0x00000007e6400000, 0x00000007e6400000|100%| E|CS|TAMS 0x00000007e6300000, 0x00000007e6300000| Complete 
|1636|0x00000007e6400000, 0x00000007e6500000, 0x00000007e6500000|100%| E|CS|TAMS 0x00000007e6400000, 0x00000007e6400000| Complete 
|1637|0x00000007e6500000, 0x00000007e6600000, 0x00000007e6600000|100%| E|CS|TAMS 0x00000007e6500000, 0x00000007e6500000| Complete 
|1638|0x00000007e6600000, 0x00000007e6700000, 0x00000007e6700000|100%| E|CS|TAMS 0x00000007e6600000, 0x00000007e6600000| Complete 
|1639|0x00000007e6700000, 0x00000007e6800000, 0x00000007e6800000|100%| E|CS|TAMS 0x00000007e6700000, 0x00000007e6700000| Complete 
|1640|0x00000007e6800000, 0x00000007e6900000, 0x00000007e6900000|100%| E|CS|TAMS 0x00000007e6800000, 0x00000007e6800000| Complete 
|1641|0x00000007e6900000, 0x00000007e6a00000, 0x00000007e6a00000|100%| E|CS|TAMS 0x00000007e6900000, 0x00000007e6900000| Complete 
|1642|0x00000007e6a00000, 0x00000007e6b00000, 0x00000007e6b00000|100%| E|CS|TAMS 0x00000007e6a00000, 0x00000007e6a00000| Complete 
|1643|0x00000007e6b00000, 0x00000007e6c00000, 0x00000007e6c00000|100%| E|CS|TAMS 0x00000007e6b00000, 0x00000007e6b00000| Complete 
|1644|0x00000007e6c00000, 0x00000007e6d00000, 0x00000007e6d00000|100%| E|CS|TAMS 0x00000007e6c00000, 0x00000007e6c00000| Complete 
|1645|0x00000007e6d00000, 0x00000007e6e00000, 0x00000007e6e00000|100%| E|CS|TAMS 0x00000007e6d00000, 0x00000007e6d00000| Complete 
|1646|0x00000007e6e00000, 0x00000007e6f00000, 0x00000007e6f00000|100%| E|CS|TAMS 0x00000007e6e00000, 0x00000007e6e00000| Complete 
|1647|0x00000007e6f00000, 0x00000007e7000000, 0x00000007e7000000|100%| E|CS|TAMS 0x00000007e6f00000, 0x00000007e6f00000| Complete 
|1648|0x00000007e7000000, 0x00000007e7100000, 0x00000007e7100000|100%| E|CS|TAMS 0x00000007e7000000, 0x00000007e7000000| Complete 
|1649|0x00000007e7100000, 0x00000007e7200000, 0x00000007e7200000|100%| E|CS|TAMS 0x00000007e7100000, 0x00000007e7100000| Complete 
|1650|0x00000007e7200000, 0x00000007e7300000, 0x00000007e7300000|100%| E|CS|TAMS 0x00000007e7200000, 0x00000007e7200000| Complete 
|1651|0x00000007e7300000, 0x00000007e7400000, 0x00000007e7400000|100%| E|CS|TAMS 0x00000007e7300000, 0x00000007e7300000| Complete 
|1652|0x00000007e7400000, 0x00000007e7500000, 0x00000007e7500000|100%| E|CS|TAMS 0x00000007e7400000, 0x00000007e7400000| Complete 
|1653|0x00000007e7500000, 0x00000007e7600000, 0x00000007e7600000|100%| E|CS|TAMS 0x00000007e7500000, 0x00000007e7500000| Complete 
|1654|0x00000007e7600000, 0x00000007e7700000, 0x00000007e7700000|100%| E|CS|TAMS 0x00000007e7600000, 0x00000007e7600000| Complete 
|1655|0x00000007e7700000, 0x00000007e7800000, 0x00000007e7800000|100%| E|CS|TAMS 0x00000007e7700000, 0x00000007e7700000| Complete 
|1656|0x00000007e7800000, 0x00000007e7900000, 0x00000007e7900000|100%| E|CS|TAMS 0x00000007e7800000, 0x00000007e7800000| Complete 
|1657|0x00000007e7900000, 0x00000007e7a00000, 0x00000007e7a00000|100%| E|CS|TAMS 0x00000007e7900000, 0x00000007e7900000| Complete 
|1658|0x00000007e7a00000, 0x00000007e7b00000, 0x00000007e7b00000|100%| E|CS|TAMS 0x00000007e7a00000, 0x00000007e7a00000| Complete 
|1659|0x00000007e7b00000, 0x00000007e7c00000, 0x00000007e7c00000|100%| E|CS|TAMS 0x00000007e7b00000, 0x00000007e7b00000| Complete 
|1660|0x00000007e7c00000, 0x00000007e7d00000, 0x00000007e7d00000|100%| E|CS|TAMS 0x00000007e7c00000, 0x00000007e7c00000| Complete 
|1661|0x00000007e7d00000, 0x00000007e7e00000, 0x00000007e7e00000|100%| E|CS|TAMS 0x00000007e7d00000, 0x00000007e7d00000| Complete 
|1662|0x00000007e7e00000, 0x00000007e7f00000, 0x00000007e7f00000|100%| E|CS|TAMS 0x00000007e7e00000, 0x00000007e7e00000| Complete 
|1663|0x00000007e7f00000, 0x00000007e8000000, 0x00000007e8000000|100%| E|CS|TAMS 0x00000007e7f00000, 0x00000007e7f00000| Complete 
|1664|0x00000007e8000000, 0x00000007e8100000, 0x00000007e8100000|100%| E|CS|TAMS 0x00000007e8000000, 0x00000007e8000000| Complete 
|1665|0x00000007e8100000, 0x00000007e8200000, 0x00000007e8200000|100%| E|CS|TAMS 0x00000007e8100000, 0x00000007e8100000| Complete 
|1666|0x00000007e8200000, 0x00000007e8300000, 0x00000007e8300000|100%| E|CS|TAMS 0x00000007e8200000, 0x00000007e8200000| Complete 
|1667|0x00000007e8300000, 0x00000007e8400000, 0x00000007e8400000|100%| E|CS|TAMS 0x00000007e8300000, 0x00000007e8300000| Complete 
|1668|0x00000007e8400000, 0x00000007e8500000, 0x00000007e8500000|100%| E|CS|TAMS 0x00000007e8400000, 0x00000007e8400000| Complete 
|1669|0x00000007e8500000, 0x00000007e8600000, 0x00000007e8600000|100%| E|CS|TAMS 0x00000007e8500000, 0x00000007e8500000| Complete 
|1670|0x00000007e8600000, 0x00000007e8700000, 0x00000007e8700000|100%| E|CS|TAMS 0x00000007e8600000, 0x00000007e8600000| Complete 
|1671|0x00000007e8700000, 0x00000007e8800000, 0x00000007e8800000|100%| E|CS|TAMS 0x00000007e8700000, 0x00000007e8700000| Complete 
|1672|0x00000007e8800000, 0x00000007e8900000, 0x00000007e8900000|100%| E|CS|TAMS 0x00000007e8800000, 0x00000007e8800000| Complete 
|1673|0x00000007e8900000, 0x00000007e8a00000, 0x00000007e8a00000|100%| E|CS|TAMS 0x00000007e8900000, 0x00000007e8900000| Complete 
|1674|0x00000007e8a00000, 0x00000007e8b00000, 0x00000007e8b00000|100%| E|CS|TAMS 0x00000007e8a00000, 0x00000007e8a00000| Complete 
|1675|0x00000007e8b00000, 0x00000007e8c00000, 0x00000007e8c00000|100%| E|CS|TAMS 0x00000007e8b00000, 0x00000007e8b00000| Complete 
|1676|0x00000007e8c00000, 0x00000007e8d00000, 0x00000007e8d00000|100%| E|CS|TAMS 0x00000007e8c00000, 0x00000007e8c00000| Complete 
|1677|0x00000007e8d00000, 0x00000007e8e00000, 0x00000007e8e00000|100%| E|CS|TAMS 0x00000007e8d00000, 0x00000007e8d00000| Complete 
|1678|0x00000007e8e00000, 0x00000007e8f00000, 0x00000007e8f00000|100%| E|CS|TAMS 0x00000007e8e00000, 0x00000007e8e00000| Complete 
|1679|0x00000007e8f00000, 0x00000007e9000000, 0x00000007e9000000|100%| E|CS|TAMS 0x00000007e8f00000, 0x00000007e8f00000| Complete 
|1680|0x00000007e9000000, 0x00000007e9100000, 0x00000007e9100000|100%| E|CS|TAMS 0x00000007e9000000, 0x00000007e9000000| Complete 
|1681|0x00000007e9100000, 0x00000007e9200000, 0x00000007e9200000|100%| E|CS|TAMS 0x00000007e9100000, 0x00000007e9100000| Complete 
|1682|0x00000007e9200000, 0x00000007e9300000, 0x00000007e9300000|100%| E|CS|TAMS 0x00000007e9200000, 0x00000007e9200000| Complete 
|1683|0x00000007e9300000, 0x00000007e9400000, 0x00000007e9400000|100%| E|CS|TAMS 0x00000007e9300000, 0x00000007e9300000| Complete 
|1684|0x00000007e9400000, 0x00000007e9500000, 0x00000007e9500000|100%| E|CS|TAMS 0x00000007e9400000, 0x00000007e9400000| Complete 
|1685|0x00000007e9500000, 0x00000007e9600000, 0x00000007e9600000|100%| E|CS|TAMS 0x00000007e9500000, 0x00000007e9500000| Complete 
|1686|0x00000007e9600000, 0x00000007e9700000, 0x00000007e9700000|100%| E|CS|TAMS 0x00000007e9600000, 0x00000007e9600000| Complete 
|1687|0x00000007e9700000, 0x00000007e9800000, 0x00000007e9800000|100%| E|CS|TAMS 0x00000007e9700000, 0x00000007e9700000| Complete 
|1688|0x00000007e9800000, 0x00000007e9900000, 0x00000007e9900000|100%| E|CS|TAMS 0x00000007e9800000, 0x00000007e9800000| Complete 
|1689|0x00000007e9900000, 0x00000007e9a00000, 0x00000007e9a00000|100%| E|CS|TAMS 0x00000007e9900000, 0x00000007e9900000| Complete 
|1690|0x00000007e9a00000, 0x00000007e9b00000, 0x00000007e9b00000|100%| E|CS|TAMS 0x00000007e9a00000, 0x00000007e9a00000| Complete 
|1691|0x00000007e9b00000, 0x00000007e9c00000, 0x00000007e9c00000|100%| E|CS|TAMS 0x00000007e9b00000, 0x00000007e9b00000| Complete 
|1692|0x00000007e9c00000, 0x00000007e9d00000, 0x00000007e9d00000|100%| E|CS|TAMS 0x00000007e9c00000, 0x00000007e9c00000| Complete 
|1693|0x00000007e9d00000, 0x00000007e9e00000, 0x00000007e9e00000|100%| E|CS|TAMS 0x00000007e9d00000, 0x00000007e9d00000| Complete 
|1694|0x00000007e9e00000, 0x00000007e9f00000, 0x00000007e9f00000|100%| E|CS|TAMS 0x00000007e9e00000, 0x00000007e9e00000| Complete 
|1695|0x00000007e9f00000, 0x00000007ea000000, 0x00000007ea000000|100%| E|CS|TAMS 0x00000007e9f00000, 0x00000007e9f00000| Complete 
|1696|0x00000007ea000000, 0x00000007ea100000, 0x00000007ea100000|100%| E|CS|TAMS 0x00000007ea000000, 0x00000007ea000000| Complete 
|1697|0x00000007ea100000, 0x00000007ea200000, 0x00000007ea200000|100%| E|CS|TAMS 0x00000007ea100000, 0x00000007ea100000| Complete 
|1698|0x00000007ea200000, 0x00000007ea300000, 0x00000007ea300000|100%| E|CS|TAMS 0x00000007ea200000, 0x00000007ea200000| Complete 
|1699|0x00000007ea300000, 0x00000007ea400000, 0x00000007ea400000|100%| E|CS|TAMS 0x00000007ea300000, 0x00000007ea300000| Complete 
|1700|0x00000007ea400000, 0x00000007ea500000, 0x00000007ea500000|100%| E|CS|TAMS 0x00000007ea400000, 0x00000007ea400000| Complete 
|1701|0x00000007ea500000, 0x00000007ea600000, 0x00000007ea600000|100%| E|CS|TAMS 0x00000007ea500000, 0x00000007ea500000| Complete 
|1702|0x00000007ea600000, 0x00000007ea700000, 0x00000007ea700000|100%| E|CS|TAMS 0x00000007ea600000, 0x00000007ea600000| Complete 
|1703|0x00000007ea700000, 0x00000007ea800000, 0x00000007ea800000|100%| E|CS|TAMS 0x00000007ea700000, 0x00000007ea700000| Complete 
|1704|0x00000007ea800000, 0x00000007ea900000, 0x00000007ea900000|100%| E|CS|TAMS 0x00000007ea800000, 0x00000007ea800000| Complete 
|1705|0x00000007ea900000, 0x00000007eaa00000, 0x00000007eaa00000|100%| E|CS|TAMS 0x00000007ea900000, 0x00000007ea900000| Complete 
|1706|0x00000007eaa00000, 0x00000007eab00000, 0x00000007eab00000|100%| E|CS|TAMS 0x00000007eaa00000, 0x00000007eaa00000| Complete 
|1707|0x00000007eab00000, 0x00000007eac00000, 0x00000007eac00000|100%| E|CS|TAMS 0x00000007eab00000, 0x00000007eab00000| Complete 
|1708|0x00000007eac00000, 0x00000007ead00000, 0x00000007ead00000|100%| E|CS|TAMS 0x00000007eac00000, 0x00000007eac00000| Complete 
|1709|0x00000007ead00000, 0x00000007eae00000, 0x00000007eae00000|100%| E|CS|TAMS 0x00000007ead00000, 0x00000007ead00000| Complete 
|1710|0x00000007eae00000, 0x00000007eaf00000, 0x00000007eaf00000|100%| E|CS|TAMS 0x00000007eae00000, 0x00000007eae00000| Complete 
|1711|0x00000007eaf00000, 0x00000007eb000000, 0x00000007eb000000|100%| E|CS|TAMS 0x00000007eaf00000, 0x00000007eaf00000| Complete 
|1712|0x00000007eb000000, 0x00000007eb100000, 0x00000007eb100000|100%| E|CS|TAMS 0x00000007eb000000, 0x00000007eb000000| Complete 
|1713|0x00000007eb100000, 0x00000007eb200000, 0x00000007eb200000|100%| E|CS|TAMS 0x00000007eb100000, 0x00000007eb100000| Complete 
|1714|0x00000007eb200000, 0x00000007eb300000, 0x00000007eb300000|100%| E|CS|TAMS 0x00000007eb200000, 0x00000007eb200000| Complete 
|1715|0x00000007eb300000, 0x00000007eb400000, 0x00000007eb400000|100%| E|CS|TAMS 0x00000007eb300000, 0x00000007eb300000| Complete 
|1716|0x00000007eb400000, 0x00000007eb500000, 0x00000007eb500000|100%| E|CS|TAMS 0x00000007eb400000, 0x00000007eb400000| Complete 
|1717|0x00000007eb500000, 0x00000007eb600000, 0x00000007eb600000|100%| E|CS|TAMS 0x00000007eb500000, 0x00000007eb500000| Complete 
|1718|0x00000007eb600000, 0x00000007eb700000, 0x00000007eb700000|100%| E|CS|TAMS 0x00000007eb600000, 0x00000007eb600000| Complete 
|1719|0x00000007eb700000, 0x00000007eb800000, 0x00000007eb800000|100%| E|CS|TAMS 0x00000007eb700000, 0x00000007eb700000| Complete 
|1720|0x00000007eb800000, 0x00000007eb900000, 0x00000007eb900000|100%| E|CS|TAMS 0x00000007eb800000, 0x00000007eb800000| Complete 
|1721|0x00000007eb900000, 0x00000007eba00000, 0x00000007eba00000|100%| E|CS|TAMS 0x00000007eb900000, 0x00000007eb900000| Complete 
|1722|0x00000007eba00000, 0x00000007ebb00000, 0x00000007ebb00000|100%| E|CS|TAMS 0x00000007eba00000, 0x00000007eba00000| Complete 
|1723|0x00000007ebb00000, 0x00000007ebc00000, 0x00000007ebc00000|100%| E|CS|TAMS 0x00000007ebb00000, 0x00000007ebb00000| Complete 
|1724|0x00000007ebc00000, 0x00000007ebd00000, 0x00000007ebd00000|100%| E|CS|TAMS 0x00000007ebc00000, 0x00000007ebc00000| Complete 
|1725|0x00000007ebd00000, 0x00000007ebe00000, 0x00000007ebe00000|100%| E|CS|TAMS 0x00000007ebd00000, 0x00000007ebd00000| Complete 
|1726|0x00000007ebe00000, 0x00000007ebf00000, 0x00000007ebf00000|100%| E|CS|TAMS 0x00000007ebe00000, 0x00000007ebe00000| Complete 
|1727|0x00000007ebf00000, 0x00000007ec000000, 0x00000007ec000000|100%| E|CS|TAMS 0x00000007ebf00000, 0x00000007ebf00000| Complete 
|1728|0x00000007ec000000, 0x00000007ec100000, 0x00000007ec100000|100%| E|CS|TAMS 0x00000007ec000000, 0x00000007ec000000| Complete 
|1729|0x00000007ec100000, 0x00000007ec200000, 0x00000007ec200000|100%| E|CS|TAMS 0x00000007ec100000, 0x00000007ec100000| Complete 
|1730|0x00000007ec200000, 0x00000007ec300000, 0x00000007ec300000|100%| E|CS|TAMS 0x00000007ec200000, 0x00000007ec200000| Complete 
|1731|0x00000007ec300000, 0x00000007ec400000, 0x00000007ec400000|100%| E|CS|TAMS 0x00000007ec300000, 0x00000007ec300000| Complete 
|1732|0x00000007ec400000, 0x00000007ec500000, 0x00000007ec500000|100%| E|CS|TAMS 0x00000007ec400000, 0x00000007ec400000| Complete 
|1733|0x00000007ec500000, 0x00000007ec600000, 0x00000007ec600000|100%| E|CS|TAMS 0x00000007ec500000, 0x00000007ec500000| Complete 
|1734|0x00000007ec600000, 0x00000007ec700000, 0x00000007ec700000|100%| E|CS|TAMS 0x00000007ec600000, 0x00000007ec600000| Complete 
|1735|0x00000007ec700000, 0x00000007ec800000, 0x00000007ec800000|100%| E|CS|TAMS 0x00000007ec700000, 0x00000007ec700000| Complete 
|1736|0x00000007ec800000, 0x00000007ec900000, 0x00000007ec900000|100%| E|CS|TAMS 0x00000007ec800000, 0x00000007ec800000| Complete 
|1737|0x00000007ec900000, 0x00000007eca00000, 0x00000007eca00000|100%| E|CS|TAMS 0x00000007ec900000, 0x00000007ec900000| Complete 
|1738|0x00000007eca00000, 0x00000007ecb00000, 0x00000007ecb00000|100%| E|CS|TAMS 0x00000007eca00000, 0x00000007eca00000| Complete 
|1739|0x00000007ecb00000, 0x00000007ecc00000, 0x00000007ecc00000|100%| E|CS|TAMS 0x00000007ecb00000, 0x00000007ecb00000| Complete 
|1740|0x00000007ecc00000, 0x00000007ecd00000, 0x00000007ecd00000|100%| E|CS|TAMS 0x00000007ecc00000, 0x00000007ecc00000| Complete 
|1741|0x00000007ecd00000, 0x00000007ece00000, 0x00000007ece00000|100%| E|CS|TAMS 0x00000007ecd00000, 0x00000007ecd00000| Complete 
|1742|0x00000007ece00000, 0x00000007ecf00000, 0x00000007ecf00000|100%| E|CS|TAMS 0x00000007ece00000, 0x00000007ece00000| Complete 
|1743|0x00000007ecf00000, 0x00000007ed000000, 0x00000007ed000000|100%| E|CS|TAMS 0x00000007ecf00000, 0x00000007ecf00000| Complete 
|1744|0x00000007ed000000, 0x00000007ed100000, 0x00000007ed100000|100%| E|CS|TAMS 0x00000007ed000000, 0x00000007ed000000| Complete 
|1745|0x00000007ed100000, 0x00000007ed200000, 0x00000007ed200000|100%| E|CS|TAMS 0x00000007ed100000, 0x00000007ed100000| Complete 
|1746|0x00000007ed200000, 0x00000007ed300000, 0x00000007ed300000|100%| E|CS|TAMS 0x00000007ed200000, 0x00000007ed200000| Complete 
|1747|0x00000007ed300000, 0x00000007ed400000, 0x00000007ed400000|100%| E|CS|TAMS 0x00000007ed300000, 0x00000007ed300000| Complete 
|1748|0x00000007ed400000, 0x00000007ed500000, 0x00000007ed500000|100%| E|CS|TAMS 0x00000007ed400000, 0x00000007ed400000| Complete 
|1749|0x00000007ed500000, 0x00000007ed600000, 0x00000007ed600000|100%| E|CS|TAMS 0x00000007ed500000, 0x00000007ed500000| Complete 
|1750|0x00000007ed600000, 0x00000007ed700000, 0x00000007ed700000|100%| E|CS|TAMS 0x00000007ed600000, 0x00000007ed600000| Complete 
|1751|0x00000007ed700000, 0x00000007ed800000, 0x00000007ed800000|100%| E|CS|TAMS 0x00000007ed700000, 0x00000007ed700000| Complete 
|1752|0x00000007ed800000, 0x00000007ed900000, 0x00000007ed900000|100%| E|CS|TAMS 0x00000007ed800000, 0x00000007ed800000| Complete 
|1753|0x00000007ed900000, 0x00000007eda00000, 0x00000007eda00000|100%| E|CS|TAMS 0x00000007ed900000, 0x00000007ed900000| Complete 
|1754|0x00000007eda00000, 0x00000007edb00000, 0x00000007edb00000|100%| E|CS|TAMS 0x00000007eda00000, 0x00000007eda00000| Complete 
|1755|0x00000007edb00000, 0x00000007edc00000, 0x00000007edc00000|100%| E|CS|TAMS 0x00000007edb00000, 0x00000007edb00000| Complete 
|1756|0x00000007edc00000, 0x00000007edcf9ab0, 0x00000007edd00000| 97%| S|CS|TAMS 0x00000007edc00000, 0x00000007edc00000| Complete 
|1757|0x00000007edd00000, 0x00000007ede00000, 0x00000007ede00000|100%| S|CS|TAMS 0x00000007edd00000, 0x00000007edd00000| Complete 
|1758|0x00000007ede00000, 0x00000007edf00000, 0x00000007edf00000|100%| S|CS|TAMS 0x00000007ede00000, 0x00000007ede00000| Complete 
|1759|0x00000007edf00000, 0x00000007ee000000, 0x00000007ee000000|100%| E|CS|TAMS 0x00000007edf00000, 0x00000007edf00000| Complete 
|1760|0x00000007ee000000, 0x00000007ee100000, 0x00000007ee100000|100%| E|CS|TAMS 0x00000007ee000000, 0x00000007ee000000| Complete 
|1761|0x00000007ee100000, 0x00000007ee200000, 0x00000007ee200000|100%| E|CS|TAMS 0x00000007ee100000, 0x00000007ee100000| Complete 
|1762|0x00000007ee200000, 0x00000007ee300000, 0x00000007ee300000|100%| E|CS|TAMS 0x00000007ee200000, 0x00000007ee200000| Complete 
|1763|0x00000007ee300000, 0x00000007ee400000, 0x00000007ee400000|100%| E|CS|TAMS 0x00000007ee300000, 0x00000007ee300000| Complete 
|1764|0x00000007ee400000, 0x00000007ee500000, 0x00000007ee500000|100%| E|CS|TAMS 0x00000007ee400000, 0x00000007ee400000| Complete 
|1765|0x00000007ee500000, 0x00000007ee600000, 0x00000007ee600000|100%| E|CS|TAMS 0x00000007ee500000, 0x00000007ee500000| Complete 
|1766|0x00000007ee600000, 0x00000007ee700000, 0x00000007ee700000|100%| E|CS|TAMS 0x00000007ee600000, 0x00000007ee600000| Complete 
|1767|0x00000007ee700000, 0x00000007ee800000, 0x00000007ee800000|100%| E|CS|TAMS 0x00000007ee700000, 0x00000007ee700000| Complete 
|1768|0x00000007ee800000, 0x00000007ee900000, 0x00000007ee900000|100%| E|CS|TAMS 0x00000007ee800000, 0x00000007ee800000| Complete 
|1769|0x00000007ee900000, 0x00000007eea00000, 0x00000007eea00000|100%| E|CS|TAMS 0x00000007ee900000, 0x00000007ee900000| Complete 
|1770|0x00000007eea00000, 0x00000007eeb00000, 0x00000007eeb00000|100%| E|CS|TAMS 0x00000007eea00000, 0x00000007eea00000| Complete 
|1771|0x00000007eeb00000, 0x00000007eec00000, 0x00000007eec00000|100%| E|CS|TAMS 0x00000007eeb00000, 0x00000007eeb00000| Complete 
|1772|0x00000007eec00000, 0x00000007eed00000, 0x00000007eed00000|100%| E|CS|TAMS 0x00000007eec00000, 0x00000007eec00000| Complete 
|1773|0x00000007eed00000, 0x00000007eee00000, 0x00000007eee00000|100%| E|CS|TAMS 0x00000007eed00000, 0x00000007eed00000| Complete 
|1774|0x00000007eee00000, 0x00000007eef00000, 0x00000007eef00000|100%| E|CS|TAMS 0x00000007eee00000, 0x00000007eee00000| Complete 
|1775|0x00000007eef00000, 0x00000007ef000000, 0x00000007ef000000|100%| E|CS|TAMS 0x00000007eef00000, 0x00000007eef00000| Complete 
|1776|0x00000007ef000000, 0x00000007ef100000, 0x00000007ef100000|100%| E|CS|TAMS 0x00000007ef000000, 0x00000007ef000000| Complete 
|1777|0x00000007ef100000, 0x00000007ef200000, 0x00000007ef200000|100%| E|CS|TAMS 0x00000007ef100000, 0x00000007ef100000| Complete 
|1778|0x00000007ef200000, 0x00000007ef300000, 0x00000007ef300000|100%| E|CS|TAMS 0x00000007ef200000, 0x00000007ef200000| Complete 
|1779|0x00000007ef300000, 0x00000007ef400000, 0x00000007ef400000|100%| E|CS|TAMS 0x00000007ef300000, 0x00000007ef300000| Complete 
|1780|0x00000007ef400000, 0x00000007ef500000, 0x00000007ef500000|100%| E|CS|TAMS 0x00000007ef400000, 0x00000007ef400000| Complete 
|1781|0x00000007ef500000, 0x00000007ef600000, 0x00000007ef600000|100%| E|CS|TAMS 0x00000007ef500000, 0x00000007ef500000| Complete 
|1782|0x00000007ef600000, 0x00000007ef700000, 0x00000007ef700000|100%| E|CS|TAMS 0x00000007ef600000, 0x00000007ef600000| Complete 
|2019|0x00000007fe300000, 0x00000007fe400000, 0x00000007fe400000|100%| E|CS|TAMS 0x00000007fe300000, 0x00000007fe300000| Complete 
|2020|0x00000007fe400000, 0x00000007fe500000, 0x00000007fe500000|100%| E|CS|TAMS 0x00000007fe400000, 0x00000007fe400000| Complete 
|2021|0x00000007fe500000, 0x00000007fe600000, 0x00000007fe600000|100%| E|CS|TAMS 0x00000007fe500000, 0x00000007fe500000| Complete 
|2022|0x00000007fe600000, 0x00000007fe700000, 0x00000007fe700000|100%| E|CS|TAMS 0x00000007fe600000, 0x00000007fe600000| Complete 
|2023|0x00000007fe700000, 0x00000007fe800000, 0x00000007fe800000|100%| E|CS|TAMS 0x00000007fe700000, 0x00000007fe700000| Complete 
|2024|0x00000007fe800000, 0x00000007fe900000, 0x00000007fe900000|100%| E|CS|TAMS 0x00000007fe800000, 0x00000007fe800000| Complete 
|2025|0x00000007fe900000, 0x00000007fea00000, 0x00000007fea00000|100%| E|CS|TAMS 0x00000007fe900000, 0x00000007fe900000| Complete 
|2026|0x00000007fea00000, 0x00000007feb00000, 0x00000007feb00000|100%| E|CS|TAMS 0x00000007fea00000, 0x00000007fea00000| Complete 
|2027|0x00000007feb00000, 0x00000007fec00000, 0x00000007fec00000|100%| E|CS|TAMS 0x00000007feb00000, 0x00000007feb00000| Complete 
|2028|0x00000007fec00000, 0x00000007fed00000, 0x00000007fed00000|100%| E|CS|TAMS 0x00000007fec00000, 0x00000007fec00000| Complete 
|2029|0x00000007fed00000, 0x00000007fee00000, 0x00000007fee00000|100%| E|CS|TAMS 0x00000007fed00000, 0x00000007fed00000| Complete 
|2030|0x00000007fee00000, 0x00000007fef00000, 0x00000007fef00000|100%| E|CS|TAMS 0x00000007fee00000, 0x00000007fee00000| Complete 
|2031|0x00000007fef00000, 0x00000007ff000000, 0x00000007ff000000|100%| E|CS|TAMS 0x00000007fef00000, 0x00000007fef00000| Complete 
|2032|0x00000007ff000000, 0x00000007ff100000, 0x00000007ff100000|100%| E|CS|TAMS 0x00000007ff000000, 0x00000007ff000000| Complete 
|2033|0x00000007ff100000, 0x00000007ff200000, 0x00000007ff200000|100%| E|CS|TAMS 0x00000007ff100000, 0x00000007ff100000| Complete 
|2034|0x00000007ff200000, 0x00000007ff300000, 0x00000007ff300000|100%| E|CS|TAMS 0x00000007ff200000, 0x00000007ff200000| Complete 
|2035|0x00000007ff300000, 0x00000007ff400000, 0x00000007ff400000|100%| E|CS|TAMS 0x00000007ff300000, 0x00000007ff300000| Complete 
|2036|0x00000007ff400000, 0x00000007ff500000, 0x00000007ff500000|100%| E|CS|TAMS 0x00000007ff400000, 0x00000007ff400000| Complete 
|2037|0x00000007ff500000, 0x00000007ff600000, 0x00000007ff600000|100%| E|CS|TAMS 0x00000007ff500000, 0x00000007ff500000| Complete 
|2038|0x00000007ff600000, 0x00000007ff700000, 0x00000007ff700000|100%| E|CS|TAMS 0x00000007ff600000, 0x00000007ff600000| Complete 
|2039|0x00000007ff700000, 0x00000007ff800000, 0x00000007ff800000|100%| E|CS|TAMS 0x00000007ff700000, 0x00000007ff700000| Complete 
|2040|0x00000007ff800000, 0x00000007ff900000, 0x00000007ff900000|100%| E|CS|TAMS 0x00000007ff800000, 0x00000007ff800000| Complete 
|2041|0x00000007ff900000, 0x00000007ffa00000, 0x00000007ffa00000|100%| E|CS|TAMS 0x00000007ff900000, 0x00000007ff900000| Complete 
|2042|0x00000007ffa00000, 0x00000007ffb00000, 0x00000007ffb00000|100%| E|CS|TAMS 0x00000007ffa00000, 0x00000007ffa00000| Complete 
|2043|0x00000007ffb00000, 0x00000007ffc00000, 0x00000007ffc00000|100%| E|CS|TAMS 0x00000007ffb00000, 0x00000007ffb00000| Complete 
|2044|0x00000007ffc00000, 0x00000007ffd00000, 0x00000007ffd00000|100%| E|CS|TAMS 0x00000007ffc00000, 0x00000007ffc00000| Complete 
|2045|0x00000007ffd00000, 0x00000007ffe00000, 0x00000007ffe00000|100%| E|CS|TAMS 0x00000007ffd00000, 0x00000007ffd00000| Complete 
|2046|0x00000007ffe00000, 0x00000007ffe74000, 0x00000007fff00000| 45%|OA|  |TAMS 0x00000007ffe74000, 0x00000007ffe00000| Untracked 
|2047|0x00000007fff00000, 0x00000007fff74000, 0x0000000800000000| 45%|CA|  |TAMS 0x00000007fff74000, 0x00000007fff00000| Untracked 

Card table byte_map: [0x00000001030e8000,0x00000001034e8000] _byte_map_base: 0x00000000ff4e8000

Marking Bits (Prev, Next): (CMBitMap*) 0x0000000121809e50, (CMBitMap*) 0x0000000121809e10
 Prev Bits: [0x000000011d660000, 0x000000011f660000)
 Next Bits: [0x000000011b660000, 0x000000011d660000)

Polling page: 0x000000010295c000

Metaspace:

Usage:
  Non-class:    266.70 MB used.
      Class:     38.26 MB used.
       Both:    304.96 MB used.

Virtual space:
  Non-class space:      320.00 MB reserved,     268.00 MB ( 84%) committed,  5 nodes.
      Class space:        1.00 GB reserved,      39.56 MB (  4%) committed,  1 nodes.
             Both:        1.31 GB reserved,     307.56 MB ( 23%) committed. 

Chunk freelists:
   Non-Class:  3.84 MB
       Class:  8.34 MB
        Both:  12.18 MB

MaxMetaspaceSize: unlimited
CompressedClassSpaceSize: 1.00 GB
Initial GC threshold: 21.00 MB
Current GC threshold: 509.94 MB
CDS: on
MetaspaceReclaimPolicy: balanced
 - commit_granule_bytes: 65536.
 - commit_granule_words: 8192.
 - virtual_space_node_default_size: 8388608.
 - enlarge_chunks_in_place: 1.
 - new_chunks_are_fully_committed: 0.
 - uncommit_free_chunks: 1.
 - use_allocation_guard: 0.
 - handle_deallocations: 1.


Internal statistics:

num_allocs_failed_limit: 27.
num_arena_births: 4736.
num_arena_deaths: 94.
num_vsnodes_births: 6.
num_vsnodes_deaths: 0.
num_space_committed: 4914.
num_space_uncommitted: 0.
num_chunks_returned_to_freelist: 147.
num_chunks_taken_from_freelist: 18120.
num_chunk_merges: 49.
num_chunk_splits: 12296.
num_chunks_enlarged: 8346.
num_inconsistent_stats: 0.

CodeHeap 'non-profiled nmethods': size=120032Kb used=45247Kb max_used=45247Kb free=74784Kb
 bounds [0x0000000114128000, 0x0000000116d68000, 0x000000011b660000]
CodeHeap 'profiled nmethods': size=120016Kb used=98266Kb max_used=99721Kb free=21749Kb
 bounds [0x000000010c660000, 0x0000000112830000, 0x0000000113b94000]
CodeHeap 'non-nmethods': size=5712Kb used=2325Kb max_used=2494Kb free=3386Kb
 bounds [0x0000000113b94000, 0x0000000113e24000, 0x0000000114128000]
 total_blobs=47923 nmethods=46525 adapters=1311
 compilation: enabled
              stopped_count=0, restarted_count=0
 full_count=0

Compilation events (20 events):
Event: 1892.444 Thread 0x0000000121038800 nmethod 100883 0x00000001151a9090 code [0x00000001151a9340, 0x00000001151aa140]
Event: 1892.444 Thread 0x0000000121038800 100792       4       org.jetbrains.org.objectweb.asm.ClassWriter::toByteArray (1535 bytes)
Event: 1892.567 Thread 0x0000000121038800 nmethod 100792 0x0000000116d4b790 code [0x0000000116d4cb00, 0x0000000116d57ca0]
Event: 1892.567 Thread 0x0000000121038800 101101       4       org.jetbrains.org.objectweb.asm.Type::getReturnTypeOffset (64 bytes)
Event: 1892.573 Thread 0x0000000121038800 nmethod 101101 0x0000000115c68d10 code [0x0000000115c68f00, 0x0000000115c69590]
Event: 1892.573 Thread 0x0000000121038800 101090       4       org.jetbrains.kotlin.gradle.internal.kapt.incremental.ClassTypeExtractorVisitor::visitMethod (159 bytes)
Event: 1892.616 Thread 0x0000000121038e00 101180       2       java.security.Provider$Service::newInstanceOf (13 bytes)
Event: 1892.617 Thread 0x0000000121038e00 nmethod 101180 0x000000010dd95c90 code [0x000000010dd95e40, 0x000000010dd96028]
Event: 1892.637 Thread 0x0000000121038e00 101185       3       java.io.ObjectInputStream::readObject (7 bytes)
Event: 1892.637 Thread 0x0000000121038e00 nmethod 101185 0x00000001109f2710 code [0x00000001109f28c0, 0x00000001109f2a48]
Event: 1892.640 Thread 0x0000000121038e00 101187   !   2       jdk.internal.org.objectweb.asm.ClassWriter::getCommonSuperClass (141 bytes)
Event: 1892.640 Thread 0x0000000121038e00 nmethod 101187 0x000000010dac4210 code [0x000000010dac4500, 0x000000010dac4c28]
Event: 1892.640 Thread 0x0000000121038e00 101188   !   2       java.io.ObjectOutputStream::writeObject0 (620 bytes)
Event: 1892.643 Thread 0x0000000121038e00 nmethod 101188 0x0000000111f6a190 code [0x0000000111f6a740, 0x0000000111f6c278]
Event: 1892.656 Thread 0x0000000121038e00 101189       2       java.io.ObjectOutputStream::writeNonProxyDesc (109 bytes)
Event: 1892.657 Thread 0x0000000121038e00 nmethod 101189 0x000000010e54db90 code [0x000000010e54df00, 0x000000010e54e948]
Event: 1892.678 Thread 0x0000000121038800 nmethod 101090 0x0000000116d5c810 code [0x0000000116d5d400, 0x0000000116d632e0]
Event: 1892.678 Thread 0x0000000121038800 101058       4       org.jetbrains.kotlin.util.capitalizeDecapitalize.CapitalizeDecapitalizeKt::toLowerCaseAsciiOnly (96 bytes)
Event: 1892.687 Thread 0x0000000121038800 nmethod 101058 0x0000000116aa2390 code [0x0000000116aa2700, 0x0000000116aa3910]
Event: 1892.687 Thread 0x0000000121038800 100793       4       org.jetbrains.org.objectweb.asm.ClassReader::readElementValue (1237 bytes)

GC Heap History (20 events):
Event: 1886.748 GC heap before
{Heap before GC invocations=213 (full 0):
 garbage-first heap   total 1693696K, used 1382007K [0x0000000780000000, 0x0000000800000000)
  region size 1024K, 830 young (849920K), 4 survivors (4096K)
 Metaspace       used 307145K, committed 309760K, reserved 1376256K
  class space    used 38596K, committed 39936K, reserved 1048576K
}
Event: 1886.768 GC heap after
{Heap after GC invocations=214 (full 0):
 garbage-first heap   total 1693696K, used 558606K [0x0000000780000000, 0x0000000800000000)
  region size 1024K, 25 young (25600K), 25 survivors (25600K)
 Metaspace       used 307145K, committed 309760K, reserved 1376256K
  class space    used 38596K, committed 39936K, reserved 1048576K
}
Event: 1887.082 GC heap before
{Heap before GC invocations=214 (full 0):
 garbage-first heap   total 1693696K, used 1173006K [0x0000000780000000, 0x0000000800000000)
  region size 1024K, 627 young (642048K), 25 survivors (25600K)
 Metaspace       used 307168K, committed 309760K, reserved 1376256K
  class space    used 38598K, committed 39936K, reserved 1048576K
}
Event: 1887.093 GC heap after
{Heap after GC invocations=215 (full 0):
 garbage-first heap   total 1693696K, used 557687K [0x0000000780000000, 0x0000000800000000)
  region size 1024K, 24 young (24576K), 24 survivors (24576K)
 Metaspace       used 307168K, committed 309760K, reserved 1376256K
  class space    used 38598K, committed 39936K, reserved 1048576K
}
Event: 1887.899 GC heap before
{Heap before GC invocations=216 (full 0):
 garbage-first heap   total 1693696K, used 1376887K [0x0000000780000000, 0x0000000800000000)
  region size 1024K, 861 young (881664K), 24 survivors (24576K)
 Metaspace       used 307310K, committed 309952K, reserved 1376256K
  class space    used 38610K, committed 39936K, reserved 1048576K
}
Event: 1887.959 GC heap after
{Heap after GC invocations=217 (full 0):
 garbage-first heap   total 1693696K, used 576631K [0x0000000780000000, 0x0000000800000000)
  region size 1024K, 99 young (101376K), 99 survivors (101376K)
 Metaspace       used 307310K, committed 309952K, reserved 1376256K
  class space    used 38610K, committed 39936K, reserved 1048576K
}
Event: 1887.961 GC heap before
{Heap before GC invocations=217 (full 0):
 garbage-first heap   total 1693696K, used 578679K [0x0000000780000000, 0x0000000800000000)
  region size 1024K, 101 young (103424K), 99 survivors (101376K)
 Metaspace       used 307310K, committed 309952K, reserved 1376256K
  class space    used 38610K, committed 39936K, reserved 1048576K
}
Event: 1888.022 GC heap after
{Heap after GC invocations=218 (full 0):
 garbage-first heap   total 1693696K, used 537423K [0x0000000780000000, 0x0000000800000000)
  region size 1024K, 4 young (4096K), 4 survivors (4096K)
 Metaspace       used 307310K, committed 309952K, reserved 1376256K
  class space    used 38610K, committed 39936K, reserved 1048576K
}
Event: 1888.826 GC heap before
{Heap before GC invocations=218 (full 0):
 garbage-first heap   total 1693696K, used 1367887K [0x0000000780000000, 0x0000000800000000)
  region size 1024K, 801 young (820224K), 4 survivors (4096K)
 Metaspace       used 310072K, committed 312704K, reserved 1376256K
  class space    used 38889K, committed 40256K, reserved 1048576K
}
Event: 1888.850 GC heap after
{Heap after GC invocations=219 (full 0):
 garbage-first heap   total 1693696K, used 568913K [0x0000000780000000, 0x0000000800000000)
  region size 1024K, 27 young (27648K), 27 survivors (27648K)
 Metaspace       used 310072K, committed 312704K, reserved 1376256K
  class space    used 38889K, committed 40256K, reserved 1048576K
}
Event: 1888.896 GC heap before
{Heap before GC invocations=219 (full 0):
 garbage-first heap   total 1693696K, used 624209K [0x0000000780000000, 0x0000000800000000)
  region size 1024K, 83 young (84992K), 27 survivors (27648K)
 Metaspace       used 310109K, committed 312768K, reserved 1376256K
  class space    used 38890K, committed 40256K, reserved 1048576K
}
Event: 1888.905 GC heap after
{Heap after GC invocations=220 (full 0):
 garbage-first heap   total 1693696K, used 568655K [0x0000000780000000, 0x0000000800000000)
  region size 1024K, 27 young (27648K), 27 survivors (27648K)
 Metaspace       used 310109K, committed 312768K, reserved 1376256K
  class space    used 38890K, committed 40256K, reserved 1048576K
}
Event: 1889.600 GC heap before
{Heap before GC invocations=221 (full 0):
 garbage-first heap   total 1693696K, used 1425743K [0x0000000780000000, 0x0000000800000000)
  region size 1024K, 833 young (852992K), 27 survivors (27648K)
 Metaspace       used 310419K, committed 313088K, reserved 1376256K
  class space    used 38892K, committed 40256K, reserved 1048576K
}
Event: 1889.629 GC heap after
{Heap after GC invocations=222 (full 0):
 garbage-first heap   total 1693696K, used 596815K [0x0000000780000000, 0x0000000800000000)
  region size 1024K, 37 young (37888K), 37 survivors (37888K)
 Metaspace       used 310419K, committed 313088K, reserved 1376256K
  class space    used 38892K, committed 40256K, reserved 1048576K
}
Event: 1889.729 GC heap before
{Heap before GC invocations=222 (full 0):
 garbage-first heap   total 1693696K, used 642895K [0x0000000780000000, 0x0000000800000000)
  region size 1024K, 82 young (83968K), 37 survivors (37888K)
 Metaspace       used 310419K, committed 313088K, reserved 1376256K
  class space    used 38892K, committed 40256K, reserved 1048576K
}
Event: 1889.759 GC heap after
{Heap after GC invocations=223 (full 0):
 garbage-first heap   total 1855488K, used 577059K [0x0000000780000000, 0x0000000800000000)
  region size 1024K, 4 young (4096K), 4 survivors (4096K)
 Metaspace       used 310419K, committed 313088K, reserved 1376256K
  class space    used 38892K, committed 40256K, reserved 1048576K
}
Event: 1891.735 GC heap before
{Heap before GC invocations=223 (full 0):
 garbage-first heap   total 1855488K, used 1514019K [0x0000000780000000, 0x0000000800000000)
  region size 1024K, 920 young (942080K), 4 survivors (4096K)
 Metaspace       used 310625K, committed 313280K, reserved 1376256K
  class space    used 38917K, committed 40256K, reserved 1048576K
}
Event: 1891.743 GC heap after
{Heap after GC invocations=224 (full 0):
 garbage-first heap   total 1855488K, used 576933K [0x0000000780000000, 0x0000000800000000)
  region size 1024K, 4 young (4096K), 4 survivors (4096K)
 Metaspace       used 310625K, committed 313280K, reserved 1376256K
  class space    used 38917K, committed 40256K, reserved 1048576K
}
Event: 1891.764 GC heap before
{Heap before GC invocations=224 (full 0):
 garbage-first heap   total 1855488K, used 628133K [0x0000000780000000, 0x0000000800000000)
  region size 1024K, 55 young (56320K), 4 survivors (4096K)
 Metaspace       used 310625K, committed 313280K, reserved 1376256K
  class space    used 38917K, committed 40256K, reserved 1048576K
}
Event: 1891.768 GC heap after
{Heap after GC invocations=225 (full 0):
 garbage-first heap   total 1855488K, used 576010K [0x0000000780000000, 0x0000000800000000)
  region size 1024K, 3 young (3072K), 3 survivors (3072K)
 Metaspace       used 310625K, committed 313280K, reserved 1376256K
  class space    used 38917K, committed 40256K, reserved 1048576K
}

Dll operation events (14 events):
Event: 0.007 Loaded shared library /Users/mathewmalyil/Library/Java/JavaVirtualMachines/ms-17.0.15/Contents/Home/lib/libjava.dylib
Event: 0.037 Loaded shared library /Users/mathewmalyil/Library/Java/JavaVirtualMachines/ms-17.0.15/Contents/Home/lib/libzip.dylib
Event: 0.039 Loaded shared library /Users/mathewmalyil/Library/Java/JavaVirtualMachines/ms-17.0.15/Contents/Home/lib/libinstrument.dylib
Event: 0.046 Loaded shared library /Users/mathewmalyil/Library/Java/JavaVirtualMachines/ms-17.0.15/Contents/Home/lib/libnio.dylib
Event: 0.047 Loaded shared library /Users/mathewmalyil/Library/Java/JavaVirtualMachines/ms-17.0.15/Contents/Home/lib/libzip.dylib
Event: 0.115 Loaded shared library /Users/mathewmalyil/Library/Java/JavaVirtualMachines/ms-17.0.15/Contents/Home/lib/libjimage.dylib
Event: 0.159 Loaded shared library /Users/mathewmalyil/Library/Java/JavaVirtualMachines/ms-17.0.15/Contents/Home/lib/libverify.dylib
Event: 0.185 Loaded shared library /Users/mathewmalyil/Library/Java/JavaVirtualMachines/ms-17.0.15/Contents/Home/lib/libnet.dylib
Event: 0.187 Loaded shared library /Users/mathewmalyil/.gradle/native/1def1411415f61bf3af743bc5b6707747c0891f09f0c88961ee8f79bc544acac/osx-aarch64/libnative-platform.dylib
Event: 0.198 Loaded shared library /Users/mathewmalyil/.gradle/native/0.2.7/aarch64-macos/libgradle-fileevents.dylib
Event: 0.447 Loaded shared library /Users/mathewmalyil/Library/Java/JavaVirtualMachines/ms-17.0.15/Contents/Home/lib/libmanagement.dylib
Event: 0.451 Loaded shared library /Users/mathewmalyil/Library/Java/JavaVirtualMachines/ms-17.0.15/Contents/Home/lib/libmanagement_ext.dylib
Event: 0.492 Loaded shared library /Users/mathewmalyil/Library/Java/JavaVirtualMachines/ms-17.0.15/Contents/Home/lib/libextnet.dylib
Event: 1892.615 Loaded shared library /Users/mathewmalyil/Library/Java/JavaVirtualMachines/ms-17.0.15/Contents/Home/lib/librmi.dylib

Deoptimization events (20 events):
Event: 1892.626 Thread 0x000000013ac03800 Uncommon trap: trap_request=0xffffffc6 fr.pc=0x00000001145b51a4 relative=0x00000000000001e4
Event: 1892.626 Thread 0x000000013ac03800 Uncommon trap: reason=bimorphic_or_optimized_type_check action=maybe_recompile pc=0x00000001145b51a4 method=java.io.DataOutputStream.flush()V @ 4 c2
Event: 1892.626 Thread 0x000000013ac03800 DEOPT PACKING pc=0x00000001145b51a4 sp=0x0000000311c14ab0
Event: 1892.626 Thread 0x000000013ac03800 DEOPT UNPACKING pc=0x0000000113bdb91c sp=0x0000000311c14a50 mode 2
Event: 1892.632 Thread 0x000000013ac03800 Uncommon trap: trap_request=0xffffffc6 fr.pc=0x00000001145b51a4 relative=0x00000000000001e4
Event: 1892.632 Thread 0x000000013ac03800 Uncommon trap: reason=bimorphic_or_optimized_type_check action=maybe_recompile pc=0x00000001145b51a4 method=java.io.DataOutputStream.flush()V @ 4 c2
Event: 1892.632 Thread 0x000000013ac03800 DEOPT PACKING pc=0x00000001145b51a4 sp=0x0000000311c14d90
Event: 1892.632 Thread 0x000000013ac03800 DEOPT UNPACKING pc=0x0000000113bdb91c sp=0x0000000311c14d30 mode 2
Event: 1892.634 Thread 0x000000013ac03800 Uncommon trap: trap_request=0xffffffc6 fr.pc=0x00000001145b51a4 relative=0x00000000000001e4
Event: 1892.634 Thread 0x000000013ac03800 Uncommon trap: reason=bimorphic_or_optimized_type_check action=maybe_recompile pc=0x00000001145b51a4 method=java.io.DataOutputStream.flush()V @ 4 c2
Event: 1892.634 Thread 0x000000013ac03800 DEOPT PACKING pc=0x00000001145b51a4 sp=0x0000000311c14d90
Event: 1892.634 Thread 0x000000013ac03800 DEOPT UNPACKING pc=0x0000000113bdb91c sp=0x0000000311c14d30 mode 2
Event: 1892.636 Thread 0x000000013ac03800 Uncommon trap: trap_request=0xffffffc6 fr.pc=0x00000001145b51a4 relative=0x00000000000001e4
Event: 1892.636 Thread 0x000000013ac03800 Uncommon trap: reason=bimorphic_or_optimized_type_check action=maybe_recompile pc=0x00000001145b51a4 method=java.io.DataOutputStream.flush()V @ 4 c2
Event: 1892.636 Thread 0x000000013ac03800 DEOPT PACKING pc=0x00000001145b51a4 sp=0x0000000311c15200
Event: 1892.636 Thread 0x000000013ac03800 DEOPT UNPACKING pc=0x0000000113bdb91c sp=0x0000000311c151a0 mode 2
Event: 1892.655 Thread 0x000000013aff9200 Uncommon trap: trap_request=0xffffffde fr.pc=0x00000001155d4218 relative=0x0000000000000358
Event: 1892.655 Thread 0x000000013aff9200 Uncommon trap: reason=class_check action=maybe_recompile pc=0x00000001155d4218 method=java.net.Socket.setSoTimeout(I)V @ 43 c2
Event: 1892.655 Thread 0x000000013aff9200 DEOPT PACKING pc=0x00000001155d4218 sp=0x0000000330a36550
Event: 1892.655 Thread 0x000000013aff9200 DEOPT UNPACKING pc=0x0000000113bdb91c sp=0x0000000330a36500 mode 2

Classes loaded (20 events):
Event: 1892.639 Loading class sun/rmi/server/UnicastServerRef$HashToMethod_Maps$1
Event: 1892.639 Loading class sun/rmi/server/UnicastServerRef$HashToMethod_Maps$1 done
Event: 1892.641 Loading class sun/rmi/server/LoaderHandler$Loader
Event: 1892.641 Loading class sun/rmi/server/LoaderHandler$Loader done
Event: 1892.641 Loading class java/rmi/server/ServerNotActiveException
Event: 1892.641 Loading class java/rmi/server/ServerNotActiveException done
Event: 1892.642 Loading class sun/rmi/transport/DGCAckHandler
Event: 1892.642 Loading class sun/rmi/transport/DGCAckHandler done
Event: 1892.643 Loading class sun/rmi/transport/DGCAckHandler$1
Event: 1892.643 Loading class sun/rmi/transport/DGCAckHandler$1 done
Event: 1892.654 Loading class sun/rmi/transport/tcp/TCPTransport$ConnectionHandler
Event: 1892.654 Loading class sun/rmi/transport/tcp/TCPTransport$ConnectionHandler done
Event: 1892.655 Loading class sun/rmi/transport/Transport$1
Event: 1892.655 Loading class sun/rmi/transport/Transport$1 done
Event: 1892.656 Loading class sun/rmi/transport/DGCImpl$LeaseInfo
Event: 1892.656 Loading class sun/rmi/transport/DGCImpl$LeaseInfo done
Event: 1892.656 Loading class sun/rmi/transport/DGCImpl$1
Event: 1892.656 Loading class sun/rmi/transport/DGCImpl$1 done
Event: 1892.656 Loading class sun/rmi/transport/SequenceEntry
Event: 1892.656 Loading class sun/rmi/transport/SequenceEntry done

Classes unloaded (20 events):
Event: 1869.288 Thread 0x0000000120f0bc20 Unloading class 0x000000d001728000 'JetGradlePlugin$findJetModelBuilder$0'
Event: 1869.288 Thread 0x0000000120f0bc20 Unloading class 0x000000d001723800 'JetGradlePlugin$getJetModelBuilderOrRegisterIfAbsent'
Event: 1869.288 Thread 0x0000000120f0bc20 Unloading class 0x000000d001564c00 'java/lang/invoke/LambdaForm$MH+0x000000d001564c00'
Event: 1869.288 Thread 0x0000000120f0bc20 Unloading class 0x000000d0014f8000 'java/lang/invoke/LambdaForm$DMH+0x000000d0014f8000'
Event: 1869.288 Thread 0x0000000120f0bc20 Unloading class 0x000000d0011e3c00 'java/lang/invoke/LambdaForm$MH+0x000000d0011e3c00'
Event: 1869.288 Thread 0x0000000120f0bc20 Unloading class 0x000000d0011e3800 'java/lang/invoke/LambdaForm$MH+0x000000d0011e3800'
Event: 1869.288 Thread 0x0000000120f0bc20 Unloading class 0x000000d0011e3400 'java/lang/invoke/LambdaForm$MH+0x000000d0011e3400'
Event: 1869.288 Thread 0x0000000120f0bc20 Unloading class 0x000000d0011e3000 'java/lang/invoke/LambdaForm$MH+0x000000d0011e3000'
Event: 1869.288 Thread 0x0000000120f0bc20 Unloading class 0x000000d0011e2c00 'java/lang/invoke/LambdaForm$MH+0x000000d0011e2c00'
Event: 1869.288 Thread 0x0000000120f0bc20 Unloading class 0x000000d0011e2800 'java/lang/invoke/LambdaForm$MH+0x000000d0011e2800'
Event: 1869.288 Thread 0x0000000120f0bc20 Unloading class 0x000000d0011e2400 'java/lang/invoke/LambdaForm$MH+0x000000d0011e2400'
Event: 1869.288 Thread 0x0000000120f0bc20 Unloading class 0x000000d0011e2000 'java/lang/invoke/LambdaForm$MH+0x000000d0011e2000'
Event: 1869.288 Thread 0x0000000120f0bc20 Unloading class 0x000000d0011e1c00 'java/lang/invoke/LambdaForm$MH+0x000000d0011e1c00'
Event: 1869.288 Thread 0x0000000120f0bc20 Unloading class 0x000000d0011e1800 'java/lang/invoke/LambdaForm$MH+0x000000d0011e1800'
Event: 1869.288 Thread 0x0000000120f0bc20 Unloading class 0x000000d0011e0800 'java/lang/invoke/LambdaForm$MH+0x000000d0011e0800'
Event: 1869.288 Thread 0x0000000120f0bc20 Unloading class 0x000000d0011e0400 'java/lang/invoke/LambdaForm$BMH+0x000000d0011e0400'
Event: 1869.288 Thread 0x0000000120f0bc20 Unloading class 0x000000d001084000 'java/lang/invoke/LambdaForm$DMH+0x000000d001084000'
Event: 1869.288 Thread 0x0000000120f0bc20 Unloading class 0x000000d001036800 'java/lang/invoke/LambdaForm$MH+0x000000d001036800'
Event: 1869.288 Thread 0x0000000120f0bc20 Unloading class 0x000000d001036400 'java/lang/invoke/LambdaForm$MH+0x000000d001036400'
Event: 1869.288 Thread 0x0000000120f0bc20 Unloading class 0x000000d001034000 'java/lang/invoke/LambdaForm$MH+0x000000d001034000'

Classes redefined (0 events):
No events

Internal exceptions (20 events):
Event: 1892.231 Thread 0x000000013fbabc00 Exception <a 'sun/nio/fs/UnixException'{0x00000007d90cbf80}> (0x00000007d90cbf80) 
thrown [src/hotspot/share/prims/jni.cpp, line 516]
Event: 1892.310 Thread 0x000000013ecc9a00 Exception <a 'sun/nio/fs/UnixException'{0x00000007da3861b0}> (0x00000007da3861b0) 
thrown [src/hotspot/share/prims/jni.cpp, line 516]
Event: 1892.310 Thread 0x000000013ffb1000 Exception <a 'sun/nio/fs/UnixException'{0x00000007da027c08}> (0x00000007da027c08) 
thrown [src/hotspot/share/prims/jni.cpp, line 516]
Event: 1892.310 Thread 0x000000012190b400 Exception <a 'sun/nio/fs/UnixException'{0x00000007da2f6308}> (0x00000007da2f6308) 
thrown [src/hotspot/share/prims/jni.cpp, line 516]
Event: 1892.310 Thread 0x000000013ffb1600 Exception <a 'sun/nio/fs/UnixException'{0x00000007da252100}> (0x00000007da252100) 
thrown [src/hotspot/share/prims/jni.cpp, line 516]
Event: 1892.310 Thread 0x000000013ecce800 Exception <a 'sun/nio/fs/UnixException'{0x00000007da044120}> (0x00000007da044120) 
thrown [src/hotspot/share/prims/jni.cpp, line 516]
Event: 1892.310 Thread 0x000000013ffb0a00 Exception <a 'sun/nio/fs/UnixException'{0x00000007da2a9418}> (0x00000007da2a9418) 
thrown [src/hotspot/share/prims/jni.cpp, line 516]
Event: 1892.310 Thread 0x0000000168ad5600 Exception <a 'sun/nio/fs/UnixException'{0x00000007d8dab058}> (0x00000007d8dab058) 
thrown [src/hotspot/share/prims/jni.cpp, line 516]
Event: 1892.311 Thread 0x000000013ecce800 Exception <a 'sun/nio/fs/UnixException'{0x00000007da047378}> (0x00000007da047378) 
thrown [src/hotspot/share/prims/jni.cpp, line 516]
Event: 1892.611 Thread 0x000000013ac03800 Exception <a 'java/lang/NoSuchMethodError'{0x00000007d8b9b970}: static Lorg/jetbrains/kotlin/daemon/common/LoopbackNetworkInterface$AbstractClientLoopbackSocketFactory;.<clinit>()V> (0x00000007d8b9b970) 
thrown [src/hotspot/share/prims/jni.cpp, line 1112]
Event: 1892.611 Thread 0x000000013ac03800 Exception <a 'java/lang/NoSuchMethodError'{0x00000007d8ba78d8}: static Lorg/jetbrains/kotlin/daemon/common/LoopbackNetworkInterface$ClientLoopbackSocketFactory;.<clinit>()V> (0x00000007d8ba78d8) 
thrown [src/hotspot/share/prims/jni.cpp, line 1112]
Event: 1892.616 Thread 0x000000013ac03800 Exception <a 'java/lang/NoSuchMethodError'{0x00000007d8a3e808}: static [Ljava/rmi/server/ObjID;.<clinit>()V> (0x00000007d8a3e808) 
thrown [src/hotspot/share/prims/jni.cpp, line 1112]
Event: 1892.619 Thread 0x000000013fface00 Exception <a 'java/lang/InterruptedException'{0x00000007d8af0c00}> (0x00000007d8af0c00) 
thrown [src/hotspot/share/runtime/objectMonitor.cpp, line 1658]
Event: 1892.620 Thread 0x000000013fface00 Exception <a 'java/lang/NoSuchMethodError'{0x00000007d8af2060}: 'java.lang.Object java.lang.invoke.DirectMethodHandle$Holder.invokeSpecial(java.lang.Object, java.lang.Object, int, java.lang.Object, long)'> (0x00000007d8af2060) 
thrown [src/hotspot/share/interpreter/linkResolver.cpp, line 759]
Event: 1892.620 Thread 0x000000013fface00 Exception <a 'java/lang/NoSuchMethodError'{0x00000007d8af9510}: 'java.lang.Object java.lang.invoke.DirectMethodHandle$Holder.newInvokeSpecial(java.lang.Object, java.lang.Object, int, java.lang.Object, long)'> (0x00000007d8af9510) 
thrown [src/hotspot/share/interpreter/linkResolver.cpp, line 759]
Event: 1892.631 Thread 0x000000013ac03800 Exception <a 'java/lang/NoSuchMethodError'{0x00000007d89b9150}: static Lorg/jetbrains/kotlin/daemon/common/CompileService$CallResult;.<clinit>()V> (0x00000007d89b9150) 
thrown [src/hotspot/share/prims/jni.cpp, line 1112]
Event: 1892.631 Thread 0x000000013ac03800 Exception <a 'java/lang/NoSuchMethodError'{0x00000007d89c4f18}: static Lorg/jetbrains/kotlin/daemon/common/CompileService$CallResult$Good;.<clinit>()V> (0x00000007d89c4f18) 
thrown [src/hotspot/share/prims/jni.cpp, line 1112]
Event: 1892.631 Thread 0x000000013ac03800 Exception <a 'java/lang/NoSuchMethodError'{0x00000007d89d2970}: static Lorg/jetbrains/kotlin/daemon/common/DaemonJVMOptions;.<clinit>()V> (0x00000007d89d2970) 
thrown [src/hotspot/share/prims/jni.cpp, line 1112]
Event: 1892.634 Thread 0x000000013ac03800 Exception <a 'java/lang/NoSuchMethodError'{0x00000007d89ed3f0}: static Lorg/jetbrains/kotlin/daemon/common/CompileService$CallResult$Ok;.<clinit>()V> (0x00000007d89ed3f0) 
thrown [src/hotspot/share/prims/jni.cpp, line 1112]
Event: 1892.641 Thread 0x000000013ac03800 Exception <a 'java/lang/NoSuchMethodError'{0x00000007d877b308}: static [Ljava/lang/Integer;.<clinit>()V> (0x00000007d877b308) 
thrown [src/hotspot/share/prims/jni.cpp, line 1112]

VM Operations (20 events):
Event: 1890.882 Executing VM operation: HandshakeAllThreads
Event: 1890.882 Executing VM operation: HandshakeAllThreads done
Event: 1891.525 Executing VM operation: HandshakeAllThreads
Event: 1891.526 Executing VM operation: HandshakeAllThreads done
Event: 1891.600 Executing VM operation: ICBufferFull
Event: 1891.600 Executing VM operation: ICBufferFull done
Event: 1891.735 Executing VM operation: G1CollectForAllocation
Event: 1891.743 Executing VM operation: G1CollectForAllocation done
Event: 1891.763 Executing VM operation: G1TryInitiateConcMark
Event: 1891.768 Executing VM operation: G1TryInitiateConcMark done
Event: 1891.966 Executing VM operation: G1PauseRemark
Event: 1892.005 Executing VM operation: G1PauseRemark done
Event: 1892.094 Executing VM operation: G1PauseCleanup
Event: 1892.094 Executing VM operation: G1PauseCleanup done
Event: 1892.229 Executing VM operation: HandshakeAllThreads
Event: 1892.231 Executing VM operation: HandshakeAllThreads done
Event: 1892.594 Executing VM operation: HandshakeAllThreads
Event: 1892.595 Executing VM operation: HandshakeAllThreads done
Event: 1892.626 Executing VM operation: HandshakeAllThreads
Event: 1892.626 Executing VM operation: HandshakeAllThreads done

Memory protections (20 events):
Event: 1887.747 Protecting memory [0x000000032641c000,0x0000000326428000] with protection modes 0
Event: 1887.747 Protecting memory [0x0000000326628000,0x0000000326634000] with protection modes 0
Event: 1887.747 Protecting memory [0x0000000326834000,0x0000000326840000] with protection modes 0
Event: 1887.747 Protecting memory [0x0000000327400000,0x000000032740c000] with protection modes 0
Event: 1887.748 Protecting memory [0x000000032760c000,0x0000000327618000] with protection modes 0
Event: 1887.748 Protecting memory [0x0000000327818000,0x0000000327824000] with protection modes 0
Event: 1887.748 Protecting memory [0x0000000327a24000,0x0000000327a30000] with protection modes 0
Event: 1888.048 Protecting memory [0x0000000321834000,0x0000000321840000] with protection modes 3
Event: 1889.538 Protecting memory [0x0000000311808000,0x0000000311814000] with protection modes 3
Event: 1892.192 Protecting memory [0x0000000311808000,0x0000000311814000] with protection modes 0
Event: 1892.199 Protecting memory [0x0000000321834000,0x0000000321840000] with protection modes 0
Event: 1892.255 Protecting memory [0x000000016e8fc000,0x000000016e908000] with protection modes 0
Event: 1892.256 Protecting memory [0x0000000327c30000,0x0000000327c3c000] with protection modes 0
Event: 1892.577 Protecting memory [0x0000000327c30000,0x0000000327c3c000] with protection modes 3
Event: 1892.612 Protecting memory [0x0000000327c30000,0x0000000327c3c000] with protection modes 0
Event: 1892.614 Protecting memory [0x0000000330004000,0x0000000330010000] with protection modes 0
Event: 1892.616 Protecting memory [0x0000000330210000,0x000000033021c000] with protection modes 0
Event: 1892.639 Protecting memory [0x000000033041c000,0x0000000330428000] with protection modes 0
Event: 1892.639 Protecting memory [0x0000000330628000,0x0000000330634000] with protection modes 0
Event: 1892.655 Protecting memory [0x0000000330834000,0x0000000330840000] with protection modes 0

Nmethod flushes (20 events):
Event: 1892.284 Thread 0x0000000121039400 flushing  nmethod 0x00000001126d5d10
Event: 1892.284 Thread 0x0000000121039400 flushing  nmethod 0x00000001126e2a10
Event: 1892.284 Thread 0x0000000121039400 flushing  nmethod 0x00000001126e3210
Event: 1892.284 Thread 0x0000000121039400 flushing  nmethod 0x00000001126ed290
Event: 1892.284 Thread 0x0000000121039400 flushing  nmethod 0x00000001126ed910
Event: 1892.284 Thread 0x0000000121039400 flushing  nmethod 0x00000001126edd90
Event: 1892.284 Thread 0x0000000121039400 flushing  nmethod 0x00000001126eec90
Event: 1892.284 Thread 0x0000000121039400 flushing  nmethod 0x00000001126efc90
Event: 1892.284 Thread 0x0000000121039400 flushing  nmethod 0x00000001126f1790
Event: 1892.284 Thread 0x0000000121039400 flushing  nmethod 0x00000001126f7e10
Event: 1892.284 Thread 0x0000000121039400 flushing  nmethod 0x00000001126f8e90
Event: 1892.284 Thread 0x0000000121039400 flushing  nmethod 0x00000001126f9290
Event: 1892.284 Thread 0x0000000121039400 flushing  nmethod 0x00000001126f9b10
Event: 1892.284 Thread 0x0000000121039400 flushing  nmethod 0x00000001126fe210
Event: 1892.284 Thread 0x0000000121039400 flushing  nmethod 0x00000001126feb10
Event: 1892.285 Thread 0x0000000121039400 flushing  nmethod 0x0000000112750c90
Event: 1892.285 Thread 0x0000000121039400 flushing  nmethod 0x00000001127a2890
Event: 1892.285 Thread 0x0000000121039400 flushing  nmethod 0x00000001127c2790
Event: 1892.285 Thread 0x0000000121039400 flushing  nmethod 0x00000001127cc210
Event: 1892.285 Thread 0x0000000121039400 flushing  nmethod 0x00000001127ccb90

Events (20 events):
Event: 1887.747 Thread 0x0000000121973e00 Thread added: 0x000000013a87f400
Event: 1887.747 Thread 0x000000013a87f400 Thread added: 0x0000000121972000
Event: 1887.747 Thread 0x0000000121972000 Thread added: 0x0000000121047800
Event: 1887.747 Thread 0x0000000121047800 Thread added: 0x000000013b815c00
Event: 1887.748 Thread 0x000000013b815c00 Thread added: 0x0000000168c9ee00
Event: 1887.748 Thread 0x0000000168c9ee00 Thread added: 0x000000013ac05a00
Event: 1887.748 Thread 0x000000013ac05a00 Thread added: 0x000000013ad0fc00
Event: 1888.048 Thread 0x000000013f518c00 Thread exited: 0x000000013f518c00
Event: 1889.538 Thread 0x000000013ac4fe00 Thread exited: 0x000000013ac4fe00
Event: 1892.192 Thread 0x000000013abd9c00 Thread added: 0x000000013ecc9a00
Event: 1892.199 Thread 0x000000013ffb1000 Thread added: 0x000000013ecce800
Event: 1892.255 Thread 0x000000013ac03800 Thread added: 0x000000013f1f5600
Event: 1892.256 Thread 0x000000013ac03800 Thread added: 0x000000013aff9200
Event: 1892.577 Thread 0x000000013aff9200 Thread exited: 0x000000013aff9200
Event: 1892.612 Thread 0x000000013ac03800 Thread added: 0x000000013d29ca00
Event: 1892.614 Thread 0x000000013ac03800 Thread added: 0x000000013fface00
Event: 1892.616 Thread 0x000000013ac03800 Thread added: 0x000000013ffac600
Event: 1892.639 Thread 0x000000013ac03800 Thread added: 0x000000013d7c5600
Event: 1892.639 Thread 0x000000013ac03800 Thread added: 0x000000013ad2ae00
Event: 1892.655 Thread 0x000000013d7c5600 Thread added: 0x000000013aff9200


Dynamic libraries:
0x0000000102908000 	/Users/mathewmalyil/Library/Java/JavaVirtualMachines/ms-17.0.15/Contents/Home/lib/libjli.dylib
0x00000001b879a000 	/System/Library/Frameworks/Cocoa.framework/Versions/A/Cocoa
0x000000019ff61000 	/System/Library/Frameworks/AppKit.framework/Versions/C/AppKit
0x00000001a3250000 	/System/Library/Frameworks/CoreData.framework/Versions/A/CoreData
0x000000019d5e9000 	/System/Library/Frameworks/Foundation.framework/Versions/C/Foundation
0x00000001aa1cd000 	/usr/lib/libSystem.B.dylib
0x00000001a13f3000 	/System/Library/PrivateFrameworks/UIFoundation.framework/Versions/A/UIFoundation
0x000000024a503000 	/System/Library/PrivateFrameworks/CollectionViewCore.framework/Versions/A/CollectionViewCore
0x00000001b17c0000 	/System/Library/PrivateFrameworks/RemoteViewServices.framework/Versions/A/RemoteViewServices
0x00000001a7d61000 	/System/Library/PrivateFrameworks/XCTTargetBootstrap.framework/Versions/A/XCTTargetBootstrap
0x00000001ac997000 	/System/Library/PrivateFrameworks/InternationalSupport.framework/Versions/A/InternationalSupport
0x00000001accee000 	/System/Library/PrivateFrameworks/UserActivity.framework/Versions/A/UserActivity
0x0000000278f73000 	/System/Library/PrivateFrameworks/UIIntelligenceSupport.framework/Versions/A/UIIntelligenceSupport
0x0000000202ee9000 	/System/Library/Frameworks/SwiftUICore.framework/Versions/A/SwiftUICore
0x000000027dfec000 	/System/Library/PrivateFrameworks/WritingTools.framework/Versions/A/WritingTools
0x000000027d034000 	/System/Library/PrivateFrameworks/WindowManagement.framework/Versions/A/WindowManagement
0x000000019d24d000 	/System/Library/Frameworks/SystemConfiguration.framework/Versions/A/SystemConfiguration
0x00000001abdfb000 	/usr/lib/libspindump.dylib
0x00000001a15a5000 	/System/Library/Frameworks/UniformTypeIdentifiers.framework/Versions/A/UniformTypeIdentifiers
0x00000001a95bf000 	/usr/lib/libbsm.0.dylib
0x00000001a57e4000 	/usr/lib/libapp_launch_measurement.dylib
0x00000001a4b8d000 	/System/Library/PrivateFrameworks/CoreAnalytics.framework/Versions/A/CoreAnalytics
0x00000001a57e8000 	/System/Library/PrivateFrameworks/CoreAutoLayout.framework/Versions/A/CoreAutoLayout
0x00000001a737b000 	/System/Library/Frameworks/Metal.framework/Versions/A/Metal
0x00000001a859f000 	/usr/lib/liblangid.dylib
0x00000001a7d67000 	/System/Library/PrivateFrameworks/CoreSVG.framework/Versions/A/CoreSVG
0x00000001a1fcb000 	/System/Library/PrivateFrameworks/SkyLight.framework/Versions/A/SkyLight
0x00000001a24f1000 	/System/Library/Frameworks/CoreGraphics.framework/Versions/A/CoreGraphics
0x00000001b1e9f000 	/System/Library/Frameworks/Accelerate.framework/Versions/A/Accelerate
0x00000001abc3e000 	/System/Library/PrivateFrameworks/IconServices.framework/Versions/A/IconServices
0x00000001a7358000 	/System/Library/Frameworks/IOSurface.framework/Versions/A/IOSurface
0x00000001a4bbe000 	/usr/lib/libDiagnosticMessagesClient.dylib
0x00000001aa117000 	/usr/lib/libz.1.dylib
0x00000001b5db2000 	/System/Library/Frameworks/ApplicationServices.framework/Versions/A/ApplicationServices
0x00000001a7d4c000 	/System/Library/PrivateFrameworks/DFRFoundation.framework/Versions/A/DFRFoundation
0x000000019f7c6000 	/usr/lib/libicucore.A.dylib
0x00000001add75000 	/System/Library/Frameworks/AudioToolbox.framework/Versions/A/AudioToolbox
0x00000001acc9f000 	/System/Library/PrivateFrameworks/DataDetectorsCore.framework/Versions/A/DataDetectorsCore
0x00000001c8d09000 	/System/Library/PrivateFrameworks/TextInput.framework/Versions/A/TextInput
0x00000001a1f16000 	/usr/lib/libMobileGestalt.dylib
0x00000001a7a45000 	/System/Library/Frameworks/Carbon.framework/Versions/A/Frameworks/HIToolbox.framework/Versions/A/HIToolbox
0x00000001a50c5000 	/System/Library/Frameworks/QuartzCore.framework/Versions/A/QuartzCore
0x000000019f3bb000 	/System/Library/Frameworks/Security.framework/Versions/A/Security
0x00000001b17fc000 	/System/Library/Frameworks/Carbon.framework/Versions/A/Frameworks/SpeechRecognition.framework/Versions/A/SpeechRecognition
0x00000001a54eb000 	/System/Library/PrivateFrameworks/CoreUI.framework/Versions/A/CoreUI
0x000000019ec86000 	/System/Library/Frameworks/CoreAudio.framework/Versions/A/CoreAudio
0x00000001a4cac000 	/System/Library/Frameworks/DiskArbitration.framework/Versions/A/DiskArbitration
0x00000001ac264000 	/System/Library/PrivateFrameworks/MultitouchSupport.framework/Versions/A/MultitouchSupport
0x00000001a1f14000 	/usr/lib/libenergytrace.dylib
0x00000001bd0af000 	/System/Library/PrivateFrameworks/RenderBox.framework/Versions/A/RenderBox
0x000000019fe11000 	/System/Library/Frameworks/IOKit.framework/Versions/A/IOKit
0x00000001b1bf3000 	/System/Library/Frameworks/CoreServices.framework/Versions/A/CoreServices
0x00000001a5775000 	/System/Library/PrivateFrameworks/PerformanceAnalysis.framework/Versions/A/PerformanceAnalysis
0x00000001fc8b9000 	/System/Library/Frameworks/OpenGL.framework/Versions/A/OpenGL
0x00000001a5832000 	/usr/lib/libxml2.2.dylib
0x00000001a94a3000 	/System/Library/PrivateFrameworks/MobileKeyBag.framework/Versions/A/MobileKeyBag
0x000000019bb90000 	/usr/lib/libobjc.A.dylib
0x000000019be9d000 	/usr/lib/libc++.1.dylib
0x00000001b1b74000 	/System/Library/Frameworks/Accessibility.framework/Versions/A/Accessibility
0x00000001a2c21000 	/System/Library/Frameworks/ColorSync.framework/Versions/A/ColorSync
0x000000019bff9000 	/System/Library/Frameworks/CoreFoundation.framework/Versions/A/CoreFoundation
0x00000001a8121000 	/System/Library/Frameworks/CoreImage.framework/Versions/A/CoreImage
0x000000019ea67000 	/System/Library/Frameworks/CoreText.framework/Versions/A/CoreText
0x00000001fddfe000 	/System/Library/Frameworks/CoreTransferable.framework/Versions/A/CoreTransferable
0x00000001fe382000 	/System/Library/Frameworks/DataDetection.framework/Versions/A/DataDetection
0x00000001fe385000 	/System/Library/Frameworks/DeveloperToolsSupport.framework/Versions/A/DeveloperToolsSupport
0x00000001a7da2000 	/System/Library/Frameworks/ImageIO.framework/Versions/A/ImageIO
0x0000000203aac000 	/System/Library/Frameworks/Symbols.framework/Versions/A/Symbols
0x00000001f00c8000 	/System/Library/PrivateFrameworks/FeatureFlags.framework/Versions/A/FeatureFlags
0x00000001aa1d2000 	/System/Library/PrivateFrameworks/SoftLinking.framework/Versions/A/SoftLinking
0x00000001db9dc000 	/usr/lib/swift/libswiftAccelerate.dylib
0x00000001ad70a000 	/usr/lib/swift/libswiftCore.dylib
0x00000001c53b2000 	/usr/lib/swift/libswiftCoreFoundation.dylib
0x00000001c540c000 	/usr/lib/swift/libswiftCoreImage.dylib
0x00000001c27c6000 	/usr/lib/swift/libswiftDarwin.dylib
0x0000000284c01000 	/usr/lib/swift/libswiftDataDetection.dylib
0x00000001b36eb000 	/usr/lib/swift/libswiftDispatch.dylib
0x00000001c540d000 	/usr/lib/swift/libswiftIOKit.dylib
0x00000001d1f63000 	/usr/lib/swift/libswiftMetal.dylib
0x00000001e0f39000 	/usr/lib/swift/libswiftOSLog.dylib
0x00000001b6358000 	/usr/lib/swift/libswiftObjectiveC.dylib
0x0000000284c2e000 	/usr/lib/swift/libswiftObservation.dylib
0x00000001d738a000 	/usr/lib/swift/libswiftQuartzCore.dylib
0x00000001db9cd000 	/usr/lib/swift/libswiftUniformTypeIdentifiers.dylib
0x00000001c53c4000 	/usr/lib/swift/libswiftXPC.dylib
0x0000000284d14000 	/usr/lib/swift/libswift_Builtin_float.dylib
0x0000000284d17000 	/usr/lib/swift/libswift_Concurrency.dylib
0x0000000284e76000 	/usr/lib/swift/libswift_StringProcessing.dylib
0x0000000284f09000 	/usr/lib/swift/libswift_errno.dylib
0x0000000284f0b000 	/usr/lib/swift/libswift_math.dylib
0x0000000284f0e000 	/usr/lib/swift/libswift_signal.dylib
0x0000000284f0f000 	/usr/lib/swift/libswift_stdio.dylib
0x0000000284f10000 	/usr/lib/swift/libswift_time.dylib
0x00000001b635c000 	/usr/lib/swift/libswiftos.dylib
0x00000001c8c60000 	/usr/lib/swift/libswiftsimd.dylib
0x0000000284f11000 	/usr/lib/swift/libswiftsys_time.dylib
0x0000000284f12000 	/usr/lib/swift/libswiftunistd.dylib
0x00000001aa3fa000 	/usr/lib/libcompression.dylib
0x00000001ac8f7000 	/System/Library/PrivateFrameworks/TextureIO.framework/Versions/A/TextureIO
0x00000001ab8dd000 	/usr/lib/libate.dylib
0x00000001aa1c7000 	/usr/lib/system/libcache.dylib
0x00000001aa182000 	/usr/lib/system/libcommonCrypto.dylib
0x00000001aa1ad000 	/usr/lib/system/libcompiler_rt.dylib
0x00000001aa1a2000 	/usr/lib/system/libcopyfile.dylib
0x000000019bceb000 	/usr/lib/system/libcorecrypto.dylib
0x000000019bdd1000 	/usr/lib/system/libdispatch.dylib
0x000000019bf91000 	/usr/lib/system/libdyld.dylib
0x00000001aa1bd000 	/usr/lib/system/libkeymgr.dylib
0x00000001aa165000 	/usr/lib/system/libmacho.dylib
0x00000001a9598000 	/usr/lib/system/libquarantine.dylib
0x00000001aa1ba000 	/usr/lib/system/libremovefile.dylib
0x00000001a1f90000 	/usr/lib/system/libsystem_asl.dylib
0x000000019bc80000 	/usr/lib/system/libsystem_blocks.dylib
0x000000019be1b000 	/usr/lib/system/libsystem_c.dylib
0x00000001aa1b1000 	/usr/lib/system/libsystem_collections.dylib
0x00000001a858c000 	/usr/lib/system/libsystem_configuration.dylib
0x00000001a7327000 	/usr/lib/system/libsystem_containermanager.dylib
0x00000001a9ca8000 	/usr/lib/system/libsystem_coreservices.dylib
0x000000019fa92000 	/usr/lib/system/libsystem_darwin.dylib
0x0000000285049000 	/usr/lib/system/libsystem_darwindirectory.dylib
0x00000001aa1be000 	/usr/lib/system/libsystem_dnssd.dylib
0x000000028504d000 	/usr/lib/system/libsystem_eligibility.dylib
0x000000019be18000 	/usr/lib/system/libsystem_featureflags.dylib
0x000000019bfc9000 	/usr/lib/system/libsystem_info.dylib
0x00000001aa126000 	/usr/lib/system/libsystem_m.dylib
0x000000019bd8a000 	/usr/lib/system/libsystem_malloc.dylib
0x00000001a1ef9000 	/usr/lib/system/libsystem_networkextension.dylib
0x000000019fef4000 	/usr/lib/system/libsystem_notify.dylib
0x00000001a8591000 	/usr/lib/system/libsystem_sandbox.dylib
0x0000000285055000 	/usr/lib/system/libsystem_sanitizers.dylib
0x00000001aa1b6000 	/usr/lib/system/libsystem_secinit.dylib
0x000000019bf48000 	/usr/lib/system/libsystem_kernel.dylib
0x000000019bfc1000 	/usr/lib/system/libsystem_platform.dylib
0x000000019bf84000 	/usr/lib/system/libsystem_pthread.dylib
0x00000001a3aea000 	/usr/lib/system/libsystem_symptoms.dylib
0x000000019bccf000 	/usr/lib/system/libsystem_trace.dylib
0x00000001aa190000 	/usr/lib/system/libunwind.dylib
0x000000019bc84000 	/usr/lib/system/libxpc.dylib
0x000000019bf2a000 	/usr/lib/libc++abi.dylib
0x0000000283c21000 	/usr/lib/libRosetta.dylib
0x000000019fd90000 	/System/Library/PrivateFrameworks/CoreServicesInternal.framework/Versions/A/CoreServicesInternal
0x00000001aa19a000 	/usr/lib/liboah.dylib
0x00000001aa1cf000 	/usr/lib/libfakelink.dylib
0x00000001b5865000 	/System/Library/PrivateFrameworks/DiskImages.framework/Versions/A/DiskImages
0x00000001c22ef000 	/System/Library/Frameworks/NetFS.framework/Versions/A/NetFS
0x00000001a1b2e000 	/System/Library/Frameworks/CFNetwork.framework/Versions/A/CFNetwork
0x00000001a57ac000 	/System/Library/Frameworks/CoreServices.framework/Versions/A/Frameworks/FSEvents.framework/Versions/A/FSEvents
0x000000019fa9d000 	/System/Library/Frameworks/CoreServices.framework/Versions/A/Frameworks/CarbonCore.framework/Versions/A/CarbonCore
0x00000001a4c21000 	/System/Library/Frameworks/CoreServices.framework/Versions/A/Frameworks/Metadata.framework/Versions/A/Metadata
0x00000001a9caf000 	/System/Library/Frameworks/CoreServices.framework/Versions/A/Frameworks/OSServices.framework/Versions/A/OSServices
0x00000001aa31c000 	/System/Library/Frameworks/CoreServices.framework/Versions/A/Frameworks/SearchKit.framework/Versions/A/SearchKit
0x00000001a3a65000 	/System/Library/Frameworks/CoreServices.framework/Versions/A/Frameworks/AE.framework/Versions/A/AE
0x000000019c538000 	/System/Library/Frameworks/CoreServices.framework/Versions/A/Frameworks/LaunchServices.framework/Versions/A/LaunchServices
0x00000001ab732000 	/System/Library/Frameworks/CoreServices.framework/Versions/A/Frameworks/DictionaryServices.framework/Versions/A/DictionaryServices
0x00000001a57ba000 	/System/Library/Frameworks/CoreServices.framework/Versions/A/Frameworks/SharedFileList.framework/Versions/A/SharedFileList
0x00000001aa3b1000 	/usr/lib/libapple_nghttp2.dylib
0x00000001a36c6000 	/usr/lib/libsqlite3.dylib
0x00000001ae3ed000 	/System/Library/Frameworks/GSS.framework/Versions/A/GSS
0x00000001a39fc000 	/System/Library/PrivateFrameworks/RunningBoardServices.framework/Versions/A/RunningBoardServices
0x00000001a3af3000 	/System/Library/Frameworks/Network.framework/Versions/A/Network
0x00000001aa169000 	/usr/lib/system/libkxld.dylib
0x00000002460bd000 	/System/Library/PrivateFrameworks/AppleKeyStore.framework/Versions/A/AppleKeyStore
0x0000000283a79000 	/usr/lib/libCoreEntitlements.dylib
0x00000002614f9000 	/System/Library/PrivateFrameworks/MessageSecurity.framework/Versions/A/MessageSecurity
0x00000001a36ab000 	/System/Library/PrivateFrameworks/ProtocolBuffer.framework/Versions/A/ProtocolBuffer
0x00000001a9c8f000 	/System/Library/PrivateFrameworks/AppleFSCompression.framework/Versions/A/AppleFSCompression
0x00000001a95a7000 	/usr/lib/libcoretls.dylib
0x00000001ab7a8000 	/usr/lib/libcoretls_cfhelpers.dylib
0x00000001aa3f4000 	/usr/lib/libpam.2.dylib
0x00000001ab81c000 	/usr/lib/libxar.1.dylib
0x00000001aa224000 	/usr/lib/libarchive.2.dylib
0x00000001afaef000 	/System/Library/Frameworks/Combine.framework/Versions/A/Combine
0x000000024a527000 	/System/Library/PrivateFrameworks/CollectionsInternal.framework/Versions/A/CollectionsInternal
0x000000026a520000 	/System/Library/PrivateFrameworks/ReflectionInternal.framework/Versions/A/ReflectionInternal
0x000000026b1f2000 	/System/Library/PrivateFrameworks/RuntimeInternal.framework/Versions/A/RuntimeInternal
0x0000000284ca5000 	/usr/lib/swift/libswiftSystem.dylib
0x00000001a859a000 	/System/Library/PrivateFrameworks/AppleSystemInfo.framework/Versions/A/AppleSystemInfo
0x00000001c529d000 	/System/Library/PrivateFrameworks/LoggingSupport.framework/Versions/A/LoggingSupport
0x00000001b2bac000 	/System/Library/PrivateFrameworks/PowerLog.framework/Versions/A/PowerLog
0x0000000202dae000 	/System/Library/Frameworks/SwiftData.framework/Versions/A/SwiftData
0x00000001a59bd000 	/System/Library/PrivateFrameworks/UserManagement.framework/Versions/A/UserManagement
0x00000001a1a5c000 	/usr/lib/libboringssl.dylib
0x00000001a3ad9000 	/usr/lib/libdns_services.dylib
0x00000001c4451000 	/usr/lib/libquic.dylib
0x00000001ad699000 	/usr/lib/libusrtcp.dylib
0x00000001e8da3000 	/System/Library/PrivateFrameworks/InternalSwiftProtobuf.framework/Versions/A/InternalSwiftProtobuf
0x0000000284c02000 	/usr/lib/swift/libswiftDistributed.dylib
0x0000000284c9b000 	/usr/lib/swift/libswiftSynchronization.dylib
0x00000001a1b2d000 	/usr/lib/libnetwork.dylib
0x00000001d5fc9000 	/System/Library/PrivateFrameworks/OSAnalytics.framework/Versions/A/OSAnalytics
0x00000001aa38c000 	/System/Library/PrivateFrameworks/AppleSauce.framework/Versions/A/AppleSauce
0x00000001b3e81000 	/System/Library/PrivateFrameworks/CoreSymbolication.framework/Versions/A/CoreSymbolication
0x00000001e4a6f000 	/System/Library/PrivateFrameworks/Symbolication.framework/Versions/A/Symbolication
0x00000001b3e5d000 	/System/Library/PrivateFrameworks/DebugSymbols.framework/Versions/A/DebugSymbols
0x0000000283944000 	/usr/lib/libAppleArchive.dylib
0x00000001a9c9b000 	/usr/lib/libbz2.1.0.dylib
0x00000001ab789000 	/usr/lib/liblzma.5.dylib
0x00000001a9297000 	/System/Library/PrivateFrameworks/IOMobileFramebuffer.framework/Versions/A/IOMobileFramebuffer
0x00000001c5326000 	/System/Library/PrivateFrameworks/MallocStackLogging.framework/Versions/A/MallocStackLogging
0x00000001ab977000 	/System/Library/PrivateFrameworks/CrashReporterSupport.framework/Versions/A/CrashReporterSupport
0x000000019d044000 	/System/Library/PrivateFrameworks/Lexicon.framework/Versions/A/Lexicon
0x0000000259849000 	/System/Library/PrivateFrameworks/IO80211.framework/Versions/A/IO80211
0x00000001b3983000 	/System/Library/PrivateFrameworks/FrontBoardServices.framework/Versions/A/FrontBoardServices
0x00000001a94cf000 	/System/Library/Frameworks/SecurityFoundation.framework/Versions/A/SecurityFoundation
0x00000001a9631000 	/usr/lib/libgermantok.dylib
0x00000001a86be000 	/System/Library/PrivateFrameworks/LinguisticData.framework/Versions/A/LinguisticData
0x00000001a3917000 	/System/Library/PrivateFrameworks/BaseBoard.framework/Versions/A/BaseBoard
0x00000001b3a50000 	/System/Library/PrivateFrameworks/BoardServices.framework/Versions/A/BoardServices
0x00000001a94c0000 	/System/Library/PrivateFrameworks/AssertionServices.framework/Versions/A/AssertionServices
0x00000001b56a0000 	/System/Library/PrivateFrameworks/BackBoardServices.framework/Versions/A/BackBoardServices
0x00000001a7772000 	/System/Library/PrivateFrameworks/FontServices.framework/libFontParser.dylib
0x00000001a1fa8000 	/System/Library/PrivateFrameworks/TCC.framework/Versions/A/TCC
0x00000001b923b000 	/System/Library/PrivateFrameworks/IOSurfaceAccelerator.framework/Versions/A/IOSurfaceAccelerator
0x00000001ac262000 	/System/Library/PrivateFrameworks/WatchdogClient.framework/Versions/A/WatchdogClient
0x000000019e58e000 	/System/Library/Frameworks/CoreDisplay.framework/Versions/A/CoreDisplay
0x00000001a7616000 	/System/Library/Frameworks/CoreMedia.framework/Versions/A/CoreMedia
0x00000001a7371000 	/System/Library/PrivateFrameworks/IOAccelerator.framework/Versions/A/IOAccelerator
0x00000001a591c000 	/System/Library/Frameworks/CoreVideo.framework/Versions/A/CoreVideo
0x00000001aa3f2000 	/System/Library/Frameworks/MetalPerformanceShaders.framework/Versions/A/MetalPerformanceShaders
0x0000000269871000 	/System/Library/PrivateFrameworks/ProDisplayLibrary.framework/Versions/A/ProDisplayLibrary
0x00000001ac2aa000 	/System/Library/Frameworks/VideoToolbox.framework/Versions/A/VideoToolbox
0x00000001a8598000 	/System/Library/PrivateFrameworks/AggregateDictionary.framework/Versions/A/AggregateDictionary
0x00000001ab7aa000 	/System/Library/PrivateFrameworks/APFS.framework/Versions/A/APFS
0x00000001ab82b000 	/usr/lib/libutil.dylib
0x0000000274730000 	/System/Library/PrivateFrameworks/SwiftASN1Internal.framework/Versions/A/SwiftASN1Internal
0x00000001a4cb5000 	/System/Library/Frameworks/Accelerate.framework/Versions/A/Frameworks/vImage.framework/Versions/A/vImage
0x00000001b1bce000 	/System/Library/Frameworks/Accelerate.framework/Versions/A/Frameworks/vecLib.framework/Versions/A/vecLib
0x00000001ab863000 	/System/Library/Frameworks/Accelerate.framework/Versions/A/Frameworks/vecLib.framework/Versions/A/libvMisc.dylib
0x000000019c9b0000 	/System/Library/Frameworks/Accelerate.framework/Versions/A/Frameworks/vecLib.framework/Versions/A/libBLAS.dylib
0x00000001adfc4000 	/System/Library/Frameworks/ApplicationServices.framework/Versions/A/Frameworks/ATS.framework/Versions/A/ATS
0x00000001a2dd7000 	/System/Library/Frameworks/ApplicationServices.framework/Versions/A/Frameworks/HIServices.framework/Versions/A/HIServices
0x00000001ac880000 	/System/Library/Frameworks/ApplicationServices.framework/Versions/A/Frameworks/PrintCore.framework/Versions/A/PrintCore
0x00000001ae3b7000 	/System/Library/Frameworks/ApplicationServices.framework/Versions/A/Frameworks/QD.framework/Versions/A/QD
0x00000001ae3ae000 	/System/Library/Frameworks/ApplicationServices.framework/Versions/A/Frameworks/ColorSyncLegacy.framework/Versions/A/ColorSyncLegacy
0x00000001adf96000 	/System/Library/Frameworks/ApplicationServices.framework/Versions/A/Frameworks/SpeechSynthesis.framework/Versions/A/SpeechSynthesis
0x00000001a9264000 	/System/Library/PrivateFrameworks/CoreEmoji.framework/Versions/A/CoreEmoji
0x0000000250922000 	/System/Library/PrivateFrameworks/FontServices.framework/Versions/A/FontServices
0x00000001abdb0000 	/System/Library/PrivateFrameworks/OTSVG.framework/Versions/A/OTSVG
0x00000001a5499000 	/System/Library/Frameworks/ApplicationServices.framework/Versions/A/Frameworks/ATS.framework/Versions/A/Resources/libFontRegistry.dylib
0x0000000284005000 	/usr/lib/libhvf.dylib
0x000000026577f000 	/System/Library/PrivateFrameworks/ParsingInternal.framework/Versions/A/ParsingInternal
0x0000000284c4b000 	/usr/lib/swift/libswiftRegexBuilder.dylib
0x0000000284dd3000 	/usr/lib/swift/libswift_RegexParser.dylib
0x00000001ac12b000 	/System/Library/PrivateFrameworks/AppleJPEG.framework/Versions/A/AppleJPEG
0x00000001abbcc000 	/usr/lib/libexpat.1.dylib
0x00000001ac756000 	/System/Library/Frameworks/ImageIO.framework/Versions/A/Resources/libPng.dylib
0x00000001ac781000 	/System/Library/Frameworks/ImageIO.framework/Versions/A/Resources/libTIFF.dylib
0x00000001ac86b000 	/System/Library/Frameworks/ImageIO.framework/Versions/A/Resources/libGIF.dylib
0x00000001ac171000 	/System/Library/Frameworks/ImageIO.framework/Versions/A/Resources/libJP2.dylib
0x00000001ac812000 	/System/Library/Frameworks/ImageIO.framework/Versions/A/Resources/libJPEG.dylib
0x00000001ac809000 	/System/Library/Frameworks/ImageIO.framework/Versions/A/Resources/libRadiance.dylib
0x00000002555f0000 	/System/Library/PrivateFrameworks/GPUCompiler.framework/Versions/32023/Libraries/libllvm-flatbuffers.dylib
0x00000002509ed000 	/System/Library/PrivateFrameworks/FramePacing.framework/Versions/A/FramePacing
0x00000001fc8ab000 	/System/Library/Frameworks/OpenGL.framework/Versions/A/Libraries/libCoreFSCache.dylib
0x0000000251562000 	/System/Library/PrivateFrameworks/GPUCompiler.framework/Versions/32023/Libraries/libGPUCompilerUtils.dylib
0x0000000250923000 	/System/Library/PrivateFrameworks/FontServices.framework/libXTFontStaticRegistryData.dylib
0x00000001b74a1000 	/System/Library/PrivateFrameworks/ASEProcessing.framework/Versions/A/ASEProcessing
0x00000002689e0000 	/System/Library/PrivateFrameworks/PhotosensitivityProcessing.framework/Versions/A/PhotosensitivityProcessing
0x00000001abda4000 	/System/Library/PrivateFrameworks/GraphVisualizer.framework/Versions/A/GraphVisualizer
0x00000001fc909000 	/System/Library/Frameworks/OpenGL.framework/Versions/A/Libraries/libGLU.dylib
0x00000001fc8cd000 	/System/Library/Frameworks/OpenGL.framework/Versions/A/Libraries/libGFXShared.dylib
0x00000001fca95000 	/System/Library/Frameworks/OpenGL.framework/Versions/A/Libraries/libGL.dylib
0x00000001fc8d6000 	/System/Library/Frameworks/OpenGL.framework/Versions/A/Libraries/libGLImage.dylib
0x00000001fc8ca000 	/System/Library/Frameworks/OpenGL.framework/Versions/A/Libraries/libCVMSPluginSupport.dylib
0x00000001fc8b3000 	/System/Library/Frameworks/OpenGL.framework/Versions/A/Libraries/libCoreVMClient.dylib
0x00000001a84dc000 	/System/Library/Frameworks/MetalPerformanceShaders.framework/Versions/A/Frameworks/MPSCore.framework/Versions/A/MPSCore
0x00000001a9bfa000 	/System/Library/Frameworks/MetalPerformanceShaders.framework/Versions/A/Frameworks/MPSImage.framework/Versions/A/MPSImage
0x00000001a9649000 	/System/Library/Frameworks/MetalPerformanceShaders.framework/Versions/A/Frameworks/MPSNeuralNetwork.framework/Versions/A/MPSNeuralNetwork
0x00000001a9a80000 	/System/Library/Frameworks/MetalPerformanceShaders.framework/Versions/A/Frameworks/MPSMatrix.framework/Versions/A/MPSMatrix
0x00000001a9895000 	/System/Library/Frameworks/MetalPerformanceShaders.framework/Versions/A/Frameworks/MPSRayIntersector.framework/Versions/A/MPSRayIntersector
0x00000001a9ab2000 	/System/Library/Frameworks/MetalPerformanceShaders.framework/Versions/A/Frameworks/MPSNDArray.framework/Versions/A/MPSNDArray
0x00000002001a0000 	/System/Library/Frameworks/MetalPerformanceShaders.framework/Versions/A/Frameworks/MPSFunctions.framework/Versions/A/MPSFunctions
0x0000000200182000 	/System/Library/Frameworks/MetalPerformanceShaders.framework/Versions/A/Frameworks/MPSBenchmarkLoop.framework/Versions/A/MPSBenchmarkLoop
0x000000019c82b000 	/System/Library/PrivateFrameworks/MetalTools.framework/Versions/A/MetalTools
0x00000001ca006000 	/System/Library/PrivateFrameworks/IOAccelMemoryInfo.framework/Versions/A/IOAccelMemoryInfo
0x00000001d777f000 	/System/Library/PrivateFrameworks/kperf.framework/Versions/A/kperf
0x00000001c538d000 	/System/Library/PrivateFrameworks/GPURawCounter.framework/Versions/A/GPURawCounter
0x00000001ac83d000 	/System/Library/Frameworks/ApplicationServices.framework/Versions/A/Frameworks/ATSUI.framework/Versions/A/ATSUI
0x00000001ae342000 	/usr/lib/libcups.2.dylib
0x00000001ae3dc000 	/System/Library/Frameworks/Kerberos.framework/Versions/A/Kerberos
0x00000001ae042000 	/usr/lib/libresolv.9.dylib
0x00000001aa209000 	/usr/lib/libiconv.2.dylib
0x00000001abe02000 	/System/Library/PrivateFrameworks/Heimdal.framework/Versions/A/Heimdal
0x00000001b62af000 	/System/Library/Frameworks/Kerberos.framework/Versions/A/Libraries/libHeimdalProxy.dylib
0x00000001abbe7000 	/usr/lib/libheimdal-asn1.dylib
0x00000001a577f000 	/System/Library/Frameworks/OpenDirectory.framework/Versions/A/OpenDirectory
0x00000001ae43f000 	/System/Library/PrivateFrameworks/CommonAuth.framework/Versions/A/CommonAuth
0x00000001a578d000 	/System/Library/Frameworks/OpenDirectory.framework/Versions/A/Frameworks/CFOpenDirectory.framework/Versions/A/CFOpenDirectory
0x00000001aa164000 	/usr/lib/libcharset.1.dylib
0x00000001fce31000 	/System/Library/Frameworks/AVFAudio.framework/Versions/A/AVFAudio
0x00000001bea75000 	/System/Library/PrivateFrameworks/AXCoreUtilities.framework/Versions/A/AXCoreUtilities
0x000000025d178000 	/System/Library/PrivateFrameworks/IsolatedCoreAudioClient.framework/Versions/A/IsolatedCoreAudioClient
0x00000001adf7d000 	/usr/lib/libAudioStatistics.dylib
0x00000001a75ee000 	/System/Library/PrivateFrameworks/caulk.framework/Versions/A/caulk
0x000000019e6af000 	/System/Library/PrivateFrameworks/AudioToolboxCore.framework/Versions/A/AudioToolboxCore
0x00000001b85c7000 	/System/Library/Frameworks/CoreMIDI.framework/Versions/A/CoreMIDI
0x00000001adf20000 	/System/Library/PrivateFrameworks/AudioSession.framework/Versions/A/AudioSession
0x00000001af857000 	/System/Library/Frameworks/IOBluetooth.framework/Versions/A/IOBluetooth
0x00000001abcd1000 	/System/Library/PrivateFrameworks/MediaExperience.framework/Versions/A/MediaExperience
0x00000002771eb000 	/System/Library/PrivateFrameworks/Tightbeam.framework/Versions/A/Tightbeam
0x000000024afe4000 	/System/Library/PrivateFrameworks/CoreAudioOrchestration.framework/Versions/A/CoreAudioOrchestration
0x00000001dc09f000 	/System/Library/PrivateFrameworks/AFKUser.framework/Versions/A/AFKUser
0x00000001c5391000 	/usr/lib/swift/libswiftCoreAudio.dylib
0x00000001abdf1000 	/System/Library/PrivateFrameworks/AppServerSupport.framework/Versions/A/AppServerSupport
0x00000001ae3c0000 	/System/Library/PrivateFrameworks/perfdata.framework/Versions/A/perfdata
0x00000001c454a000 	/System/Library/PrivateFrameworks/SystemPolicy.framework/Versions/A/SystemPolicy
0x00000001ae261000 	/usr/lib/libSMC.dylib
0x00000001ac720000 	/usr/lib/libAudioToolboxUtility.dylib
0x00000001ae3ce000 	/usr/lib/libperfcheck.dylib
0x0000000246e7a000 	/System/Library/PrivateFrameworks/AudioAnalytics.framework/Versions/A/AudioAnalytics
0x00000001e8b6a000 	/System/Library/Frameworks/OSLog.framework/Versions/A/OSLog
0x00000001c5358000 	/usr/lib/libmis.dylib
0x00000001add2e000 	/System/Library/PrivateFrameworks/AudioSession.framework/libSessionUtility.dylib
0x00000001ac871000 	/System/Library/PrivateFrameworks/CMCaptureCore.framework/Versions/A/CMCaptureCore
0x00000001fe4d2000 	/System/Library/Frameworks/ExtensionFoundation.framework/Versions/A/ExtensionFoundation
0x00000001b3f8e000 	/System/Library/PrivateFrameworks/CoreTime.framework/Versions/A/CoreTime
0x00000001abacb000 	/System/Library/PrivateFrameworks/PlugInKit.framework/Versions/A/PlugInKit
0x00000001b2ab5000 	/System/Library/Frameworks/CoreBluetooth.framework/Versions/A/CoreBluetooth
0x00000001b62b0000 	/System/Library/Frameworks/AudioUnit.framework/Versions/A/AudioUnit
0x00000001a9328000 	/System/Library/PrivateFrameworks/CoreUtils.framework/Versions/A/CoreUtils
0x000000024df88000 	/System/Library/PrivateFrameworks/CoreUtilsExtras.framework/Versions/A/CoreUtilsExtras
0x00000001b1eef000 	/System/Library/Frameworks/MediaAccessibility.framework/Versions/A/MediaAccessibility
0x00000001cd9a2000 	/System/Library/PrivateFrameworks/AttributeGraph.framework/Versions/A/AttributeGraph
0x00000002838c2000 	/usr/lib/libAXSafeCategoryBundle.dylib
0x00000001beb31000 	/usr/lib/libAccessibility.dylib
0x00000001a9172000 	/System/Library/Frameworks/Accelerate.framework/Versions/A/Frameworks/vecLib.framework/Versions/A/libvDSP.dylib
0x00000001aa4d0000 	/System/Library/Frameworks/Accelerate.framework/Versions/A/Frameworks/vecLib.framework/Versions/A/libLAPACK.dylib
0x00000001a9634000 	/System/Library/Frameworks/Accelerate.framework/Versions/A/Frameworks/vecLib.framework/Versions/A/libLinearAlgebra.dylib
0x00000001aa3cb000 	/System/Library/Frameworks/Accelerate.framework/Versions/A/Frameworks/vecLib.framework/Versions/A/libSparseBLAS.dylib
0x00000001aa4cb000 	/System/Library/Frameworks/Accelerate.framework/Versions/A/Frameworks/vecLib.framework/Versions/A/libQuadrature.dylib
0x00000001a86c5000 	/System/Library/Frameworks/Accelerate.framework/Versions/A/Frameworks/vecLib.framework/Versions/A/libBNNS.dylib
0x000000019d151000 	/System/Library/Frameworks/Accelerate.framework/Versions/A/Frameworks/vecLib.framework/Versions/A/libSparse.dylib
0x000000025e8e9000 	/System/Library/PrivateFrameworks/MIL.framework/Versions/A/MIL
0x00000001ac804000 	/System/Library/PrivateFrameworks/GPUWrangler.framework/Versions/A/GPUWrangler
0x00000001ac7e4000 	/System/Library/PrivateFrameworks/IOPresentment.framework/Versions/A/IOPresentment
0x00000001ac80c000 	/System/Library/PrivateFrameworks/DSExternalDisplay.framework/Versions/A/DSExternalDisplay
0x00000001e8f71000 	/System/Library/PrivateFrameworks/HIDDisplay.framework/Versions/A/HIDDisplay
0x00000001bdd50000 	/System/Library/PrivateFrameworks/HID.framework/Versions/A/HID
0x000000027aa27000 	/System/Library/PrivateFrameworks/VideoToolboxParavirtualizationSupport.framework/Versions/A/VideoToolboxParavirtualizationSupport
0x00000001abb83000 	/System/Library/PrivateFrameworks/AppleVA.framework/Versions/A/AppleVA
0x00000001b3afd000 	/System/Library/PrivateFrameworks/GraphicsServices.framework/Versions/A/GraphicsServices
0x00000001ae5b2000 	/System/Library/PrivateFrameworks/CorePhoneNumbers.framework/Versions/A/CorePhoneNumbers
0x00000001b2c9d000 	/System/Library/PrivateFrameworks/MediaKit.framework/Versions/A/MediaKit
0x00000001b2be8000 	/System/Library/Frameworks/DiscRecording.framework/Versions/A/DiscRecording
0x00000001ae3a1000 	/System/Library/PrivateFrameworks/NetAuth.framework/Versions/A/NetAuth
0x00000001a597d000 	/System/Library/PrivateFrameworks/login.framework/Versions/A/Frameworks/loginsupport.framework/Versions/A/loginsupport
0x00000001abbf1000 	/System/Library/PrivateFrameworks/IconFoundation.framework/Versions/A/IconFoundation
0x00000001ab96e000 	/usr/lib/libIOReport.dylib
0x0000000246a8a000 	/System/Library/PrivateFrameworks/AppleMobileFileIntegrity.framework/Versions/A/AppleMobileFileIntegrity
0x0000000283c84000 	/usr/lib/libTLE.dylib
0x00000001f9907000 	/System/Library/PrivateFrameworks/ConfigProfileHelper.framework/Versions/A/ConfigProfileHelper
0x00000001a95d1000 	/usr/lib/libmecab.dylib
0x000000019d2e1000 	/usr/lib/libCRFSuite.dylib
0x00000001a85a1000 	/System/Library/PrivateFrameworks/CoreNLP.framework/Versions/A/CoreNLP
0x00000001aa384000 	/usr/lib/libThaiTokenizer.dylib
0x00000001a959b000 	/usr/lib/libCheckFix.dylib
0x00000001a4bc0000 	/System/Library/PrivateFrameworks/MetadataUtilities.framework/Versions/A/MetadataUtilities
0x000000025a12b000 	/System/Library/PrivateFrameworks/InstalledContentLibrary.framework/Versions/A/InstalledContentLibrary
0x000000019fdd0000 	/System/Library/PrivateFrameworks/CoreServicesStore.framework/Versions/A/CoreServicesStore
0x00000001d7889000 	/System/Library/PrivateFrameworks/MobileSystemServices.framework/Versions/A/MobileSystemServices
0x00000001ab82f000 	/usr/lib/libxslt.1.dylib
0x00000001a955e000 	/System/Library/PrivateFrameworks/BackgroundTaskManagement.framework/Versions/A/BackgroundTaskManagement
0x00000001b5a23000 	/usr/lib/libcurl.4.dylib
0x0000000283eb8000 	/usr/lib/libcrypto.46.dylib
0x00000002849e0000 	/usr/lib/libssl.48.dylib
0x00000001b56fc000 	/System/Library/Frameworks/LDAP.framework/Versions/A/LDAP
0x00000001b5738000 	/System/Library/PrivateFrameworks/TrustEvaluationAgent.framework/Versions/A/TrustEvaluationAgent
0x00000001ae05f000 	/usr/lib/libsasl2.2.dylib
0x00000001c27c5000 	/usr/lib/swift/libswiftCoreGraphics.dylib
0x00000001b251d000 	/usr/lib/swift/libswiftFoundation.dylib
0x00000001f9391000 	/usr/lib/swift/libswiftSwiftOnoneSupport.dylib
0x00000001e5223000 	/System/Library/PrivateFrameworks/CoreMaterial.framework/Versions/A/CoreMaterial
0x000000026b2e9000 	/System/Library/PrivateFrameworks/SFSymbols.framework/Versions/A/SFSymbols
0x00000001b17e9000 	/System/Library/PrivateFrameworks/SpeechRecognitionCore.framework/Versions/A/SpeechRecognitionCore
0x0000000103b30000 	/Users/mathewmalyil/Library/Java/JavaVirtualMachines/ms-17.0.15/Contents/Home/lib/server/libjvm.dylib
0x0000000102974000 	/Users/mathewmalyil/Library/Java/JavaVirtualMachines/ms-17.0.15/Contents/Home/lib/libjimage.dylib
0x00000001029a8000 	/Users/mathewmalyil/Library/Java/JavaVirtualMachines/ms-17.0.15/Contents/Home/lib/libinstrument.dylib
0x00000001029fc000 	/Users/mathewmalyil/Library/Java/JavaVirtualMachines/ms-17.0.15/Contents/Home/lib/libjava.dylib
0x0000000102a74000 	/Users/mathewmalyil/Library/Java/JavaVirtualMachines/ms-17.0.15/Contents/Home/lib/libzip.dylib
0x0000000103950000 	/Users/mathewmalyil/Library/Java/JavaVirtualMachines/ms-17.0.15/Contents/Home/lib/libnio.dylib
0x0000000103974000 	/Users/mathewmalyil/Library/Java/JavaVirtualMachines/ms-17.0.15/Contents/Home/lib/libnet.dylib
0x000000010399c000 	/Users/mathewmalyil/Library/Java/JavaVirtualMachines/ms-17.0.15/Contents/Home/lib/libverify.dylib
0x00000001029e0000 	/Users/mathewmalyil/.gradle/native/1def1411415f61bf3af743bc5b6707747c0891f09f0c88961ee8f79bc544acac/osx-aarch64/libnative-platform.dylib
0x0000000120a00000 	/Users/mathewmalyil/.gradle/native/0.2.7/aarch64-macos/libgradle-fileevents.dylib
0x00000001039d4000 	/Users/mathewmalyil/Library/Java/JavaVirtualMachines/ms-17.0.15/Contents/Home/lib/libmanagement.dylib
0x0000000103b00000 	/Users/mathewmalyil/Library/Java/JavaVirtualMachines/ms-17.0.15/Contents/Home/lib/libmanagement_ext.dylib
0x0000000103b18000 	/Users/mathewmalyil/Library/Java/JavaVirtualMachines/ms-17.0.15/Contents/Home/lib/libextnet.dylib
0x000000011f660000 	/Users/mathewmalyil/Library/Java/JavaVirtualMachines/ms-17.0.15/Contents/Home/lib/librmi.dylib


VM Arguments:
jvm_args: --add-opens=java.base/java.lang=ALL-UNNAMED --add-opens=java.base/java.lang.invoke=ALL-UNNAMED --add-opens=java.base/java.util=ALL-UNNAMED --add-opens=java.prefs/java.util.prefs=ALL-UNNAMED --add-exports=jdk.compiler/com.sun.tools.javac.api=ALL-UNNAMED --add-exports=jdk.compiler/com.sun.tools.javac.util=ALL-UNNAMED --add-opens=java.base/java.util=ALL-UNNAMED --add-opens=java.prefs/java.util.prefs=ALL-UNNAMED --add-opens=java.base/java.nio.charset=ALL-UNNAMED --add-opens=java.base/java.net=ALL-UNNAMED --add-opens=java.base/java.util.concurrent.atomic=ALL-UNNAMED --add-opens=java.xml/javax.xml.namespace=ALL-UNNAMED --add-opens=jdk.compiler/com.sun.tools.javac.main=ALL-UNNAMED -Xmx2048m -Dfile.encoding=UTF-8 -Duser.country=GB -Duser.language=en -Duser.variant -javaagent:/Users/mathewmalyil/.gradle/wrapper/dists/gradle-8.13-bin/5xuhj0ry160q40clulazy9h7d/gradle-8.13/lib/agents/gradle-instrumentation-agent-8.13.jar 
java_command: org.gradle.launcher.daemon.bootstrap.GradleDaemon 8.13
java_class_path (initial): /Users/mathewmalyil/.gradle/wrapper/dists/gradle-8.13-bin/5xuhj0ry160q40clulazy9h7d/gradle-8.13/lib/gradle-daemon-main-8.13.jar
Launcher Type: SUN_STANDARD

[Global flags]
     intx CICompilerCount                          = 4                                         {product} {ergonomic}
     uint ConcGCThreads                            = 2                                         {product} {ergonomic}
     uint G1ConcRefinementThreads                  = 8                                         {product} {ergonomic}
   size_t G1HeapRegionSize                         = 1048576                                   {product} {ergonomic}
    uintx GCDrainStackTargetSize                   = 64                                        {product} {ergonomic}
   size_t InitialHeapSize                          = 134217728                                 {product} {ergonomic}
   size_t MarkStackSize                            = 4194304                                   {product} {ergonomic}
   size_t MaxHeapSize                              = 2147483648                                {product} {command line}
   size_t MaxNewSize                               = 1287651328                                {product} {ergonomic}
   size_t MinHeapDeltaBytes                        = 1048576                                   {product} {ergonomic}
   size_t MinHeapSize                              = 8388608                                   {product} {ergonomic}
    uintx NonNMethodCodeHeapSize                   = 5839564                                {pd product} {ergonomic}
    uintx NonProfiledCodeHeapSize                  = 122909338                              {pd product} {ergonomic}
    uintx ProfiledCodeHeapSize                     = 122909338                              {pd product} {ergonomic}
    uintx ReservedCodeCacheSize                    = 251658240                              {pd product} {ergonomic}
     bool SegmentedCodeCache                       = true                                      {product} {ergonomic}
   size_t SoftMaxHeapSize                          = 2147483648                             {manageable} {ergonomic}
     bool UseCompressedClassPointers               = true                           {product lp64_product} {ergonomic}
     bool UseCompressedOops                        = true                           {product lp64_product} {ergonomic}
     bool UseG1GC                                  = true                                      {product} {ergonomic}
     bool UseNUMA                                  = false                                     {product} {ergonomic}
     bool UseNUMAInterleaving                      = false                                     {product} {ergonomic}

Logging:
Log output configuration:
 #0: stdout all=warning uptime,level,tags
 #1: stderr all=off uptime,level,tags

Environment Variables:
JAVA_HOME=/Users/mathewmalyil/Library/Java/JavaVirtualMachines/corretto-17.0.15/Contents/Home
PATH=/Users/mathewmalyil/Library/Python/3.9/bin:/Users/mathewmalyil/Library/Android/sdk/emulator:/Users/mathewmalyil/Library/Android/sdk/tools:/Users/mathewmalyil/Library/Android/sdk/tools/bin:/Users/mathewmalyil/Library/Android/sdk/platform-tools:/Users/mathewmalyil/Library/Java/JavaVirtualMachines/corretto-17.0.15/Contents/Home/bin:/usr/local/bin:/System/Cryptexes/App/usr/bin:/usr/bin:/bin:/usr/sbin:/sbin:/var/run/com.apple.security.cryptexd/codex.system/bootstrap/usr/local/bin:/var/run/com.apple.security.cryptexd/codex.system/bootstrap/usr/bin:/var/run/com.apple.security.cryptexd/codex.system/bootstrap/usr/appleinternal/bin
SHELL=/bin/zsh
LC_CTYPE=en_GB.UTF-8
TMPDIR=/var/folders/xl/f9cbvyl17dj8r3s3rd5n4bfh0000gp/T/

Active Locale:
LC_ALL=C
LC_COLLATE=C
LC_CTYPE=C
LC_MESSAGES=C
LC_MONETARY=C
LC_NUMERIC=C
LC_TIME=C

Signal Handlers:
   SIGSEGV: crash_handler in libjvm.dylib, mask=11100110000111110111111111111111, flags=SA_RESTART|SA_SIGINFO, unblocked
    SIGBUS: crash_handler in libjvm.dylib, mask=11100110000111110111111111111111, flags=SA_RESTART|SA_SIGINFO, unblocked
    SIGFPE: crash_handler in libjvm.dylib, mask=11100110000111110111111111111111, flags=SA_RESTART|SA_SIGINFO, unblocked
   SIGPIPE: javaSignalHandler in libjvm.dylib, mask=11100110000111110111111111111111, flags=SA_RESTART|SA_SIGINFO, blocked
   SIGXFSZ: javaSignalHandler in libjvm.dylib, mask=11100110000111110111111111111111, flags=SA_RESTART|SA_SIGINFO, blocked
    SIGILL: crash_handler in libjvm.dylib, mask=11100110000111110111111111111111, flags=SA_RESTART|SA_SIGINFO, unblocked
   SIGUSR2: SR_handler in libjvm.dylib, mask=00000000000000000000000000000000, flags=SA_RESTART|SA_SIGINFO, blocked
    SIGHUP: UserHandler in libjvm.dylib, mask=11100110000111110111111111111111, flags=SA_RESTART|SA_SIGINFO, blocked
    SIGINT: UserHandler in libjvm.dylib, mask=11100110000111110111111111111111, flags=SA_RESTART|SA_SIGINFO, blocked
   SIGTERM: UserHandler in libjvm.dylib, mask=11100110000111110111111111111111, flags=SA_RESTART|SA_SIGINFO, blocked
   SIGQUIT: UserHandler in libjvm.dylib, mask=11100110000111110111111111111111, flags=SA_RESTART|SA_SIGINFO, blocked
   SIGTRAP: crash_handler in libjvm.dylib, mask=11100110000111110111111111111111, flags=SA_RESTART|SA_SIGINFO, unblocked


Periodic native trim disabled


---------------  S Y S T E M  ---------------

OS:
uname: Darwin 24.5.0 Darwin Kernel Version 24.5.0: Tue Apr 22 19:54:26 PDT 2025; root:xnu-11417.121.6~2/RELEASE_ARM64_T8112 arm64
OS uptime: 0 days 0:37 hours
rlimit (soft/hard): STACK 8176k/65520k , CORE 0k/infinity , NPROC 1333/2000 , NOFILE 1048576/infinity , AS infinity/infinity , CPU infinity/infinity , DATA infinity/infinity , FSIZE infinity/infinity , MEMLOCK infinity/infinity , RSS infinity/infinity
load average: 2.94 2.35 2.79

CPU: total 8 (initial active 8) 0x61:0x0:0xda33d83d:0, fp, simd, crc, lse
machdep.cpu.brand_string:Apple M2
hw.cachelinesize:128
hw.l1icachesize:131072
hw.l1dcachesize:65536
hw.l2cachesize:4194304

Memory: 16k page, physical 8388608k(98736k free), swap 2097152k(719424k free)

vm_info: OpenJDK 64-Bit Server VM (17.0.15+6-LTS) for bsd-aarch64 JRE (17.0.15+6-LTS), built on Apr  9 2025 22:12:40 by "MicrosoftCorporation" with clang Apple LLVM 12.0.5 (clang-1205.0.22.9)

END.
